ISO-10303-21;
HEADER;
FILE_DESCRIPTION(('STEP AP242'),'1');
FILE_NAME('691137710004.stp','2026-06-08T10:50:17',('TraceParts'),('TraceParts S.A.S.'),'Spatial InterOp 3D',' ',' ');
FILE_SCHEMA(('AP242_MANAGED_MODEL_BASED_3D_ENGINEERING_MIM_LF  {1 0 10303 442 1 1 4}'));
ENDSEC;
DATA;
#1=MECHANICAL_DESIGN_GEOMETRIC_PRESENTATION_REPRESENTATION(' ',(#13,#14,#15,#16,#17,#18,#19,#20,#21,#22,#23,#24,#25,#26,#27,#28,#29,#30,#31,#32,#33,#34,#35,#36,#37,#38,#39,#40,#41,#42,#43,#44,#45,#46,#47,#48,#49,#50,#51,#52,#53,#54,#55,#56,#57,#58,#59,#60,#61,#62,#63,#64,#65,#66,#67,#68,#69,#70,#71,#72,#73,#74,#75,#76,#77,#78,#79,#80,#81,#82,#83,#84,#85,#86,#87,#88,#89,#90,#91,#92,#93,#94,#95,#96,#97,#98,#99,#100,#101,#102,#103,#104,#105,#106,#107,#108,#109,#110,#111,#112,#113,#114,#115,#116,#117,#118,#119,#120,#121,#122,#123,#124,#125,#126,#127,#128,#129,#130,#131,#132,#133,#134,#135,#136,#137,#138,#139,#140,#141,#142,#143,#144,#145,#146,#147,#148,#149,#150,#151,#152,#153,#154,#155,#156,#157,#158,#159,#160,#161,#162,#163,#164,#165,#166,#167,#168,#169,#170,#171,#172,#173,#174,#175,#176,#177,#178,#179,#180,#181,#182,#183,#184,#185,#186,#187,#188,#189,#190,#191,#192,#193,#194,#195,#196,#197,#198,#199,#200,#201,#202,#203,#204,#205,#206,#207,#208,#209,#210,#211,#212,#213,#214,#215,#216,#217,#218,#219,#220,#221,#222,#223,#224,#225,#226,#227,#228,#229,#230,#231,#232,#233,#234,#235,#236,#237,#238,#239,#240,#241,#242,#243,#244,#245,#246,#247,#248,#249,#250,#251,#252,#253,#254,#255,#256,#257,#258,#259,#260,#261,#262,#263,#264,#265,#266,#267,#268,#269,#270,#271,#272,#273,#274,#275,#276,#277,#278,#279,#280,#281,#282,#283,#284,#285,#286,#287,#288,#289,#290,#291,#292,#293,#294,#295,#296,#297,#298,#299,#300,#301,#302,#303,#304,#305,#306,#307,#308,#309,#310,#311,#312,#313,#314,#315,#316,#317,#318,#319,#320,#321,#322,#323,#324,#325,#326,#327,#328,#329,#330,#331,#332,#333,#334,#335,#336,#337,#338,#339,#340,#341,#342,#343,#344,#345,#346,#347,#348,#349,#350,#351,#352,#353,#354,#355,#356,#357,#358,#359,#360,#361,#362,#363,#364,#365,#366,#367,#368,#369,#370,#371,#372,#373,#374,#375,#376,#377,#378,#379,#380,#381,#382,#383,#384,#385,#386,#387,#388,#389,#390,#391,#392,#393,#394,#395,#396,#397,#398,#399,#400,#401,#402,#403,#404,#405,#406,#407,#408,#409,#410,#411,#412,#413,#414,#415,#416,#417,#418,#419,#420),#9);
#2=PRODUCT_DEFINITION_CONTEXT('',#421,'design');
#3=APPLICATION_PROTOCOL_DEFINITION('INTERNATIONAL STANDARD','ap242_managed_model_based_3d_engineering',2014,#421);
#4=PRODUCT_CATEGORY_RELATIONSHIP('NONE','NONE',#422,#423);
#5=SHAPE_DEFINITION_REPRESENTATION(#424,#425);
#6=SHAPE_DEFINITION_REPRESENTATION(#424,#426);
#7=SHAPE_DEFINITION_REPRESENTATION(#424,#427);
#8=SHAPE_DEFINITION_REPRESENTATION(#424,#428);
#9= (GEOMETRIC_REPRESENTATION_CONTEXT(3)GLOBAL_UNCERTAINTY_ASSIGNED_CONTEXT((#431))GLOBAL_UNIT_ASSIGNED_CONTEXT((#433,#434,#435))REPRESENTATION_CONTEXT('NONE','WORKSPACE'));
#13=STYLED_ITEM('',(#437),#438);
#14=STYLED_ITEM('',(#439),#440);
#15=STYLED_ITEM('',(#441),#442);
#16=STYLED_ITEM('',(#443),#444);
#17=STYLED_ITEM('',(#445),#446);
#18=STYLED_ITEM('',(#447),#448);
#19=STYLED_ITEM('',(#449),#450);
#20=STYLED_ITEM('',(#451),#452);
#21=STYLED_ITEM('',(#453),#454);
#22=STYLED_ITEM('',(#455),#456);
#23=STYLED_ITEM('',(#457),#458);
#24=STYLED_ITEM('',(#459),#460);
#25=STYLED_ITEM('',(#461),#462);
#26=STYLED_ITEM('',(#463),#464);
#27=STYLED_ITEM('',(#465),#466);
#28=STYLED_ITEM('',(#467),#468);
#29=STYLED_ITEM('',(#469),#470);
#30=STYLED_ITEM('',(#471),#472);
#31=STYLED_ITEM('',(#473),#474);
#32=STYLED_ITEM('',(#475),#476);
#33=STYLED_ITEM('',(#477),#478);
#34=STYLED_ITEM('',(#479),#480);
#35=STYLED_ITEM('',(#481),#482);
#36=STYLED_ITEM('',(#483),#484);
#37=STYLED_ITEM('',(#485),#486);
#38=STYLED_ITEM('',(#487),#488);
#39=STYLED_ITEM('',(#489),#490);
#40=STYLED_ITEM('',(#491),#492);
#41=STYLED_ITEM('',(#493),#494);
#42=STYLED_ITEM('',(#495),#496);
#43=STYLED_ITEM('',(#497),#498);
#44=STYLED_ITEM('',(#499),#500);
#45=STYLED_ITEM('',(#501),#502);
#46=STYLED_ITEM('',(#503),#504);
#47=STYLED_ITEM('',(#505),#506);
#48=STYLED_ITEM('',(#507),#508);
#49=STYLED_ITEM('',(#509),#510);
#50=STYLED_ITEM('',(#511),#512);
#51=STYLED_ITEM('',(#513),#514);
#52=STYLED_ITEM('',(#515),#516);
#53=STYLED_ITEM('',(#517),#518);
#54=STYLED_ITEM('',(#519),#520);
#55=STYLED_ITEM('',(#521),#522);
#56=STYLED_ITEM('',(#523),#524);
#57=STYLED_ITEM('',(#525),#526);
#58=STYLED_ITEM('',(#527),#528);
#59=STYLED_ITEM('',(#529),#530);
#60=STYLED_ITEM('',(#531),#532);
#61=STYLED_ITEM('',(#533),#534);
#62=STYLED_ITEM('',(#535),#536);
#63=STYLED_ITEM('',(#537),#538);
#64=STYLED_ITEM('',(#539),#540);
#65=STYLED_ITEM('',(#541),#542);
#66=STYLED_ITEM('',(#543),#544);
#67=STYLED_ITEM('',(#545),#546);
#68=STYLED_ITEM('',(#547),#548);
#69=STYLED_ITEM('',(#549),#550);
#70=STYLED_ITEM('',(#551),#552);
#71=STYLED_ITEM('',(#553),#554);
#72=STYLED_ITEM('',(#555),#556);
#73=STYLED_ITEM('',(#557),#558);
#74=STYLED_ITEM('',(#559),#560);
#75=STYLED_ITEM('',(#561),#562);
#76=STYLED_ITEM('',(#563),#564);
#77=STYLED_ITEM('',(#565),#566);
#78=STYLED_ITEM('',(#567),#568);
#79=STYLED_ITEM('',(#569),#570);
#80=STYLED_ITEM('',(#571),#572);
#81=STYLED_ITEM('',(#573),#574);
#82=STYLED_ITEM('',(#575),#576);
#83=STYLED_ITEM('',(#577),#578);
#84=STYLED_ITEM('',(#579),#580);
#85=STYLED_ITEM('',(#581),#582);
#86=STYLED_ITEM('',(#583),#584);
#87=STYLED_ITEM('',(#585),#586);
#88=STYLED_ITEM('',(#587),#588);
#89=STYLED_ITEM('',(#589),#590);
#90=STYLED_ITEM('',(#591),#592);
#91=STYLED_ITEM('',(#593),#594);
#92=STYLED_ITEM('',(#595),#596);
#93=STYLED_ITEM('',(#597),#598);
#94=STYLED_ITEM('',(#599),#600);
#95=STYLED_ITEM('',(#601),#602);
#96=STYLED_ITEM('',(#603),#604);
#97=STYLED_ITEM('',(#605),#606);
#98=STYLED_ITEM('',(#607),#608);
#99=STYLED_ITEM('',(#609),#610);
#100=STYLED_ITEM('',(#611),#612);
#101=STYLED_ITEM('',(#613),#614);
#102=STYLED_ITEM('',(#615),#616);
#103=STYLED_ITEM('',(#617),#618);
#104=STYLED_ITEM('',(#619),#620);
#105=STYLED_ITEM('',(#621),#622);
#106=STYLED_ITEM('',(#623),#624);
#107=STYLED_ITEM('',(#625),#626);
#108=STYLED_ITEM('',(#627),#628);
#109=STYLED_ITEM('',(#629),#630);
#110=STYLED_ITEM('',(#631),#632);
#111=STYLED_ITEM('',(#633),#634);
#112=STYLED_ITEM('',(#635),#636);
#113=STYLED_ITEM('',(#637),#638);
#114=STYLED_ITEM('',(#639),#640);
#115=STYLED_ITEM('',(#641),#642);
#116=STYLED_ITEM('',(#643),#644);
#117=STYLED_ITEM('',(#645),#646);
#118=STYLED_ITEM('',(#647),#648);
#119=STYLED_ITEM('',(#649),#650);
#120=STYLED_ITEM('',(#651),#652);
#121=STYLED_ITEM('',(#653),#654);
#122=STYLED_ITEM('',(#655),#656);
#123=STYLED_ITEM('',(#657),#658);
#124=STYLED_ITEM('',(#659),#660);
#125=STYLED_ITEM('',(#661),#662);
#126=STYLED_ITEM('',(#663),#664);
#127=STYLED_ITEM('',(#665),#666);
#128=STYLED_ITEM('',(#667),#668);
#129=STYLED_ITEM('',(#669),#670);
#130=STYLED_ITEM('',(#671),#672);
#131=STYLED_ITEM('',(#673),#674);
#132=STYLED_ITEM('',(#675),#676);
#133=STYLED_ITEM('',(#677),#678);
#134=STYLED_ITEM('',(#679),#680);
#135=STYLED_ITEM('',(#681),#682);
#136=STYLED_ITEM('',(#683),#684);
#137=STYLED_ITEM('',(#685),#686);
#138=STYLED_ITEM('',(#687),#688);
#139=STYLED_ITEM('',(#689),#690);
#140=STYLED_ITEM('',(#691),#692);
#141=STYLED_ITEM('',(#693),#694);
#142=STYLED_ITEM('',(#695),#696);
#143=STYLED_ITEM('',(#697),#698);
#144=STYLED_ITEM('',(#699),#700);
#145=STYLED_ITEM('',(#701),#702);
#146=STYLED_ITEM('',(#703),#704);
#147=STYLED_ITEM('',(#705),#706);
#148=STYLED_ITEM('',(#707),#708);
#149=STYLED_ITEM('',(#709),#710);
#150=STYLED_ITEM('',(#711),#712);
#151=STYLED_ITEM('',(#713),#714);
#152=STYLED_ITEM('',(#715),#716);
#153=STYLED_ITEM('',(#717),#718);
#154=STYLED_ITEM('',(#719),#720);
#155=STYLED_ITEM('',(#721),#722);
#156=STYLED_ITEM('',(#723),#724);
#157=STYLED_ITEM('',(#725),#726);
#158=STYLED_ITEM('',(#727),#728);
#159=STYLED_ITEM('',(#729),#730);
#160=STYLED_ITEM('',(#731),#732);
#161=STYLED_ITEM('',(#733),#734);
#162=STYLED_ITEM('',(#735),#736);
#163=STYLED_ITEM('',(#737),#738);
#164=STYLED_ITEM('',(#739),#740);
#165=STYLED_ITEM('',(#741),#742);
#166=STYLED_ITEM('',(#743),#744);
#167=STYLED_ITEM('',(#745),#746);
#168=STYLED_ITEM('',(#747),#748);
#169=STYLED_ITEM('',(#749),#750);
#170=STYLED_ITEM('',(#751),#752);
#171=STYLED_ITEM('',(#753),#754);
#172=STYLED_ITEM('',(#755),#756);
#173=STYLED_ITEM('',(#757),#758);
#174=STYLED_ITEM('',(#759),#760);
#175=STYLED_ITEM('',(#761),#762);
#176=STYLED_ITEM('',(#763),#764);
#177=STYLED_ITEM('',(#765),#766);
#178=STYLED_ITEM('',(#767),#768);
#179=STYLED_ITEM('',(#769),#770);
#180=STYLED_ITEM('',(#771),#772);
#181=STYLED_ITEM('',(#773),#774);
#182=STYLED_ITEM('',(#775),#776);
#183=STYLED_ITEM('',(#777),#778);
#184=STYLED_ITEM('',(#779),#780);
#185=STYLED_ITEM('',(#781),#782);
#186=STYLED_ITEM('',(#783),#784);
#187=STYLED_ITEM('',(#785),#786);
#188=STYLED_ITEM('',(#787),#788);
#189=STYLED_ITEM('',(#789),#790);
#190=STYLED_ITEM('',(#791),#792);
#191=STYLED_ITEM('',(#793),#794);
#192=STYLED_ITEM('',(#795),#796);
#193=STYLED_ITEM('',(#797),#798);
#194=STYLED_ITEM('',(#799),#800);
#195=STYLED_ITEM('',(#801),#802);
#196=STYLED_ITEM('',(#803),#804);
#197=STYLED_ITEM('',(#805),#806);
#198=STYLED_ITEM('',(#807),#808);
#199=STYLED_ITEM('',(#809),#810);
#200=STYLED_ITEM('',(#811),#812);
#201=STYLED_ITEM('',(#813),#814);
#202=STYLED_ITEM('',(#815),#816);
#203=STYLED_ITEM('',(#817),#818);
#204=STYLED_ITEM('',(#819),#820);
#205=STYLED_ITEM('',(#821),#822);
#206=STYLED_ITEM('',(#823),#824);
#207=STYLED_ITEM('',(#825),#826);
#208=STYLED_ITEM('',(#827),#828);
#209=STYLED_ITEM('',(#829),#830);
#210=STYLED_ITEM('',(#831),#832);
#211=STYLED_ITEM('',(#833),#834);
#212=STYLED_ITEM('',(#835),#836);
#213=STYLED_ITEM('',(#837),#838);
#214=STYLED_ITEM('',(#839),#840);
#215=STYLED_ITEM('',(#841),#842);
#216=STYLED_ITEM('',(#843),#844);
#217=STYLED_ITEM('',(#845),#846);
#218=STYLED_ITEM('',(#847),#848);
#219=STYLED_ITEM('',(#849),#850);
#220=STYLED_ITEM('',(#851),#852);
#221=STYLED_ITEM('',(#853),#854);
#222=STYLED_ITEM('',(#855),#856);
#223=STYLED_ITEM('',(#857),#858);
#224=STYLED_ITEM('',(#859),#860);
#225=STYLED_ITEM('',(#861),#862);
#226=STYLED_ITEM('',(#863),#864);
#227=STYLED_ITEM('',(#865),#866);
#228=STYLED_ITEM('',(#867),#868);
#229=STYLED_ITEM('',(#869),#870);
#230=STYLED_ITEM('',(#871),#872);
#231=STYLED_ITEM('',(#873),#874);
#232=STYLED_ITEM('',(#875),#876);
#233=STYLED_ITEM('',(#877),#878);
#234=STYLED_ITEM('',(#879),#880);
#235=STYLED_ITEM('',(#881),#882);
#236=STYLED_ITEM('',(#883),#884);
#237=STYLED_ITEM('',(#885),#886);
#238=STYLED_ITEM('',(#887),#888);
#239=STYLED_ITEM('',(#889),#890);
#240=STYLED_ITEM('',(#891),#892);
#241=STYLED_ITEM('',(#893),#894);
#242=STYLED_ITEM('',(#895),#896);
#243=STYLED_ITEM('',(#897),#898);
#244=STYLED_ITEM('',(#899),#900);
#245=STYLED_ITEM('',(#901),#902);
#246=STYLED_ITEM('',(#903),#904);
#247=STYLED_ITEM('',(#905),#906);
#248=STYLED_ITEM('',(#907),#908);
#249=STYLED_ITEM('',(#909),#910);
#250=STYLED_ITEM('',(#911),#912);
#251=STYLED_ITEM('',(#913),#914);
#252=STYLED_ITEM('',(#915),#916);
#253=STYLED_ITEM('',(#917),#918);
#254=STYLED_ITEM('',(#919),#920);
#255=STYLED_ITEM('',(#921),#922);
#256=STYLED_ITEM('',(#923),#924);
#257=STYLED_ITEM('',(#925),#926);
#258=STYLED_ITEM('',(#927),#928);
#259=STYLED_ITEM('',(#929),#930);
#260=STYLED_ITEM('',(#931),#932);
#261=STYLED_ITEM('',(#933),#934);
#262=STYLED_ITEM('',(#935),#936);
#263=STYLED_ITEM('',(#937),#938);
#264=STYLED_ITEM('',(#939),#940);
#265=STYLED_ITEM('',(#941),#942);
#266=STYLED_ITEM('',(#943),#944);
#267=STYLED_ITEM('',(#945),#946);
#268=STYLED_ITEM('',(#947),#948);
#269=STYLED_ITEM('',(#949),#950);
#270=STYLED_ITEM('',(#951),#952);
#271=STYLED_ITEM('',(#953),#954);
#272=STYLED_ITEM('',(#955),#956);
#273=STYLED_ITEM('',(#957),#958);
#274=STYLED_ITEM('',(#959),#960);
#275=STYLED_ITEM('',(#961),#962);
#276=STYLED_ITEM('',(#963),#964);
#277=STYLED_ITEM('',(#965),#966);
#278=STYLED_ITEM('',(#967),#968);
#279=STYLED_ITEM('',(#969),#970);
#280=STYLED_ITEM('',(#971),#972);
#281=STYLED_ITEM('',(#973),#974);
#282=STYLED_ITEM('',(#975),#976);
#283=STYLED_ITEM('',(#977),#978);
#284=STYLED_ITEM('',(#979),#980);
#285=STYLED_ITEM('',(#981),#982);
#286=STYLED_ITEM('',(#983),#984);
#287=STYLED_ITEM('',(#985),#986);
#288=STYLED_ITEM('',(#987),#988);
#289=STYLED_ITEM('',(#989),#990);
#290=STYLED_ITEM('',(#991),#992);
#291=STYLED_ITEM('',(#993),#994);
#292=STYLED_ITEM('',(#995),#996);
#293=STYLED_ITEM('',(#997),#998);
#294=STYLED_ITEM('',(#999),#1000);
#295=STYLED_ITEM('',(#1001),#1002);
#296=STYLED_ITEM('',(#1003),#1004);
#297=STYLED_ITEM('',(#1005),#1006);
#298=STYLED_ITEM('',(#1007),#1008);
#299=STYLED_ITEM('',(#1009),#1010);
#300=STYLED_ITEM('',(#1011),#1012);
#301=STYLED_ITEM('',(#1013),#1014);
#302=STYLED_ITEM('',(#1015),#1016);
#303=STYLED_ITEM('',(#1017),#1018);
#304=STYLED_ITEM('',(#1019),#1020);
#305=STYLED_ITEM('',(#1021),#1022);
#306=STYLED_ITEM('',(#1023),#1024);
#307=STYLED_ITEM('',(#1025),#1026);
#308=STYLED_ITEM('',(#1027),#1028);
#309=STYLED_ITEM('',(#1029),#1030);
#310=STYLED_ITEM('',(#1031),#1032);
#311=STYLED_ITEM('',(#1033),#1034);
#312=STYLED_ITEM('',(#1035),#1036);
#313=STYLED_ITEM('',(#1037),#1038);
#314=STYLED_ITEM('',(#1039),#1040);
#315=STYLED_ITEM('',(#1041),#1042);
#316=STYLED_ITEM('',(#1043),#1044);
#317=STYLED_ITEM('',(#1045),#1046);
#318=STYLED_ITEM('',(#1047),#1048);
#319=STYLED_ITEM('',(#1049),#1050);
#320=STYLED_ITEM('',(#1051),#1052);
#321=STYLED_ITEM('',(#1053),#1054);
#322=STYLED_ITEM('',(#1055),#1056);
#323=STYLED_ITEM('',(#1057),#1058);
#324=STYLED_ITEM('',(#1059),#1060);
#325=STYLED_ITEM('',(#1061),#1062);
#326=STYLED_ITEM('',(#1063),#1064);
#327=STYLED_ITEM('',(#1065),#1066);
#328=STYLED_ITEM('',(#1067),#1068);
#329=STYLED_ITEM('',(#1069),#1070);
#330=STYLED_ITEM('',(#1071),#1072);
#331=STYLED_ITEM('',(#1073),#1074);
#332=STYLED_ITEM('',(#1075),#1076);
#333=STYLED_ITEM('',(#1077),#1078);
#334=STYLED_ITEM('',(#1079),#1080);
#335=STYLED_ITEM('',(#1081),#1082);
#336=STYLED_ITEM('',(#1083),#1084);
#337=STYLED_ITEM('',(#1085),#1086);
#338=STYLED_ITEM('',(#1087),#1088);
#339=STYLED_ITEM('',(#1089),#1090);
#340=STYLED_ITEM('',(#1091),#1092);
#341=STYLED_ITEM('',(#1093),#1094);
#342=STYLED_ITEM('',(#1095),#1096);
#343=STYLED_ITEM('',(#1097),#1098);
#344=STYLED_ITEM('',(#1099),#1100);
#345=STYLED_ITEM('',(#1101),#1102);
#346=STYLED_ITEM('',(#1103),#1104);
#347=STYLED_ITEM('',(#1105),#1106);
#348=STYLED_ITEM('',(#1107),#1108);
#349=STYLED_ITEM('',(#1109),#1110);
#350=STYLED_ITEM('',(#1111),#1112);
#351=STYLED_ITEM('',(#1113),#1114);
#352=STYLED_ITEM('',(#1115),#1116);
#353=STYLED_ITEM('',(#1117),#1118);
#354=STYLED_ITEM('',(#1119),#1120);
#355=STYLED_ITEM('',(#1121),#1122);
#356=STYLED_ITEM('',(#1123),#1124);
#357=STYLED_ITEM('',(#1125),#1126);
#358=STYLED_ITEM('',(#1127),#1128);
#359=STYLED_ITEM('',(#1129),#1130);
#360=STYLED_ITEM('',(#1131),#1132);
#361=STYLED_ITEM('',(#1133),#1134);
#362=STYLED_ITEM('',(#1135),#1136);
#363=STYLED_ITEM('',(#1137),#1138);
#364=STYLED_ITEM('',(#1139),#1140);
#365=STYLED_ITEM('',(#1141),#1142);
#366=STYLED_ITEM('',(#1143),#1144);
#367=STYLED_ITEM('',(#1145),#1146);
#368=STYLED_ITEM('',(#1147),#1148);
#369=STYLED_ITEM('',(#1149),#1150);
#370=STYLED_ITEM('',(#1151),#1152);
#371=STYLED_ITEM('',(#1153),#1154);
#372=STYLED_ITEM('',(#1155),#1156);
#373=STYLED_ITEM('',(#1157),#1158);
#374=STYLED_ITEM('',(#1159),#1160);
#375=STYLED_ITEM('',(#1161),#1162);
#376=STYLED_ITEM('',(#1163),#1164);
#377=STYLED_ITEM('',(#1165),#1166);
#378=STYLED_ITEM('',(#1167),#1168);
#379=STYLED_ITEM('',(#1169),#1170);
#380=STYLED_ITEM('',(#1171),#1172);
#381=STYLED_ITEM('',(#1173),#1174);
#382=STYLED_ITEM('',(#1175),#1176);
#383=STYLED_ITEM('',(#1177),#1178);
#384=STYLED_ITEM('',(#1179),#1180);
#385=STYLED_ITEM('',(#1181),#1182);
#386=STYLED_ITEM('',(#1183),#1184);
#387=STYLED_ITEM('',(#1185),#1186);
#388=STYLED_ITEM('',(#1187),#1188);
#389=STYLED_ITEM('',(#1189),#1190);
#390=STYLED_ITEM('',(#1191),#1192);
#391=STYLED_ITEM('',(#1193),#1194);
#392=STYLED_ITEM('',(#1195),#1196);
#393=STYLED_ITEM('',(#1197),#1198);
#394=STYLED_ITEM('',(#1199),#1200);
#395=STYLED_ITEM('',(#1201),#1202);
#396=STYLED_ITEM('',(#1203),#1204);
#397=STYLED_ITEM('',(#1205),#1206);
#398=STYLED_ITEM('',(#1207),#1208);
#399=STYLED_ITEM('',(#1209),#1210);
#400=STYLED_ITEM('',(#1211),#1212);
#401=STYLED_ITEM('',(#1213),#1214);
#402=STYLED_ITEM('',(#1215),#1216);
#403=STYLED_ITEM('',(#1217),#1218);
#404=STYLED_ITEM('',(#1219),#1220);
#405=STYLED_ITEM('',(#1221),#1222);
#406=STYLED_ITEM('',(#1223),#1224);
#407=STYLED_ITEM('',(#1225),#1226);
#408=STYLED_ITEM('',(#1227),#1228);
#409=STYLED_ITEM('',(#1229),#1230);
#410=STYLED_ITEM('',(#1231),#1232);
#411=STYLED_ITEM('',(#1233),#1234);
#412=STYLED_ITEM('',(#1235),#1236);
#413=STYLED_ITEM('',(#1237),#1238);
#414=STYLED_ITEM('',(#1239),#1240);
#415=STYLED_ITEM('',(#1241),#1242);
#416=STYLED_ITEM('',(#1243),#1244);
#417=STYLED_ITEM('',(#1245),#1246);
#418=STYLED_ITEM('',(#1247),#1248);
#419=STYLED_ITEM('',(#1249),#1250);
#420=STYLED_ITEM('',(#1251),#1252);
#421=APPLICATION_CONTEXT('managed model based 3d engineering');
#422=PRODUCT_CATEGORY('part','NONE');
#423=PRODUCT_RELATED_PRODUCT_CATEGORY('detail',' ',(#1253));
#424=PRODUCT_DEFINITION_SHAPE('NONE','NONE',#1254);
#425=ADVANCED_BREP_SHAPE_REPRESENTATION('1',(#1255,#1256),#9);
#426=ADVANCED_BREP_SHAPE_REPRESENTATION('2',(#1257,#1258),#9);
#427=ADVANCED_BREP_SHAPE_REPRESENTATION('3',(#1259,#1260),#9);
#428=ADVANCED_BREP_SHAPE_REPRESENTATION('4',(#1261,#1262),#9);
#431=UNCERTAINTY_MEASURE_WITH_UNIT(LENGTH_MEASURE(1.0E-06),#433,'','');
#433= (CONVERSION_BASED_UNIT('MILLIMETRE',#1265)LENGTH_UNIT()NAMED_UNIT(#1268));
#434= (NAMED_UNIT(#1270)PLANE_ANGLE_UNIT()SI_UNIT($,.RADIAN.));
#435= (NAMED_UNIT(#1270)SOLID_ANGLE_UNIT()SI_UNIT($,.STERADIAN.));
#437=PRESENTATION_STYLE_ASSIGNMENT((#1276));
#438=ADVANCED_FACE('',(#1277),#1278,.T.);
#439=PRESENTATION_STYLE_ASSIGNMENT((#1279));
#440=ADVANCED_FACE('',(#1280),#1281,.T.);
#441=PRESENTATION_STYLE_ASSIGNMENT((#1282));
#442=ADVANCED_FACE('',(#1283),#1284,.F.);
#443=PRESENTATION_STYLE_ASSIGNMENT((#1285));
#444=ADVANCED_FACE('',(#1286),#1287,.T.);
#445=PRESENTATION_STYLE_ASSIGNMENT((#1288));
#446=ADVANCED_FACE('',(#1289),#1290,.T.);
#447=PRESENTATION_STYLE_ASSIGNMENT((#1291));
#448=ADVANCED_FACE('',(#1292),#1293,.T.);
#449=PRESENTATION_STYLE_ASSIGNMENT((#1294));
#450=ADVANCED_FACE('',(#1295),#1296,.F.);
#451=PRESENTATION_STYLE_ASSIGNMENT((#1297));
#452=ADVANCED_FACE('',(#1298),#1299,.T.);
#453=PRESENTATION_STYLE_ASSIGNMENT((#1300));
#454=ADVANCED_FACE('',(#1301),#1302,.F.);
#455=PRESENTATION_STYLE_ASSIGNMENT((#1303));
#456=ADVANCED_FACE('',(#1304),#1305,.T.);
#457=PRESENTATION_STYLE_ASSIGNMENT((#1306));
#458=ADVANCED_FACE('',(#1307),#1308,.T.);
#459=PRESENTATION_STYLE_ASSIGNMENT((#1309));
#460=ADVANCED_FACE('',(#1310),#1311,.T.);
#461=PRESENTATION_STYLE_ASSIGNMENT((#1312));
#462=ADVANCED_FACE('',(#1313),#1314,.F.);
#463=PRESENTATION_STYLE_ASSIGNMENT((#1315));
#464=ADVANCED_FACE('',(#1316),#1317,.T.);
#465=PRESENTATION_STYLE_ASSIGNMENT((#1318));
#466=ADVANCED_FACE('',(#1319),#1320,.F.);
#467=PRESENTATION_STYLE_ASSIGNMENT((#1321));
#468=ADVANCED_FACE('',(#1322),#1323,.F.);
#469=PRESENTATION_STYLE_ASSIGNMENT((#1324));
#470=ADVANCED_FACE('',(#1325,#1326),#1327,.T.);
#471=PRESENTATION_STYLE_ASSIGNMENT((#1328));
#472=ADVANCED_FACE('',(#1329),#1330,.T.);
#473=PRESENTATION_STYLE_ASSIGNMENT((#1331));
#474=ADVANCED_FACE('',(#1332),#1333,.T.);
#475=PRESENTATION_STYLE_ASSIGNMENT((#1334));
#476=ADVANCED_FACE('',(#1335),#1336,.T.);
#477=PRESENTATION_STYLE_ASSIGNMENT((#1337));
#478=ADVANCED_FACE('',(#1338),#1339,.T.);
#479=PRESENTATION_STYLE_ASSIGNMENT((#1340));
#480=ADVANCED_FACE('',(#1341),#1342,.T.);
#481=PRESENTATION_STYLE_ASSIGNMENT((#1343));
#482=ADVANCED_FACE('',(#1344),#1345,.T.);
#483=PRESENTATION_STYLE_ASSIGNMENT((#1346));
#484=ADVANCED_FACE('',(#1347),#1348,.T.);
#485=PRESENTATION_STYLE_ASSIGNMENT((#1349));
#486=ADVANCED_FACE('',(#1350),#1351,.F.);
#487=PRESENTATION_STYLE_ASSIGNMENT((#1352));
#488=ADVANCED_FACE('',(#1353),#1354,.T.);
#489=PRESENTATION_STYLE_ASSIGNMENT((#1355));
#490=ADVANCED_FACE('',(#1356),#1357,.T.);
#491=PRESENTATION_STYLE_ASSIGNMENT((#1358));
#492=ADVANCED_FACE('',(#1359),#1360,.T.);
#493=PRESENTATION_STYLE_ASSIGNMENT((#1361));
#494=ADVANCED_FACE('',(#1362),#1363,.T.);
#495=PRESENTATION_STYLE_ASSIGNMENT((#1364));
#496=ADVANCED_FACE('',(#1365),#1366,.T.);
#497=PRESENTATION_STYLE_ASSIGNMENT((#1367));
#498=ADVANCED_FACE('',(#1368),#1369,.T.);
#499=PRESENTATION_STYLE_ASSIGNMENT((#1370));
#500=ADVANCED_FACE('',(#1371),#1372,.F.);
#501=PRESENTATION_STYLE_ASSIGNMENT((#1373));
#502=ADVANCED_FACE('',(#1374),#1375,.F.);
#503=PRESENTATION_STYLE_ASSIGNMENT((#1376));
#504=ADVANCED_FACE('',(#1377),#1378,.T.);
#505=PRESENTATION_STYLE_ASSIGNMENT((#1379));
#506=ADVANCED_FACE('',(#1380),#1381,.T.);
#507=PRESENTATION_STYLE_ASSIGNMENT((#1382));
#508=ADVANCED_FACE('',(#1383),#1384,.F.);
#509=PRESENTATION_STYLE_ASSIGNMENT((#1385));
#510=ADVANCED_FACE('',(#1386),#1387,.F.);
#511=PRESENTATION_STYLE_ASSIGNMENT((#1388));
#512=ADVANCED_FACE('',(#1389),#1390,.T.);
#513=PRESENTATION_STYLE_ASSIGNMENT((#1391));
#514=ADVANCED_FACE('',(#1392),#1393,.F.);
#515=PRESENTATION_STYLE_ASSIGNMENT((#1394));
#516=ADVANCED_FACE('',(#1395),#1396,.T.);
#517=PRESENTATION_STYLE_ASSIGNMENT((#1397));
#518=ADVANCED_FACE('',(#1398),#1399,.F.);
#519=PRESENTATION_STYLE_ASSIGNMENT((#1400));
#520=ADVANCED_FACE('',(#1401),#1402,.T.);
#521=PRESENTATION_STYLE_ASSIGNMENT((#1403));
#522=ADVANCED_FACE('',(#1404),#1405,.T.);
#523=PRESENTATION_STYLE_ASSIGNMENT((#1406));
#524=ADVANCED_FACE('',(#1407),#1408,.T.);
#525=PRESENTATION_STYLE_ASSIGNMENT((#1409));
#526=ADVANCED_FACE('',(#1410),#1411,.T.);
#527=PRESENTATION_STYLE_ASSIGNMENT((#1412));
#528=ADVANCED_FACE('',(#1413),#1414,.F.);
#529=PRESENTATION_STYLE_ASSIGNMENT((#1415));
#530=ADVANCED_FACE('',(#1416),#1417,.T.);
#531=PRESENTATION_STYLE_ASSIGNMENT((#1418));
#532=ADVANCED_FACE('',(#1419),#1420,.T.);
#533=PRESENTATION_STYLE_ASSIGNMENT((#1421));
#534=ADVANCED_FACE('',(#1422),#1423,.T.);
#535=PRESENTATION_STYLE_ASSIGNMENT((#1424));
#536=ADVANCED_FACE('',(#1425,#1426),#1427,.F.);
#537=PRESENTATION_STYLE_ASSIGNMENT((#1428));
#538=ADVANCED_FACE('',(#1429),#1430,.F.);
#539=PRESENTATION_STYLE_ASSIGNMENT((#1431));
#540=ADVANCED_FACE('',(#1432),#1433,.T.);
#541=PRESENTATION_STYLE_ASSIGNMENT((#1434));
#542=ADVANCED_FACE('',(#1435),#1436,.T.);
#543=PRESENTATION_STYLE_ASSIGNMENT((#1437));
#544=ADVANCED_FACE('',(#1438),#1439,.T.);
#545=PRESENTATION_STYLE_ASSIGNMENT((#1440));
#546=ADVANCED_FACE('',(#1441),#1442,.T.);
#547=PRESENTATION_STYLE_ASSIGNMENT((#1443));
#548=ADVANCED_FACE('',(#1444),#1445,.F.);
#549=PRESENTATION_STYLE_ASSIGNMENT((#1446));
#550=ADVANCED_FACE('',(#1447),#1448,.F.);
#551=PRESENTATION_STYLE_ASSIGNMENT((#1449));
#552=ADVANCED_FACE('',(#1450),#1451,.F.);
#553=PRESENTATION_STYLE_ASSIGNMENT((#1452));
#554=ADVANCED_FACE('',(#1453),#1454,.T.);
#555=PRESENTATION_STYLE_ASSIGNMENT((#1455));
#556=ADVANCED_FACE('',(#1456),#1457,.T.);
#557=PRESENTATION_STYLE_ASSIGNMENT((#1458));
#558=ADVANCED_FACE('',(#1459),#1460,.T.);
#559=PRESENTATION_STYLE_ASSIGNMENT((#1461));
#560=ADVANCED_FACE('',(#1462),#1463,.T.);
#561=PRESENTATION_STYLE_ASSIGNMENT((#1464));
#562=ADVANCED_FACE('',(#1465),#1466,.T.);
#563=PRESENTATION_STYLE_ASSIGNMENT((#1467));
#564=ADVANCED_FACE('',(#1468),#1469,.T.);
#565=PRESENTATION_STYLE_ASSIGNMENT((#1470));
#566=ADVANCED_FACE('',(#1471),#1472,.F.);
#567=PRESENTATION_STYLE_ASSIGNMENT((#1473));
#568=ADVANCED_FACE('',(#1474),#1475,.T.);
#569=PRESENTATION_STYLE_ASSIGNMENT((#1476));
#570=ADVANCED_FACE('',(#1477),#1478,.F.);
#571=PRESENTATION_STYLE_ASSIGNMENT((#1479));
#572=ADVANCED_FACE('',(#1480),#1481,.T.);
#573=PRESENTATION_STYLE_ASSIGNMENT((#1482));
#574=ADVANCED_FACE('',(#1483),#1484,.F.);
#575=PRESENTATION_STYLE_ASSIGNMENT((#1485));
#576=ADVANCED_FACE('',(#1486),#1487,.T.);
#577=PRESENTATION_STYLE_ASSIGNMENT((#1488));
#578=ADVANCED_FACE('',(#1489),#1490,.F.);
#579=PRESENTATION_STYLE_ASSIGNMENT((#1491));
#580=ADVANCED_FACE('',(#1492),#1493,.F.);
#581=PRESENTATION_STYLE_ASSIGNMENT((#1494));
#582=ADVANCED_FACE('',(#1495),#1496,.F.);
#583=PRESENTATION_STYLE_ASSIGNMENT((#1497));
#584=ADVANCED_FACE('',(#1498),#1499,.T.);
#585=PRESENTATION_STYLE_ASSIGNMENT((#1500));
#586=ADVANCED_FACE('',(#1501),#1502,.T.);
#587=PRESENTATION_STYLE_ASSIGNMENT((#1503));
#588=ADVANCED_FACE('',(#1504),#1505,.F.);
#589=PRESENTATION_STYLE_ASSIGNMENT((#1506));
#590=ADVANCED_FACE('',(#1507),#1508,.F.);
#591=PRESENTATION_STYLE_ASSIGNMENT((#1509));
#592=ADVANCED_FACE('',(#1510),#1511,.T.);
#593=PRESENTATION_STYLE_ASSIGNMENT((#1512));
#594=ADVANCED_FACE('',(#1513),#1514,.T.);
#595=PRESENTATION_STYLE_ASSIGNMENT((#1515));
#596=ADVANCED_FACE('',(#1516),#1517,.F.);
#597=PRESENTATION_STYLE_ASSIGNMENT((#1518));
#598=ADVANCED_FACE('',(#1519),#1520,.F.);
#599=PRESENTATION_STYLE_ASSIGNMENT((#1521));
#600=ADVANCED_FACE('',(#1522),#1523,.T.);
#601=PRESENTATION_STYLE_ASSIGNMENT((#1524));
#602=ADVANCED_FACE('',(#1525),#1526,.T.);
#603=PRESENTATION_STYLE_ASSIGNMENT((#1527));
#604=ADVANCED_FACE('',(#1528),#1529,.F.);
#605=PRESENTATION_STYLE_ASSIGNMENT((#1530));
#606=ADVANCED_FACE('',(#1531),#1532,.T.);
#607=PRESENTATION_STYLE_ASSIGNMENT((#1533));
#608=ADVANCED_FACE('',(#1534),#1535,.T.);
#609=PRESENTATION_STYLE_ASSIGNMENT((#1536));
#610=ADVANCED_FACE('',(#1537),#1538,.F.);
#611=PRESENTATION_STYLE_ASSIGNMENT((#1539));
#612=ADVANCED_FACE('',(#1540),#1541,.T.);
#613=PRESENTATION_STYLE_ASSIGNMENT((#1542));
#614=ADVANCED_FACE('',(#1543),#1544,.F.);
#615=PRESENTATION_STYLE_ASSIGNMENT((#1545));
#616=ADVANCED_FACE('',(#1546),#1547,.F.);
#617=PRESENTATION_STYLE_ASSIGNMENT((#1548));
#618=ADVANCED_FACE('',(#1549),#1550,.F.);
#619=PRESENTATION_STYLE_ASSIGNMENT((#1551));
#620=ADVANCED_FACE('',(#1552),#1553,.T.);
#621=PRESENTATION_STYLE_ASSIGNMENT((#1554));
#622=ADVANCED_FACE('',(#1555),#1556,.T.);
#623=PRESENTATION_STYLE_ASSIGNMENT((#1557));
#624=ADVANCED_FACE('',(#1558),#1559,.T.);
#625=PRESENTATION_STYLE_ASSIGNMENT((#1560));
#626=ADVANCED_FACE('',(#1561),#1562,.F.);
#627=PRESENTATION_STYLE_ASSIGNMENT((#1563));
#628=ADVANCED_FACE('',(#1564),#1565,.F.);
#629=PRESENTATION_STYLE_ASSIGNMENT((#1566));
#630=ADVANCED_FACE('',(#1567),#1568,.T.);
#631=PRESENTATION_STYLE_ASSIGNMENT((#1569));
#632=ADVANCED_FACE('',(#1570),#1571,.F.);
#633=PRESENTATION_STYLE_ASSIGNMENT((#1572));
#634=ADVANCED_FACE('',(#1573),#1574,.F.);
#635=PRESENTATION_STYLE_ASSIGNMENT((#1575));
#636=ADVANCED_FACE('',(#1576),#1577,.T.);
#637=PRESENTATION_STYLE_ASSIGNMENT((#1578));
#638=ADVANCED_FACE('',(#1579),#1580,.F.);
#639=PRESENTATION_STYLE_ASSIGNMENT((#1581));
#640=ADVANCED_FACE('',(#1582),#1583,.T.);
#641=PRESENTATION_STYLE_ASSIGNMENT((#1584));
#642=ADVANCED_FACE('',(#1585),#1586,.T.);
#643=PRESENTATION_STYLE_ASSIGNMENT((#1587));
#644=ADVANCED_FACE('',(#1588),#1589,.T.);
#645=PRESENTATION_STYLE_ASSIGNMENT((#1590));
#646=ADVANCED_FACE('',(#1591),#1592,.F.);
#647=PRESENTATION_STYLE_ASSIGNMENT((#1593));
#648=ADVANCED_FACE('',(#1594),#1595,.T.);
#649=PRESENTATION_STYLE_ASSIGNMENT((#1596));
#650=ADVANCED_FACE('',(#1597,#1598),#1599,.T.);
#651=PRESENTATION_STYLE_ASSIGNMENT((#1600));
#652=ADVANCED_FACE('',(#1601),#1602,.T.);
#653=PRESENTATION_STYLE_ASSIGNMENT((#1603));
#654=ADVANCED_FACE('',(#1604),#1605,.F.);
#655=PRESENTATION_STYLE_ASSIGNMENT((#1606));
#656=ADVANCED_FACE('',(#1607),#1608,.T.);
#657=PRESENTATION_STYLE_ASSIGNMENT((#1609));
#658=ADVANCED_FACE('',(#1610),#1611,.T.);
#659=PRESENTATION_STYLE_ASSIGNMENT((#1612));
#660=ADVANCED_FACE('',(#1613),#1614,.F.);
#661=PRESENTATION_STYLE_ASSIGNMENT((#1615));
#662=ADVANCED_FACE('',(#1616),#1617,.T.);
#663=PRESENTATION_STYLE_ASSIGNMENT((#1618));
#664=ADVANCED_FACE('',(#1619),#1620,.T.);
#665=PRESENTATION_STYLE_ASSIGNMENT((#1621));
#666=ADVANCED_FACE('',(#1622),#1623,.T.);
#667=PRESENTATION_STYLE_ASSIGNMENT((#1624));
#668=ADVANCED_FACE('',(#1625),#1626,.T.);
#669=PRESENTATION_STYLE_ASSIGNMENT((#1627));
#670=ADVANCED_FACE('',(#1628),#1629,.T.);
#671=PRESENTATION_STYLE_ASSIGNMENT((#1630));
#672=ADVANCED_FACE('',(#1631),#1632,.T.);
#673=PRESENTATION_STYLE_ASSIGNMENT((#1633));
#674=ADVANCED_FACE('',(#1634),#1635,.T.);
#675=PRESENTATION_STYLE_ASSIGNMENT((#1636));
#676=ADVANCED_FACE('',(#1637,#1638),#1639,.F.);
#677=PRESENTATION_STYLE_ASSIGNMENT((#1640));
#678=ADVANCED_FACE('',(#1641),#1642,.F.);
#679=PRESENTATION_STYLE_ASSIGNMENT((#1643));
#680=ADVANCED_FACE('',(#1644),#1645,.T.);
#681=PRESENTATION_STYLE_ASSIGNMENT((#1646));
#682=ADVANCED_FACE('',(#1647),#1648,.F.);
#683=PRESENTATION_STYLE_ASSIGNMENT((#1649));
#684=ADVANCED_FACE('',(#1650),#1651,.T.);
#685=PRESENTATION_STYLE_ASSIGNMENT((#1652));
#686=ADVANCED_FACE('',(#1653),#1654,.F.);
#687=PRESENTATION_STYLE_ASSIGNMENT((#1655));
#688=ADVANCED_FACE('',(#1656),#1657,.T.);
#689=PRESENTATION_STYLE_ASSIGNMENT((#1658));
#690=ADVANCED_FACE('',(#1659),#1660,.T.);
#691=PRESENTATION_STYLE_ASSIGNMENT((#1661));
#692=ADVANCED_FACE('',(#1662),#1663,.T.);
#693=PRESENTATION_STYLE_ASSIGNMENT((#1664));
#694=ADVANCED_FACE('',(#1665),#1666,.T.);
#695=PRESENTATION_STYLE_ASSIGNMENT((#1667));
#696=ADVANCED_FACE('',(#1668),#1669,.T.);
#697=PRESENTATION_STYLE_ASSIGNMENT((#1670));
#698=ADVANCED_FACE('',(#1671),#1672,.F.);
#699=PRESENTATION_STYLE_ASSIGNMENT((#1673));
#700=ADVANCED_FACE('',(#1674),#1675,.T.);
#701=PRESENTATION_STYLE_ASSIGNMENT((#1676));
#702=ADVANCED_FACE('',(#1677),#1678,.T.);
#703=PRESENTATION_STYLE_ASSIGNMENT((#1679));
#704=ADVANCED_FACE('',(#1680),#1681,.F.);
#705=PRESENTATION_STYLE_ASSIGNMENT((#1682));
#706=ADVANCED_FACE('',(#1683),#1684,.T.);
#707=PRESENTATION_STYLE_ASSIGNMENT((#1685));
#708=ADVANCED_FACE('',(#1686),#1687,.T.);
#709=PRESENTATION_STYLE_ASSIGNMENT((#1688));
#710=ADVANCED_FACE('',(#1689),#1690,.F.);
#711=PRESENTATION_STYLE_ASSIGNMENT((#1691));
#712=ADVANCED_FACE('',(#1692),#1693,.T.);
#713=PRESENTATION_STYLE_ASSIGNMENT((#1694));
#714=ADVANCED_FACE('',(#1695),#1696,.T.);
#715=PRESENTATION_STYLE_ASSIGNMENT((#1697));
#716=ADVANCED_FACE('',(#1698),#1699,.F.);
#717=PRESENTATION_STYLE_ASSIGNMENT((#1700));
#718=ADVANCED_FACE('',(#1701),#1702,.T.);
#719=PRESENTATION_STYLE_ASSIGNMENT((#1703));
#720=ADVANCED_FACE('',(#1704),#1705,.T.);
#721=PRESENTATION_STYLE_ASSIGNMENT((#1706));
#722=ADVANCED_FACE('',(#1707),#1708,.T.);
#723=PRESENTATION_STYLE_ASSIGNMENT((#1709));
#724=ADVANCED_FACE('',(#1710),#1711,.T.);
#725=PRESENTATION_STYLE_ASSIGNMENT((#1712));
#726=ADVANCED_FACE('',(#1713),#1714,.F.);
#727=PRESENTATION_STYLE_ASSIGNMENT((#1715));
#728=ADVANCED_FACE('',(#1716),#1717,.F.);
#729=PRESENTATION_STYLE_ASSIGNMENT((#1718));
#730=ADVANCED_FACE('',(#1719),#1720,.F.);
#731=PRESENTATION_STYLE_ASSIGNMENT((#1721));
#732=ADVANCED_FACE('',(#1722),#1723,.T.);
#733=PRESENTATION_STYLE_ASSIGNMENT((#1724));
#734=ADVANCED_FACE('',(#1725),#1726,.T.);
#735=PRESENTATION_STYLE_ASSIGNMENT((#1727));
#736=ADVANCED_FACE('',(#1728),#1729,.F.);
#737=PRESENTATION_STYLE_ASSIGNMENT((#1730));
#738=ADVANCED_FACE('',(#1731),#1732,.T.);
#739=PRESENTATION_STYLE_ASSIGNMENT((#1733));
#740=ADVANCED_FACE('',(#1734),#1735,.T.);
#741=PRESENTATION_STYLE_ASSIGNMENT((#1736));
#742=ADVANCED_FACE('',(#1737),#1738,.T.);
#743=PRESENTATION_STYLE_ASSIGNMENT((#1739));
#744=ADVANCED_FACE('',(#1740),#1741,.F.);
#745=PRESENTATION_STYLE_ASSIGNMENT((#1742));
#746=ADVANCED_FACE('',(#1743),#1744,.F.);
#747=PRESENTATION_STYLE_ASSIGNMENT((#1745));
#748=ADVANCED_FACE('',(#1746),#1747,.T.);
#749=PRESENTATION_STYLE_ASSIGNMENT((#1748));
#750=ADVANCED_FACE('',(#1749),#1750,.T.);
#751=PRESENTATION_STYLE_ASSIGNMENT((#1751));
#752=ADVANCED_FACE('',(#1752),#1753,.F.);
#753=PRESENTATION_STYLE_ASSIGNMENT((#1754));
#754=ADVANCED_FACE('',(#1755),#1756,.T.);
#755=PRESENTATION_STYLE_ASSIGNMENT((#1757));
#756=ADVANCED_FACE('',(#1758),#1759,.F.);
#757=PRESENTATION_STYLE_ASSIGNMENT((#1760));
#758=ADVANCED_FACE('',(#1761),#1762,.T.);
#759=PRESENTATION_STYLE_ASSIGNMENT((#1763));
#760=ADVANCED_FACE('',(#1764),#1765,.T.);
#761=PRESENTATION_STYLE_ASSIGNMENT((#1766));
#762=ADVANCED_FACE('',(#1767),#1768,.T.);
#763=PRESENTATION_STYLE_ASSIGNMENT((#1769));
#764=ADVANCED_FACE('',(#1770),#1771,.T.);
#765=PRESENTATION_STYLE_ASSIGNMENT((#1772));
#766=ADVANCED_FACE('',(#1773),#1774,.F.);
#767=PRESENTATION_STYLE_ASSIGNMENT((#1775));
#768=ADVANCED_FACE('',(#1776),#1777,.F.);
#769=PRESENTATION_STYLE_ASSIGNMENT((#1778));
#770=ADVANCED_FACE('',(#1779),#1780,.T.);
#771=PRESENTATION_STYLE_ASSIGNMENT((#1781));
#772=ADVANCED_FACE('',(#1782),#1783,.F.);
#773=PRESENTATION_STYLE_ASSIGNMENT((#1784));
#774=ADVANCED_FACE('',(#1785),#1786,.T.);
#775=PRESENTATION_STYLE_ASSIGNMENT((#1787));
#776=ADVANCED_FACE('',(#1788),#1789,.T.);
#777=PRESENTATION_STYLE_ASSIGNMENT((#1790));
#778=ADVANCED_FACE('',(#1791),#1792,.F.);
#779=PRESENTATION_STYLE_ASSIGNMENT((#1793));
#780=ADVANCED_FACE('',(#1794),#1795,.F.);
#781=PRESENTATION_STYLE_ASSIGNMENT((#1796));
#782=ADVANCED_FACE('',(#1797),#1798,.F.);
#783=PRESENTATION_STYLE_ASSIGNMENT((#1799));
#784=ADVANCED_FACE('',(#1800),#1801,.T.);
#785=PRESENTATION_STYLE_ASSIGNMENT((#1802));
#786=ADVANCED_FACE('',(#1803),#1804,.T.);
#787=PRESENTATION_STYLE_ASSIGNMENT((#1805));
#788=ADVANCED_FACE('',(#1806),#1807,.F.);
#789=PRESENTATION_STYLE_ASSIGNMENT((#1808));
#790=ADVANCED_FACE('',(#1809),#1810,.T.);
#791=PRESENTATION_STYLE_ASSIGNMENT((#1811));
#792=ADVANCED_FACE('',(#1812),#1813,.T.);
#793=PRESENTATION_STYLE_ASSIGNMENT((#1814));
#794=ADVANCED_FACE('',(#1815),#1816,.T.);
#795=PRESENTATION_STYLE_ASSIGNMENT((#1817));
#796=ADVANCED_FACE('',(#1818),#1819,.T.);
#797=PRESENTATION_STYLE_ASSIGNMENT((#1820));
#798=ADVANCED_FACE('',(#1821),#1822,.F.);
#799=PRESENTATION_STYLE_ASSIGNMENT((#1823));
#800=ADVANCED_FACE('',(#1824),#1825,.F.);
#801=PRESENTATION_STYLE_ASSIGNMENT((#1826));
#802=ADVANCED_FACE('',(#1827),#1828,.F.);
#803=PRESENTATION_STYLE_ASSIGNMENT((#1829));
#804=ADVANCED_FACE('',(#1830),#1831,.F.);
#805=PRESENTATION_STYLE_ASSIGNMENT((#1832));
#806=ADVANCED_FACE('',(#1833),#1834,.F.);
#807=PRESENTATION_STYLE_ASSIGNMENT((#1835));
#808=ADVANCED_FACE('',(#1836),#1837,.T.);
#809=PRESENTATION_STYLE_ASSIGNMENT((#1838));
#810=ADVANCED_FACE('',(#1839),#1840,.T.);
#811=PRESENTATION_STYLE_ASSIGNMENT((#1841));
#812=ADVANCED_FACE('',(#1842),#1843,.T.);
#813=PRESENTATION_STYLE_ASSIGNMENT((#1844));
#814=ADVANCED_FACE('',(#1845),#1846,.T.);
#815=PRESENTATION_STYLE_ASSIGNMENT((#1847));
#816=ADVANCED_FACE('',(#1848),#1849,.F.);
#817=PRESENTATION_STYLE_ASSIGNMENT((#1850));
#818=ADVANCED_FACE('',(#1851),#1852,.T.);
#819=PRESENTATION_STYLE_ASSIGNMENT((#1853));
#820=ADVANCED_FACE('',(#1854),#1855,.F.);
#821=PRESENTATION_STYLE_ASSIGNMENT((#1856));
#822=ADVANCED_FACE('',(#1857),#1858,.T.);
#823=PRESENTATION_STYLE_ASSIGNMENT((#1859));
#824=ADVANCED_FACE('',(#1860),#1861,.F.);
#825=PRESENTATION_STYLE_ASSIGNMENT((#1862));
#826=ADVANCED_FACE('',(#1863),#1864,.F.);
#827=PRESENTATION_STYLE_ASSIGNMENT((#1865));
#828=ADVANCED_FACE('',(#1866),#1867,.T.);
#829=PRESENTATION_STYLE_ASSIGNMENT((#1868));
#830=ADVANCED_FACE('',(#1869),#1870,.F.);
#831=PRESENTATION_STYLE_ASSIGNMENT((#1871));
#832=ADVANCED_FACE('',(#1872),#1873,.T.);
#833=PRESENTATION_STYLE_ASSIGNMENT((#1874));
#834=ADVANCED_FACE('',(#1875),#1876,.F.);
#835=PRESENTATION_STYLE_ASSIGNMENT((#1877));
#836=ADVANCED_FACE('',(#1878),#1879,.F.);
#837=PRESENTATION_STYLE_ASSIGNMENT((#1880));
#838=ADVANCED_FACE('',(#1881),#1882,.T.);
#839=PRESENTATION_STYLE_ASSIGNMENT((#1883));
#840=ADVANCED_FACE('',(#1884),#1885,.T.);
#841=PRESENTATION_STYLE_ASSIGNMENT((#1886));
#842=ADVANCED_FACE('',(#1887),#1888,.F.);
#843=PRESENTATION_STYLE_ASSIGNMENT((#1889));
#844=ADVANCED_FACE('',(#1890),#1891,.F.);
#845=PRESENTATION_STYLE_ASSIGNMENT((#1892));
#846=ADVANCED_FACE('',(#1893),#1894,.F.);
#847=PRESENTATION_STYLE_ASSIGNMENT((#1895));
#848=ADVANCED_FACE('',(#1896),#1897,.T.);
#849=PRESENTATION_STYLE_ASSIGNMENT((#1898));
#850=ADVANCED_FACE('',(#1899),#1900,.T.);
#851=PRESENTATION_STYLE_ASSIGNMENT((#1901));
#852=ADVANCED_FACE('',(#1902),#1903,.T.);
#853=PRESENTATION_STYLE_ASSIGNMENT((#1904));
#854=ADVANCED_FACE('',(#1905,#1906),#1907,.T.);
#855=PRESENTATION_STYLE_ASSIGNMENT((#1908));
#856=ADVANCED_FACE('',(#1909),#1910,.T.);
#857=PRESENTATION_STYLE_ASSIGNMENT((#1911));
#858=ADVANCED_FACE('',(#1912),#1913,.T.);
#859=PRESENTATION_STYLE_ASSIGNMENT((#1914));
#860=ADVANCED_FACE('',(#1915),#1916,.T.);
#861=PRESENTATION_STYLE_ASSIGNMENT((#1917));
#862=ADVANCED_FACE('',(#1918),#1919,.F.);
#863=PRESENTATION_STYLE_ASSIGNMENT((#1920));
#864=ADVANCED_FACE('',(#1921),#1922,.T.);
#865=PRESENTATION_STYLE_ASSIGNMENT((#1923));
#866=ADVANCED_FACE('',(#1924),#1925,.F.);
#867=PRESENTATION_STYLE_ASSIGNMENT((#1926));
#868=ADVANCED_FACE('',(#1927),#1928,.T.);
#869=PRESENTATION_STYLE_ASSIGNMENT((#1929));
#870=ADVANCED_FACE('',(#1930),#1931,.F.);
#871=PRESENTATION_STYLE_ASSIGNMENT((#1932));
#872=ADVANCED_FACE('',(#1933),#1934,.T.);
#873=PRESENTATION_STYLE_ASSIGNMENT((#1935));
#874=ADVANCED_FACE('',(#1936),#1937,.T.);
#875=PRESENTATION_STYLE_ASSIGNMENT((#1938));
#876=ADVANCED_FACE('',(#1939),#1940,.F.);
#877=PRESENTATION_STYLE_ASSIGNMENT((#1941));
#878=ADVANCED_FACE('',(#1942),#1943,.F.);
#879=PRESENTATION_STYLE_ASSIGNMENT((#1944));
#880=ADVANCED_FACE('',(#1945),#1946,.T.);
#881=PRESENTATION_STYLE_ASSIGNMENT((#1947));
#882=ADVANCED_FACE('',(#1948),#1949,.T.);
#883=PRESENTATION_STYLE_ASSIGNMENT((#1950));
#884=ADVANCED_FACE('',(#1951),#1952,.T.);
#885=PRESENTATION_STYLE_ASSIGNMENT((#1953));
#886=ADVANCED_FACE('',(#1954),#1955,.F.);
#887=PRESENTATION_STYLE_ASSIGNMENT((#1956));
#888=ADVANCED_FACE('',(#1957),#1958,.T.);
#889=PRESENTATION_STYLE_ASSIGNMENT((#1959));
#890=ADVANCED_FACE('',(#1960),#1961,.T.);
#891=PRESENTATION_STYLE_ASSIGNMENT((#1962));
#892=ADVANCED_FACE('',(#1963),#1964,.T.);
#893=PRESENTATION_STYLE_ASSIGNMENT((#1965));
#894=ADVANCED_FACE('',(#1966,#1967),#1968,.F.);
#895=PRESENTATION_STYLE_ASSIGNMENT((#1969));
#896=ADVANCED_FACE('',(#1970),#1971,.T.);
#897=PRESENTATION_STYLE_ASSIGNMENT((#1972));
#898=ADVANCED_FACE('',(#1973),#1974,.T.);
#899=PRESENTATION_STYLE_ASSIGNMENT((#1975));
#900=ADVANCED_FACE('',(#1976),#1977,.F.);
#901=PRESENTATION_STYLE_ASSIGNMENT((#1978));
#902=ADVANCED_FACE('',(#1979),#1980,.F.);
#903=PRESENTATION_STYLE_ASSIGNMENT((#1981));
#904=ADVANCED_FACE('',(#1982),#1983,.T.);
#905=PRESENTATION_STYLE_ASSIGNMENT((#1984));
#906=ADVANCED_FACE('',(#1985),#1986,.T.);
#907=PRESENTATION_STYLE_ASSIGNMENT((#1987));
#908=ADVANCED_FACE('',(#1988),#1989,.T.);
#909=PRESENTATION_STYLE_ASSIGNMENT((#1990));
#910=ADVANCED_FACE('',(#1991),#1992,.F.);
#911=PRESENTATION_STYLE_ASSIGNMENT((#1993));
#912=ADVANCED_FACE('',(#1994),#1995,.T.);
#913=PRESENTATION_STYLE_ASSIGNMENT((#1996));
#914=ADVANCED_FACE('',(#1997),#1998,.T.);
#915=PRESENTATION_STYLE_ASSIGNMENT((#1999));
#916=ADVANCED_FACE('',(#2000),#2001,.F.);
#917=PRESENTATION_STYLE_ASSIGNMENT((#2002));
#918=ADVANCED_FACE('',(#2003),#2004,.T.);
#919=PRESENTATION_STYLE_ASSIGNMENT((#2005));
#920=ADVANCED_FACE('',(#2006),#2007,.F.);
#921=PRESENTATION_STYLE_ASSIGNMENT((#2008));
#922=ADVANCED_FACE('',(#2009),#2010,.T.);
#923=PRESENTATION_STYLE_ASSIGNMENT((#2011));
#924=ADVANCED_FACE('',(#2012),#2013,.T.);
#925=PRESENTATION_STYLE_ASSIGNMENT((#2014));
#926=ADVANCED_FACE('',(#2015),#2016,.F.);
#927=PRESENTATION_STYLE_ASSIGNMENT((#2017));
#928=ADVANCED_FACE('',(#2018),#2019,.T.);
#929=PRESENTATION_STYLE_ASSIGNMENT((#2020));
#930=ADVANCED_FACE('',(#2021),#2022,.T.);
#931=PRESENTATION_STYLE_ASSIGNMENT((#2023));
#932=ADVANCED_FACE('',(#2024),#2025,.T.);
#933=PRESENTATION_STYLE_ASSIGNMENT((#2026));
#934=ADVANCED_FACE('',(#2027),#2028,.F.);
#935=PRESENTATION_STYLE_ASSIGNMENT((#2029));
#936=ADVANCED_FACE('',(#2030),#2031,.F.);
#937=PRESENTATION_STYLE_ASSIGNMENT((#2032));
#938=ADVANCED_FACE('',(#2033),#2034,.T.);
#939=PRESENTATION_STYLE_ASSIGNMENT((#2035));
#940=ADVANCED_FACE('',(#2036),#2037,.T.);
#941=PRESENTATION_STYLE_ASSIGNMENT((#2038));
#942=ADVANCED_FACE('',(#2039),#2040,.T.);
#943=PRESENTATION_STYLE_ASSIGNMENT((#2041));
#944=ADVANCED_FACE('',(#2042),#2043,.F.);
#945=PRESENTATION_STYLE_ASSIGNMENT((#2044));
#946=ADVANCED_FACE('',(#2045),#2046,.F.);
#947=PRESENTATION_STYLE_ASSIGNMENT((#2047));
#948=ADVANCED_FACE('',(#2048),#2049,.T.);
#949=PRESENTATION_STYLE_ASSIGNMENT((#2050));
#950=ADVANCED_FACE('',(#2051),#2052,.F.);
#951=PRESENTATION_STYLE_ASSIGNMENT((#2053));
#952=ADVANCED_FACE('',(#2054),#2055,.T.);
#953=PRESENTATION_STYLE_ASSIGNMENT((#2056));
#954=ADVANCED_FACE('',(#2057),#2058,.T.);
#955=PRESENTATION_STYLE_ASSIGNMENT((#2059));
#956=ADVANCED_FACE('',(#2060),#2061,.F.);
#957=PRESENTATION_STYLE_ASSIGNMENT((#2062));
#958=ADVANCED_FACE('',(#2063),#2064,.T.);
#959=PRESENTATION_STYLE_ASSIGNMENT((#2065));
#960=ADVANCED_FACE('',(#2066),#2067,.F.);
#961=PRESENTATION_STYLE_ASSIGNMENT((#2068));
#962=ADVANCED_FACE('',(#2069),#2070,.T.);
#963=PRESENTATION_STYLE_ASSIGNMENT((#2071));
#964=ADVANCED_FACE('',(#2072),#2073,.F.);
#965=PRESENTATION_STYLE_ASSIGNMENT((#2074));
#966=ADVANCED_FACE('',(#2075),#2076,.F.);
#967=PRESENTATION_STYLE_ASSIGNMENT((#2077));
#968=ADVANCED_FACE('',(#2078),#2079,.T.);
#969=PRESENTATION_STYLE_ASSIGNMENT((#2080));
#970=ADVANCED_FACE('',(#2081),#2082,.T.);
#971=PRESENTATION_STYLE_ASSIGNMENT((#2083));
#972=ADVANCED_FACE('',(#2084),#2085,.T.);
#973=PRESENTATION_STYLE_ASSIGNMENT((#2086));
#974=ADVANCED_FACE('',(#2087),#2088,.F.);
#975=PRESENTATION_STYLE_ASSIGNMENT((#2089));
#976=ADVANCED_FACE('',(#2090),#2091,.T.);
#977=PRESENTATION_STYLE_ASSIGNMENT((#2092));
#978=ADVANCED_FACE('',(#2093),#2094,.T.);
#979=PRESENTATION_STYLE_ASSIGNMENT((#2095));
#980=ADVANCED_FACE('',(#2096),#2097,.F.);
#981=PRESENTATION_STYLE_ASSIGNMENT((#2098));
#982=ADVANCED_FACE('',(#2099),#2100,.F.);
#983=PRESENTATION_STYLE_ASSIGNMENT((#2101));
#984=ADVANCED_FACE('',(#2102),#2103,.T.);
#985=PRESENTATION_STYLE_ASSIGNMENT((#2104));
#986=ADVANCED_FACE('',(#2105),#2106,.T.);
#987=PRESENTATION_STYLE_ASSIGNMENT((#2107));
#988=ADVANCED_FACE('',(#2108),#2109,.F.);
#989=PRESENTATION_STYLE_ASSIGNMENT((#2110));
#990=ADVANCED_FACE('',(#2111),#2112,.F.);
#991=PRESENTATION_STYLE_ASSIGNMENT((#2113));
#992=ADVANCED_FACE('',(#2114),#2115,.T.);
#993=PRESENTATION_STYLE_ASSIGNMENT((#2116));
#994=ADVANCED_FACE('',(#2117),#2118,.T.);
#995=PRESENTATION_STYLE_ASSIGNMENT((#2119));
#996=ADVANCED_FACE('',(#2120),#2121,.F.);
#997=PRESENTATION_STYLE_ASSIGNMENT((#2122));
#998=ADVANCED_FACE('',(#2123),#2124,.T.);
#999=PRESENTATION_STYLE_ASSIGNMENT((#2125));
#1000=ADVANCED_FACE('',(#2126),#2127,.T.);
#1001=PRESENTATION_STYLE_ASSIGNMENT((#2128));
#1002=ADVANCED_FACE('',(#2129),#2130,.T.);
#1003=PRESENTATION_STYLE_ASSIGNMENT((#2131));
#1004=ADVANCED_FACE('',(#2132),#2133,.T.);
#1005=PRESENTATION_STYLE_ASSIGNMENT((#2134));
#1006=ADVANCED_FACE('',(#2135),#2136,.F.);
#1007=PRESENTATION_STYLE_ASSIGNMENT((#2137));
#1008=ADVANCED_FACE('',(#2138),#2139,.F.);
#1009=PRESENTATION_STYLE_ASSIGNMENT((#2140));
#1010=ADVANCED_FACE('',(#2141),#2142,.T.);
#1011=PRESENTATION_STYLE_ASSIGNMENT((#2143));
#1012=ADVANCED_FACE('',(#2144),#2145,.F.);
#1013=PRESENTATION_STYLE_ASSIGNMENT((#2146));
#1014=ADVANCED_FACE('',(#2147),#2148,.F.);
#1015=PRESENTATION_STYLE_ASSIGNMENT((#2149));
#1016=ADVANCED_FACE('',(#2150),#2151,.T.);
#1017=PRESENTATION_STYLE_ASSIGNMENT((#2152));
#1018=ADVANCED_FACE('',(#2153),#2154,.T.);
#1019=PRESENTATION_STYLE_ASSIGNMENT((#2155));
#1020=ADVANCED_FACE('',(#2156),#2157,.T.);
#1021=PRESENTATION_STYLE_ASSIGNMENT((#2158));
#1022=ADVANCED_FACE('',(#2159),#2160,.T.);
#1023=PRESENTATION_STYLE_ASSIGNMENT((#2161));
#1024=ADVANCED_FACE('',(#2162),#2163,.T.);
#1025=PRESENTATION_STYLE_ASSIGNMENT((#2164));
#1026=ADVANCED_FACE('',(#2165),#2166,.T.);
#1027=PRESENTATION_STYLE_ASSIGNMENT((#2167));
#1028=ADVANCED_FACE('',(#2168),#2169,.T.);
#1029=PRESENTATION_STYLE_ASSIGNMENT((#2170));
#1030=ADVANCED_FACE('',(#2171),#2172,.F.);
#1031=PRESENTATION_STYLE_ASSIGNMENT((#2173));
#1032=ADVANCED_FACE('',(#2174),#2175,.F.);
#1033=PRESENTATION_STYLE_ASSIGNMENT((#2176));
#1034=ADVANCED_FACE('',(#2177),#2178,.F.);
#1035=PRESENTATION_STYLE_ASSIGNMENT((#2179));
#1036=ADVANCED_FACE('',(#2180),#2181,.T.);
#1037=PRESENTATION_STYLE_ASSIGNMENT((#2182));
#1038=ADVANCED_FACE('',(#2183),#2184,.F.);
#1039=PRESENTATION_STYLE_ASSIGNMENT((#2185));
#1040=ADVANCED_FACE('',(#2186),#2187,.T.);
#1041=PRESENTATION_STYLE_ASSIGNMENT((#2188));
#1042=ADVANCED_FACE('',(#2189),#2190,.T.);
#1043=PRESENTATION_STYLE_ASSIGNMENT((#2191));
#1044=ADVANCED_FACE('',(#2192),#2193,.F.);
#1045=PRESENTATION_STYLE_ASSIGNMENT((#2194));
#1046=ADVANCED_FACE('',(#2195),#2196,.T.);
#1047=PRESENTATION_STYLE_ASSIGNMENT((#2197));
#1048=ADVANCED_FACE('',(#2198),#2199,.F.);
#1049=PRESENTATION_STYLE_ASSIGNMENT((#2200));
#1050=ADVANCED_FACE('',(#2201),#2202,.F.);
#1051=PRESENTATION_STYLE_ASSIGNMENT((#2203));
#1052=ADVANCED_FACE('',(#2204),#2205,.T.);
#1053=PRESENTATION_STYLE_ASSIGNMENT((#2206));
#1054=ADVANCED_FACE('',(#2207),#2208,.T.);
#1055=PRESENTATION_STYLE_ASSIGNMENT((#2209));
#1056=ADVANCED_FACE('',(#2210),#2211,.T.);
#1057=PRESENTATION_STYLE_ASSIGNMENT((#2212));
#1058=ADVANCED_FACE('',(#2213,#2214),#2215,.T.);
#1059=PRESENTATION_STYLE_ASSIGNMENT((#2216));
#1060=ADVANCED_FACE('',(#2217),#2218,.T.);
#1061=PRESENTATION_STYLE_ASSIGNMENT((#2219));
#1062=ADVANCED_FACE('',(#2220),#2221,.T.);
#1063=PRESENTATION_STYLE_ASSIGNMENT((#2222));
#1064=ADVANCED_FACE('',(#2223),#2224,.T.);
#1065=PRESENTATION_STYLE_ASSIGNMENT((#2225));
#1066=ADVANCED_FACE('',(#2226),#2227,.F.);
#1067=PRESENTATION_STYLE_ASSIGNMENT((#2228));
#1068=ADVANCED_FACE('',(#2229),#2230,.T.);
#1069=PRESENTATION_STYLE_ASSIGNMENT((#2231));
#1070=ADVANCED_FACE('',(#2232),#2233,.F.);
#1071=PRESENTATION_STYLE_ASSIGNMENT((#2234));
#1072=ADVANCED_FACE('',(#2235),#2236,.T.);
#1073=PRESENTATION_STYLE_ASSIGNMENT((#2237));
#1074=ADVANCED_FACE('',(#2238),#2239,.F.);
#1075=PRESENTATION_STYLE_ASSIGNMENT((#2240));
#1076=ADVANCED_FACE('',(#2241),#2242,.T.);
#1077=PRESENTATION_STYLE_ASSIGNMENT((#2243));
#1078=ADVANCED_FACE('',(#2244),#2245,.T.);
#1079=PRESENTATION_STYLE_ASSIGNMENT((#2246));
#1080=ADVANCED_FACE('',(#2247),#2248,.F.);
#1081=PRESENTATION_STYLE_ASSIGNMENT((#2249));
#1082=ADVANCED_FACE('',(#2250),#2251,.F.);
#1083=PRESENTATION_STYLE_ASSIGNMENT((#2252));
#1084=ADVANCED_FACE('',(#2253),#2254,.T.);
#1085=PRESENTATION_STYLE_ASSIGNMENT((#2255));
#1086=ADVANCED_FACE('',(#2256),#2257,.T.);
#1087=PRESENTATION_STYLE_ASSIGNMENT((#2258));
#1088=ADVANCED_FACE('',(#2259),#2260,.T.);
#1089=PRESENTATION_STYLE_ASSIGNMENT((#2261));
#1090=ADVANCED_FACE('',(#2262),#2263,.F.);
#1091=PRESENTATION_STYLE_ASSIGNMENT((#2264));
#1092=ADVANCED_FACE('',(#2265),#2266,.T.);
#1093=PRESENTATION_STYLE_ASSIGNMENT((#2267));
#1094=ADVANCED_FACE('',(#2268),#2269,.T.);
#1095=PRESENTATION_STYLE_ASSIGNMENT((#2270));
#1096=ADVANCED_FACE('',(#2271),#2272,.T.);
#1097=PRESENTATION_STYLE_ASSIGNMENT((#2273));
#1098=ADVANCED_FACE('',(#2274,#2275),#2276,.F.);
#1099=PRESENTATION_STYLE_ASSIGNMENT((#2277));
#1100=ADVANCED_FACE('',(#2278),#2279,.T.);
#1101=PRESENTATION_STYLE_ASSIGNMENT((#2280));
#1102=ADVANCED_FACE('',(#2281),#2282,.T.);
#1103=PRESENTATION_STYLE_ASSIGNMENT((#2283));
#1104=ADVANCED_FACE('',(#2284),#2285,.F.);
#1105=PRESENTATION_STYLE_ASSIGNMENT((#2286));
#1106=ADVANCED_FACE('',(#2287),#2288,.F.);
#1107=PRESENTATION_STYLE_ASSIGNMENT((#2289));
#1108=ADVANCED_FACE('',(#2290),#2291,.T.);
#1109=PRESENTATION_STYLE_ASSIGNMENT((#2292));
#1110=ADVANCED_FACE('',(#2293),#2294,.T.);
#1111=PRESENTATION_STYLE_ASSIGNMENT((#2295));
#1112=ADVANCED_FACE('',(#2296),#2297,.T.);
#1113=PRESENTATION_STYLE_ASSIGNMENT((#2298));
#1114=ADVANCED_FACE('',(#2299),#2300,.F.);
#1115=PRESENTATION_STYLE_ASSIGNMENT((#2301));
#1116=ADVANCED_FACE('',(#2302),#2303,.T.);
#1117=PRESENTATION_STYLE_ASSIGNMENT((#2304));
#1118=ADVANCED_FACE('',(#2305),#2306,.T.);
#1119=PRESENTATION_STYLE_ASSIGNMENT((#2307));
#1120=ADVANCED_FACE('',(#2308),#2309,.F.);
#1121=PRESENTATION_STYLE_ASSIGNMENT((#2310));
#1122=ADVANCED_FACE('',(#2311),#2312,.T.);
#1123=PRESENTATION_STYLE_ASSIGNMENT((#2313));
#1124=ADVANCED_FACE('',(#2314),#2315,.F.);
#1125=PRESENTATION_STYLE_ASSIGNMENT((#2316));
#1126=ADVANCED_FACE('',(#2317),#2318,.T.);
#1127=PRESENTATION_STYLE_ASSIGNMENT((#2319));
#1128=ADVANCED_FACE('',(#2320),#2321,.T.);
#1129=PRESENTATION_STYLE_ASSIGNMENT((#2322));
#1130=ADVANCED_FACE('',(#2323),#2324,.F.);
#1131=PRESENTATION_STYLE_ASSIGNMENT((#2325));
#1132=ADVANCED_FACE('',(#2326),#2327,.T.);
#1133=PRESENTATION_STYLE_ASSIGNMENT((#2328));
#1134=ADVANCED_FACE('',(#2329),#2330,.T.);
#1135=PRESENTATION_STYLE_ASSIGNMENT((#2331));
#1136=ADVANCED_FACE('',(#2332),#2333,.T.);
#1137=PRESENTATION_STYLE_ASSIGNMENT((#2334));
#1138=ADVANCED_FACE('',(#2335),#2336,.F.);
#1139=PRESENTATION_STYLE_ASSIGNMENT((#2337));
#1140=ADVANCED_FACE('',(#2338),#2339,.F.);
#1141=PRESENTATION_STYLE_ASSIGNMENT((#2340));
#1142=ADVANCED_FACE('',(#2341),#2342,.T.);
#1143=PRESENTATION_STYLE_ASSIGNMENT((#2343));
#1144=ADVANCED_FACE('',(#2344),#2345,.T.);
#1145=PRESENTATION_STYLE_ASSIGNMENT((#2346));
#1146=ADVANCED_FACE('',(#2347),#2348,.T.);
#1147=PRESENTATION_STYLE_ASSIGNMENT((#2349));
#1148=ADVANCED_FACE('',(#2350),#2351,.F.);
#1149=PRESENTATION_STYLE_ASSIGNMENT((#2352));
#1150=ADVANCED_FACE('',(#2353),#2354,.F.);
#1151=PRESENTATION_STYLE_ASSIGNMENT((#2355));
#1152=ADVANCED_FACE('',(#2356),#2357,.T.);
#1153=PRESENTATION_STYLE_ASSIGNMENT((#2358));
#1154=ADVANCED_FACE('',(#2359),#2360,.F.);
#1155=PRESENTATION_STYLE_ASSIGNMENT((#2361));
#1156=ADVANCED_FACE('',(#2362),#2363,.T.);
#1157=PRESENTATION_STYLE_ASSIGNMENT((#2364));
#1158=ADVANCED_FACE('',(#2365),#2366,.T.);
#1159=PRESENTATION_STYLE_ASSIGNMENT((#2367));
#1160=ADVANCED_FACE('',(#2368),#2369,.F.);
#1161=PRESENTATION_STYLE_ASSIGNMENT((#2370));
#1162=ADVANCED_FACE('',(#2371),#2372,.T.);
#1163=PRESENTATION_STYLE_ASSIGNMENT((#2373));
#1164=ADVANCED_FACE('',(#2374),#2375,.F.);
#1165=PRESENTATION_STYLE_ASSIGNMENT((#2376));
#1166=ADVANCED_FACE('',(#2377),#2378,.T.);
#1167=PRESENTATION_STYLE_ASSIGNMENT((#2379));
#1168=ADVANCED_FACE('',(#2380),#2381,.F.);
#1169=PRESENTATION_STYLE_ASSIGNMENT((#2382));
#1170=ADVANCED_FACE('',(#2383),#2384,.F.);
#1171=PRESENTATION_STYLE_ASSIGNMENT((#2385));
#1172=ADVANCED_FACE('',(#2386),#2387,.T.);
#1173=PRESENTATION_STYLE_ASSIGNMENT((#2388));
#1174=ADVANCED_FACE('',(#2389),#2390,.T.);
#1175=PRESENTATION_STYLE_ASSIGNMENT((#2391));
#1176=ADVANCED_FACE('',(#2392),#2393,.T.);
#1177=PRESENTATION_STYLE_ASSIGNMENT((#2394));
#1178=ADVANCED_FACE('',(#2395),#2396,.F.);
#1179=PRESENTATION_STYLE_ASSIGNMENT((#2397));
#1180=ADVANCED_FACE('',(#2398),#2399,.T.);
#1181=PRESENTATION_STYLE_ASSIGNMENT((#2400));
#1182=ADVANCED_FACE('',(#2401),#2402,.T.);
#1183=PRESENTATION_STYLE_ASSIGNMENT((#2403));
#1184=ADVANCED_FACE('',(#2404),#2405,.F.);
#1185=PRESENTATION_STYLE_ASSIGNMENT((#2406));
#1186=ADVANCED_FACE('',(#2407),#2408,.F.);
#1187=PRESENTATION_STYLE_ASSIGNMENT((#2409));
#1188=ADVANCED_FACE('',(#2410),#2411,.T.);
#1189=PRESENTATION_STYLE_ASSIGNMENT((#2412));
#1190=ADVANCED_FACE('',(#2413),#2414,.T.);
#1191=PRESENTATION_STYLE_ASSIGNMENT((#2415));
#1192=ADVANCED_FACE('',(#2416),#2417,.F.);
#1193=PRESENTATION_STYLE_ASSIGNMENT((#2418));
#1194=ADVANCED_FACE('',(#2419),#2420,.F.);
#1195=PRESENTATION_STYLE_ASSIGNMENT((#2421));
#1196=ADVANCED_FACE('',(#2422),#2423,.T.);
#1197=PRESENTATION_STYLE_ASSIGNMENT((#2424));
#1198=ADVANCED_FACE('',(#2425),#2426,.T.);
#1199=PRESENTATION_STYLE_ASSIGNMENT((#2427));
#1200=ADVANCED_FACE('',(#2428),#2429,.F.);
#1201=PRESENTATION_STYLE_ASSIGNMENT((#2430));
#1202=ADVANCED_FACE('',(#2431),#2432,.T.);
#1203=PRESENTATION_STYLE_ASSIGNMENT((#2433));
#1204=ADVANCED_FACE('',(#2434),#2435,.T.);
#1205=PRESENTATION_STYLE_ASSIGNMENT((#2436));
#1206=ADVANCED_FACE('',(#2437),#2438,.T.);
#1207=PRESENTATION_STYLE_ASSIGNMENT((#2439));
#1208=ADVANCED_FACE('',(#2440),#2441,.T.);
#1209=PRESENTATION_STYLE_ASSIGNMENT((#2442));
#1210=ADVANCED_FACE('',(#2443),#2444,.F.);
#1211=PRESENTATION_STYLE_ASSIGNMENT((#2445));
#1212=ADVANCED_FACE('',(#2446),#2447,.F.);
#1213=PRESENTATION_STYLE_ASSIGNMENT((#2448));
#1214=ADVANCED_FACE('',(#2449),#2450,.T.);
#1215=PRESENTATION_STYLE_ASSIGNMENT((#2451));
#1216=ADVANCED_FACE('',(#2452),#2453,.F.);
#1217=PRESENTATION_STYLE_ASSIGNMENT((#2454));
#1218=ADVANCED_FACE('',(#2455),#2456,.F.);
#1219=PRESENTATION_STYLE_ASSIGNMENT((#2457));
#1220=ADVANCED_FACE('',(#2458),#2459,.T.);
#1221=PRESENTATION_STYLE_ASSIGNMENT((#2460));
#1222=ADVANCED_FACE('',(#2461),#2462,.T.);
#1223=PRESENTATION_STYLE_ASSIGNMENT((#2463));
#1224=ADVANCED_FACE('',(#2464),#2465,.T.);
#1225=PRESENTATION_STYLE_ASSIGNMENT((#2466));
#1226=ADVANCED_FACE('',(#2467),#2468,.T.);
#1227=PRESENTATION_STYLE_ASSIGNMENT((#2469));
#1228=ADVANCED_FACE('',(#2470),#2471,.T.);
#1229=PRESENTATION_STYLE_ASSIGNMENT((#2472));
#1230=ADVANCED_FACE('',(#2473),#2474,.T.);
#1231=PRESENTATION_STYLE_ASSIGNMENT((#2475));
#1232=ADVANCED_FACE('',(#2476),#2477,.T.);
#1233=PRESENTATION_STYLE_ASSIGNMENT((#2478));
#1234=ADVANCED_FACE('',(#2479),#2480,.F.);
#1235=PRESENTATION_STYLE_ASSIGNMENT((#2481));
#1236=ADVANCED_FACE('',(#2482),#2483,.F.);
#1237=PRESENTATION_STYLE_ASSIGNMENT((#2484));
#1238=ADVANCED_FACE('',(#2485),#2486,.F.);
#1239=PRESENTATION_STYLE_ASSIGNMENT((#2487));
#1240=ADVANCED_FACE('',(#2488),#2489,.T.);
#1241=PRESENTATION_STYLE_ASSIGNMENT((#2490));
#1242=ADVANCED_FACE('',(#2491),#2492,.F.);
#1243=PRESENTATION_STYLE_ASSIGNMENT((#2493));
#1244=ADVANCED_FACE('',(#2494),#2495,.T.);
#1245=PRESENTATION_STYLE_ASSIGNMENT((#2496));
#1246=ADVANCED_FACE('',(#2497),#2498,.T.);
#1247=PRESENTATION_STYLE_ASSIGNMENT((#2499));
#1248=ADVANCED_FACE('',(#2500),#2501,.F.);
#1249=PRESENTATION_STYLE_ASSIGNMENT((#2502));
#1250=ADVANCED_FACE('',(#2503),#2504,.T.);
#1251=PRESENTATION_STYLE_ASSIGNMENT((#2505));
#1252=ADVANCED_FACE('',(#2506),#2507,.F.);
#1253=PRODUCT('1','','PART--DESC',(#2508));
#1254=PRODUCT_DEFINITION('','NONE',#2509,#2);
#1255=MANIFOLD_SOLID_BREP('1',#2510);
#1256=AXIS2_PLACEMENT_3D('',#2511,#2512,#2513);
#1257=MANIFOLD_SOLID_BREP('2',#2514);
#1258=AXIS2_PLACEMENT_3D('',#2515,#2516,#2517);
#1259=MANIFOLD_SOLID_BREP('3',#2518);
#1260=AXIS2_PLACEMENT_3D('',#2519,#2520,#2521);
#1261=MANIFOLD_SOLID_BREP('4',#2522);
#1262=AXIS2_PLACEMENT_3D('',#2523,#2524,#2525);
#1265=LENGTH_MEASURE_WITH_UNIT(LENGTH_MEASURE(1.0),#2526);
#1268=DIMENSIONAL_EXPONENTS(1.0,0.0,0.0,0.0,0.0,0.0,0.0);
#1270=DIMENSIONAL_EXPONENTS(0.0,0.0,0.0,0.0,0.0,0.0,0.0);
#1276=SURFACE_STYLE_USAGE(.BOTH.,#2527);
#1277=FACE_OUTER_BOUND('',#2528,.T.);
#1278=CYLINDRICAL_SURFACE('',#2529,1.45);
#1279=SURFACE_STYLE_USAGE(.BOTH.,#2530);
#1280=FACE_OUTER_BOUND('',#2531,.T.);
#1281=CYLINDRICAL_SURFACE('',#2532,0.5);
#1282=SURFACE_STYLE_USAGE(.BOTH.,#2533);
#1283=FACE_OUTER_BOUND('',#2534,.T.);
#1284=CYLINDRICAL_SURFACE('',#2535,1.85);
#1285=SURFACE_STYLE_USAGE(.BOTH.,#2536);
#1286=FACE_OUTER_BOUND('',#2537,.T.);
#1287=PLANE('',#2538);
#1288=SURFACE_STYLE_USAGE(.BOTH.,#2539);
#1289=FACE_OUTER_BOUND('',#2540,.T.);
#1290=PLANE('',#2541);
#1291=SURFACE_STYLE_USAGE(.BOTH.,#2542);
#1292=FACE_OUTER_BOUND('',#2543,.T.);
#1293=PLANE('',#2544);
#1294=SURFACE_STYLE_USAGE(.BOTH.,#2545);
#1295=FACE_OUTER_BOUND('',#2546,.T.);
#1296=PLANE('',#2547);
#1297=SURFACE_STYLE_USAGE(.BOTH.,#2548);
#1298=FACE_OUTER_BOUND('',#2549,.T.);
#1299=PLANE('',#2550);
#1300=SURFACE_STYLE_USAGE(.BOTH.,#2551);
#1301=FACE_OUTER_BOUND('',#2552,.T.);
#1302=PLANE('',#2553);
#1303=SURFACE_STYLE_USAGE(.BOTH.,#2554);
#1304=FACE_OUTER_BOUND('',#2555,.T.);
#1305=PLANE('',#2556);
#1306=SURFACE_STYLE_USAGE(.BOTH.,#2557);
#1307=FACE_OUTER_BOUND('',#2558,.T.);
#1308=PLANE('',#2559);
#1309=SURFACE_STYLE_USAGE(.BOTH.,#2560);
#1310=FACE_OUTER_BOUND('',#2561,.T.);
#1311=PLANE('',#2562);
#1312=SURFACE_STYLE_USAGE(.BOTH.,#2563);
#1313=FACE_OUTER_BOUND('',#2564,.T.);
#1314=PLANE('',#2565);
#1315=SURFACE_STYLE_USAGE(.BOTH.,#2566);
#1316=FACE_OUTER_BOUND('',#2567,.T.);
#1317=PLANE('',#2568);
#1318=SURFACE_STYLE_USAGE(.BOTH.,#2569);
#1319=FACE_OUTER_BOUND('',#2570,.T.);
#1320=PLANE('',#2571);
#1321=SURFACE_STYLE_USAGE(.BOTH.,#2572);
#1322=FACE_OUTER_BOUND('',#2573,.T.);
#1323=CYLINDRICAL_SURFACE('',#2574,1.85);
#1324=SURFACE_STYLE_USAGE(.BOTH.,#2575);
#1325=FACE_OUTER_BOUND('',#2576,.T.);
#1326=FACE_BOUND('',#2577,.T.);
#1327=PLANE('',#2578);
#1328=SURFACE_STYLE_USAGE(.BOTH.,#2579);
#1329=FACE_OUTER_BOUND('',#2580,.T.);
#1330=PLANE('',#2581);
#1331=SURFACE_STYLE_USAGE(.BOTH.,#2582);
#1332=FACE_OUTER_BOUND('',#2583,.T.);
#1333=PLANE('',#2584);
#1334=SURFACE_STYLE_USAGE(.BOTH.,#2585);
#1335=FACE_OUTER_BOUND('',#2586,.T.);
#1336=PLANE('',#2587);
#1337=SURFACE_STYLE_USAGE(.BOTH.,#2588);
#1338=FACE_OUTER_BOUND('',#2589,.T.);
#1339=CYLINDRICAL_SURFACE('',#2590,0.5);
#1340=SURFACE_STYLE_USAGE(.BOTH.,#2591);
#1341=FACE_OUTER_BOUND('',#2592,.T.);
#1342=PLANE('',#2593);
#1343=SURFACE_STYLE_USAGE(.BOTH.,#2594);
#1344=FACE_OUTER_BOUND('',#2595,.T.);
#1345=PLANE('',#2596);
#1346=SURFACE_STYLE_USAGE(.BOTH.,#2597);
#1347=FACE_OUTER_BOUND('',#2598,.T.);
#1348=PLANE('',#2599);
#1349=SURFACE_STYLE_USAGE(.BOTH.,#2600);
#1350=FACE_OUTER_BOUND('',#2601,.T.);
#1351=PLANE('',#2602);
#1352=SURFACE_STYLE_USAGE(.BOTH.,#2603);
#1353=FACE_OUTER_BOUND('',#2604,.T.);
#1354=PLANE('',#2605);
#1355=SURFACE_STYLE_USAGE(.BOTH.,#2606);
#1356=FACE_OUTER_BOUND('',#2607,.T.);
#1357=CYLINDRICAL_SURFACE('',#2608,1.0);
#1358=SURFACE_STYLE_USAGE(.BOTH.,#2609);
#1359=FACE_OUTER_BOUND('',#2610,.T.);
#1360=PLANE('',#2611);
#1361=SURFACE_STYLE_USAGE(.BOTH.,#2612);
#1362=FACE_OUTER_BOUND('',#2613,.T.);
#1363=PLANE('',#2614);
#1364=SURFACE_STYLE_USAGE(.BOTH.,#2615);
#1365=FACE_OUTER_BOUND('',#2616,.T.);
#1366=CYLINDRICAL_SURFACE('',#2617,0.199999999999999);
#1367=SURFACE_STYLE_USAGE(.BOTH.,#2618);
#1368=FACE_OUTER_BOUND('',#2619,.T.);
#1369=PLANE('',#2620);
#1370=SURFACE_STYLE_USAGE(.BOTH.,#2621);
#1371=FACE_OUTER_BOUND('',#2622,.T.);
#1372=CYLINDRICAL_SURFACE('',#2623,0.2);
#1373=SURFACE_STYLE_USAGE(.BOTH.,#2624);
#1374=FACE_OUTER_BOUND('',#2625,.T.);
#1375=PLANE('',#2626);
#1376=SURFACE_STYLE_USAGE(.BOTH.,#2627);
#1377=FACE_OUTER_BOUND('',#2628,.T.);
#1378=CYLINDRICAL_SURFACE('',#2629,0.200000000000001);
#1379=SURFACE_STYLE_USAGE(.BOTH.,#2630);
#1380=FACE_OUTER_BOUND('',#2631,.T.);
#1381=PLANE('',#2632);
#1382=SURFACE_STYLE_USAGE(.BOTH.,#2633);
#1383=FACE_OUTER_BOUND('',#2634,.T.);
#1384=CYLINDRICAL_SURFACE('',#2635,0.1);
#1385=SURFACE_STYLE_USAGE(.BOTH.,#2636);
#1386=FACE_OUTER_BOUND('',#2637,.T.);
#1387=CYLINDRICAL_SURFACE('',#2638,0.1);
#1388=SURFACE_STYLE_USAGE(.BOTH.,#2639);
#1389=FACE_OUTER_BOUND('',#2640,.T.);
#1390=PLANE('',#2641);
#1391=SURFACE_STYLE_USAGE(.BOTH.,#2642);
#1392=FACE_OUTER_BOUND('',#2643,.T.);
#1393=PLANE('',#2644);
#1394=SURFACE_STYLE_USAGE(.BOTH.,#2645);
#1395=FACE_OUTER_BOUND('',#2646,.T.);
#1396=PLANE('',#2647);
#1397=SURFACE_STYLE_USAGE(.BOTH.,#2648);
#1398=FACE_OUTER_BOUND('',#2649,.T.);
#1399=CYLINDRICAL_SURFACE('',#2650,0.1);
#1400=SURFACE_STYLE_USAGE(.BOTH.,#2651);
#1401=FACE_OUTER_BOUND('',#2652,.T.);
#1402=PLANE('',#2653);
#1403=SURFACE_STYLE_USAGE(.BOTH.,#2654);
#1404=FACE_OUTER_BOUND('',#2655,.T.);
#1405=CYLINDRICAL_SURFACE('',#2656,0.799999999999989);
#1406=SURFACE_STYLE_USAGE(.BOTH.,#2657);
#1407=FACE_OUTER_BOUND('',#2658,.T.);
#1408=CYLINDRICAL_SURFACE('',#2659,0.2);
#1409=SURFACE_STYLE_USAGE(.BOTH.,#2660);
#1410=FACE_OUTER_BOUND('',#2661,.T.);
#1411=PLANE('',#2662);
#1412=SURFACE_STYLE_USAGE(.BOTH.,#2663);
#1413=FACE_OUTER_BOUND('',#2664,.T.);
#1414=PLANE('',#2665);
#1415=SURFACE_STYLE_USAGE(.BOTH.,#2666);
#1416=FACE_OUTER_BOUND('',#2667,.T.);
#1417=PLANE('',#2668);
#1418=SURFACE_STYLE_USAGE(.BOTH.,#2669);
#1419=FACE_OUTER_BOUND('',#2670,.T.);
#1420=PLANE('',#2671);
#1421=SURFACE_STYLE_USAGE(.BOTH.,#2672);
#1422=FACE_OUTER_BOUND('',#2673,.T.);
#1423=PLANE('',#2674);
#1424=SURFACE_STYLE_USAGE(.BOTH.,#2675);
#1425=FACE_OUTER_BOUND('',#2676,.T.);
#1426=FACE_BOUND('',#2677,.T.);
#1427=PLANE('',#2678);
#1428=SURFACE_STYLE_USAGE(.BOTH.,#2679);
#1429=FACE_OUTER_BOUND('',#2680,.T.);
#1430=PLANE('',#2681);
#1431=SURFACE_STYLE_USAGE(.BOTH.,#2682);
#1432=FACE_OUTER_BOUND('',#2683,.T.);
#1433=PLANE('',#2684);
#1434=SURFACE_STYLE_USAGE(.BOTH.,#2685);
#1435=FACE_OUTER_BOUND('',#2686,.T.);
#1436=PLANE('',#2687);
#1437=SURFACE_STYLE_USAGE(.BOTH.,#2688);
#1438=FACE_OUTER_BOUND('',#2689,.T.);
#1439=PLANE('',#2690);
#1440=SURFACE_STYLE_USAGE(.BOTH.,#2691);
#1441=FACE_OUTER_BOUND('',#2692,.T.);
#1442=PLANE('',#2693);
#1443=SURFACE_STYLE_USAGE(.BOTH.,#2694);
#1444=FACE_OUTER_BOUND('',#2695,.T.);
#1445=PLANE('',#2696);
#1446=SURFACE_STYLE_USAGE(.BOTH.,#2697);
#1447=FACE_OUTER_BOUND('',#2698,.T.);
#1448=PLANE('',#2699);
#1449=SURFACE_STYLE_USAGE(.BOTH.,#2700);
#1450=FACE_OUTER_BOUND('',#2701,.T.);
#1451=CYLINDRICAL_SURFACE('',#2702,0.1);
#1452=SURFACE_STYLE_USAGE(.BOTH.,#2703);
#1453=FACE_OUTER_BOUND('',#2704,.T.);
#1454=PLANE('',#2705);
#1455=SURFACE_STYLE_USAGE(.BOTH.,#2706);
#1456=FACE_OUTER_BOUND('',#2707,.T.);
#1457=CONICAL_SURFACE('',#2708,0.85,0.610865238198016);
#1458=SURFACE_STYLE_USAGE(.BOTH.,#2709);
#1459=FACE_OUTER_BOUND('',#2710,.T.);
#1460=CYLINDRICAL_SURFACE('',#2711,1.25);
#1461=SURFACE_STYLE_USAGE(.BOTH.,#2712);
#1462=FACE_OUTER_BOUND('',#2713,.T.);
#1463=PLANE('',#2714);
#1464=SURFACE_STYLE_USAGE(.BOTH.,#2715);
#1465=FACE_OUTER_BOUND('',#2716,.T.);
#1466=CONICAL_SURFACE('',#2717,0.85,0.610865238198016);
#1467=SURFACE_STYLE_USAGE(.BOTH.,#2718);
#1468=FACE_OUTER_BOUND('',#2719,.T.);
#1469=CYLINDRICAL_SURFACE('',#2720,1.25);
#1470=SURFACE_STYLE_USAGE(.BOTH.,#2721);
#1471=FACE_OUTER_BOUND('',#2722,.T.);
#1472=PLANE('',#2723);
#1473=SURFACE_STYLE_USAGE(.BOTH.,#2724);
#1474=FACE_OUTER_BOUND('',#2725,.T.);
#1475=CYLINDRICAL_SURFACE('',#2726,1.45);
#1476=SURFACE_STYLE_USAGE(.BOTH.,#2727);
#1477=FACE_OUTER_BOUND('',#2728,.T.);
#1478=PLANE('',#2729);
#1479=SURFACE_STYLE_USAGE(.BOTH.,#2730);
#1480=FACE_OUTER_BOUND('',#2731,.T.);
#1481=PLANE('',#2732);
#1482=SURFACE_STYLE_USAGE(.BOTH.,#2733);
#1483=FACE_OUTER_BOUND('',#2734,.T.);
#1484=CYLINDRICAL_SURFACE('',#2735,0.15);
#1485=SURFACE_STYLE_USAGE(.BOTH.,#2736);
#1486=FACE_OUTER_BOUND('',#2737,.T.);
#1487=CYLINDRICAL_SURFACE('',#2738,0.8);
#1488=SURFACE_STYLE_USAGE(.BOTH.,#2739);
#1489=FACE_OUTER_BOUND('',#2740,.T.);
#1490=CYLINDRICAL_SURFACE('',#2741,0.8);
#1491=SURFACE_STYLE_USAGE(.BOTH.,#2742);
#1492=FACE_OUTER_BOUND('',#2743,.T.);
#1493=CYLINDRICAL_SURFACE('',#2744,0.8);
#1494=SURFACE_STYLE_USAGE(.BOTH.,#2745);
#1495=FACE_OUTER_BOUND('',#2746,.T.);
#1496=PLANE('',#2747);
#1497=SURFACE_STYLE_USAGE(.BOTH.,#2748);
#1498=FACE_OUTER_BOUND('',#2749,.T.);
#1499=PLANE('',#2750);
#1500=SURFACE_STYLE_USAGE(.BOTH.,#2751);
#1501=FACE_OUTER_BOUND('',#2752,.T.);
#1502=PLANE('',#2753);
#1503=SURFACE_STYLE_USAGE(.BOTH.,#2754);
#1504=FACE_OUTER_BOUND('',#2755,.T.);
#1505=CYLINDRICAL_SURFACE('',#2756,0.15);
#1506=SURFACE_STYLE_USAGE(.BOTH.,#2757);
#1507=FACE_OUTER_BOUND('',#2758,.T.);
#1508=PLANE('',#2759);
#1509=SURFACE_STYLE_USAGE(.BOTH.,#2760);
#1510=FACE_OUTER_BOUND('',#2761,.T.);
#1511=PLANE('',#2762);
#1512=SURFACE_STYLE_USAGE(.BOTH.,#2763);
#1513=FACE_OUTER_BOUND('',#2764,.T.);
#1514=PLANE('',#2765);
#1515=SURFACE_STYLE_USAGE(.BOTH.,#2766);
#1516=FACE_OUTER_BOUND('',#2767,.T.);
#1517=CYLINDRICAL_SURFACE('',#2768,0.8);
#1518=SURFACE_STYLE_USAGE(.BOTH.,#2769);
#1519=FACE_OUTER_BOUND('',#2770,.T.);
#1520=CYLINDRICAL_SURFACE('',#2771,0.8);
#1521=SURFACE_STYLE_USAGE(.BOTH.,#2772);
#1522=FACE_OUTER_BOUND('',#2773,.T.);
#1523=PLANE('',#2774);
#1524=SURFACE_STYLE_USAGE(.BOTH.,#2775);
#1525=FACE_OUTER_BOUND('',#2776,.T.);
#1526=PLANE('',#2777);
#1527=SURFACE_STYLE_USAGE(.BOTH.,#2778);
#1528=FACE_OUTER_BOUND('',#2779,.T.);
#1529=PLANE('',#2780);
#1530=SURFACE_STYLE_USAGE(.BOTH.,#2781);
#1531=FACE_OUTER_BOUND('',#2782,.T.);
#1532=PLANE('',#2783);
#1533=SURFACE_STYLE_USAGE(.BOTH.,#2784);
#1534=FACE_OUTER_BOUND('',#2785,.T.);
#1535=PLANE('',#2786);
#1536=SURFACE_STYLE_USAGE(.BOTH.,#2787);
#1537=FACE_OUTER_BOUND('',#2788,.T.);
#1538=PLANE('',#2789);
#1539=SURFACE_STYLE_USAGE(.BOTH.,#2790);
#1540=FACE_OUTER_BOUND('',#2791,.T.);
#1541=PLANE('',#2792);
#1542=SURFACE_STYLE_USAGE(.BOTH.,#2793);
#1543=FACE_OUTER_BOUND('',#2794,.T.);
#1544=PLANE('',#2795);
#1545=SURFACE_STYLE_USAGE(.BOTH.,#2796);
#1546=FACE_OUTER_BOUND('',#2797,.T.);
#1547=PLANE('',#2798);
#1548=SURFACE_STYLE_USAGE(.BOTH.,#2799);
#1549=FACE_OUTER_BOUND('',#2800,.T.);
#1550=PLANE('',#2801);
#1551=SURFACE_STYLE_USAGE(.BOTH.,#2802);
#1552=FACE_OUTER_BOUND('',#2803,.T.);
#1553=PLANE('',#2804);
#1554=SURFACE_STYLE_USAGE(.BOTH.,#2805);
#1555=FACE_OUTER_BOUND('',#2806,.T.);
#1556=PLANE('',#2807);
#1557=SURFACE_STYLE_USAGE(.BOTH.,#2808);
#1558=FACE_OUTER_BOUND('',#2809,.T.);
#1559=PLANE('',#2810);
#1560=SURFACE_STYLE_USAGE(.BOTH.,#2811);
#1561=FACE_OUTER_BOUND('',#2812,.T.);
#1562=PLANE('',#2813);
#1563=SURFACE_STYLE_USAGE(.BOTH.,#2814);
#1564=FACE_OUTER_BOUND('',#2815,.T.);
#1565=PLANE('',#2816);
#1566=SURFACE_STYLE_USAGE(.BOTH.,#2817);
#1567=FACE_OUTER_BOUND('',#2818,.T.);
#1568=PLANE('',#2819);
#1569=SURFACE_STYLE_USAGE(.BOTH.,#2820);
#1570=FACE_OUTER_BOUND('',#2821,.T.);
#1571=PLANE('',#2822);
#1572=SURFACE_STYLE_USAGE(.BOTH.,#2823);
#1573=FACE_OUTER_BOUND('',#2824,.T.);
#1574=PLANE('',#2825);
#1575=SURFACE_STYLE_USAGE(.BOTH.,#2826);
#1576=FACE_OUTER_BOUND('',#2827,.T.);
#1577=PLANE('',#2828);
#1578=SURFACE_STYLE_USAGE(.BOTH.,#2829);
#1579=FACE_OUTER_BOUND('',#2830,.T.);
#1580=PLANE('',#2831);
#1581=SURFACE_STYLE_USAGE(.BOTH.,#2832);
#1582=FACE_OUTER_BOUND('',#2833,.T.);
#1583=PLANE('',#2834);
#1584=SURFACE_STYLE_USAGE(.BOTH.,#2835);
#1585=FACE_OUTER_BOUND('',#2836,.T.);
#1586=CYLINDRICAL_SURFACE('',#2837,1.45);
#1587=SURFACE_STYLE_USAGE(.BOTH.,#2838);
#1588=FACE_OUTER_BOUND('',#2839,.T.);
#1589=CYLINDRICAL_SURFACE('',#2840,0.5);
#1590=SURFACE_STYLE_USAGE(.BOTH.,#2841);
#1591=FACE_OUTER_BOUND('',#2842,.T.);
#1592=CYLINDRICAL_SURFACE('',#2843,1.85);
#1593=SURFACE_STYLE_USAGE(.BOTH.,#2844);
#1594=FACE_OUTER_BOUND('',#2845,.T.);
#1595=PLANE('',#2846);
#1596=SURFACE_STYLE_USAGE(.BOTH.,#2847);
#1597=FACE_BOUND('',#2848,.T.);
#1598=FACE_OUTER_BOUND('',#2849,.T.);
#1599=PLANE('',#2850);
#1600=SURFACE_STYLE_USAGE(.BOTH.,#2851);
#1601=FACE_OUTER_BOUND('',#2852,.T.);
#1602=PLANE('',#2853);
#1603=SURFACE_STYLE_USAGE(.BOTH.,#2854);
#1604=FACE_OUTER_BOUND('',#2855,.T.);
#1605=PLANE('',#2856);
#1606=SURFACE_STYLE_USAGE(.BOTH.,#2857);
#1607=FACE_OUTER_BOUND('',#2858,.T.);
#1608=PLANE('',#2859);
#1609=SURFACE_STYLE_USAGE(.BOTH.,#2860);
#1610=FACE_OUTER_BOUND('',#2861,.T.);
#1611=PLANE('',#2862);
#1612=SURFACE_STYLE_USAGE(.BOTH.,#2863);
#1613=FACE_OUTER_BOUND('',#2864,.T.);
#1614=PLANE('',#2865);
#1615=SURFACE_STYLE_USAGE(.BOTH.,#2866);
#1616=FACE_OUTER_BOUND('',#2867,.T.);
#1617=PLANE('',#2868);
#1618=SURFACE_STYLE_USAGE(.BOTH.,#2869);
#1619=FACE_OUTER_BOUND('',#2870,.T.);
#1620=CYLINDRICAL_SURFACE('',#2871,0.2);
#1621=SURFACE_STYLE_USAGE(.BOTH.,#2872);
#1622=FACE_OUTER_BOUND('',#2873,.T.);
#1623=PLANE('',#2874);
#1624=SURFACE_STYLE_USAGE(.BOTH.,#2875);
#1625=FACE_OUTER_BOUND('',#2876,.T.);
#1626=CYLINDRICAL_SURFACE('',#2877,0.199999999999999);
#1627=SURFACE_STYLE_USAGE(.BOTH.,#2878);
#1628=FACE_OUTER_BOUND('',#2879,.T.);
#1629=PLANE('',#2880);
#1630=SURFACE_STYLE_USAGE(.BOTH.,#2881);
#1631=FACE_OUTER_BOUND('',#2882,.T.);
#1632=CYLINDRICAL_SURFACE('',#2883,1.0);
#1633=SURFACE_STYLE_USAGE(.BOTH.,#2884);
#1634=FACE_OUTER_BOUND('',#2885,.T.);
#1635=PLANE('',#2886);
#1636=SURFACE_STYLE_USAGE(.BOTH.,#2887);
#1637=FACE_BOUND('',#2888,.T.);
#1638=FACE_OUTER_BOUND('',#2889,.T.);
#1639=PLANE('',#2890);
#1640=SURFACE_STYLE_USAGE(.BOTH.,#2891);
#1641=FACE_OUTER_BOUND('',#2892,.T.);
#1642=CYLINDRICAL_SURFACE('',#2893,0.1);
#1643=SURFACE_STYLE_USAGE(.BOTH.,#2894);
#1644=FACE_OUTER_BOUND('',#2895,.T.);
#1645=PLANE('',#2896);
#1646=SURFACE_STYLE_USAGE(.BOTH.,#2897);
#1647=FACE_OUTER_BOUND('',#2898,.T.);
#1648=PLANE('',#2899);
#1649=SURFACE_STYLE_USAGE(.BOTH.,#2900);
#1650=FACE_OUTER_BOUND('',#2901,.T.);
#1651=PLANE('',#2902);
#1652=SURFACE_STYLE_USAGE(.BOTH.,#2903);
#1653=FACE_OUTER_BOUND('',#2904,.T.);
#1654=CYLINDRICAL_SURFACE('',#2905,0.1);
#1655=SURFACE_STYLE_USAGE(.BOTH.,#2906);
#1656=FACE_OUTER_BOUND('',#2907,.T.);
#1657=PLANE('',#2908);
#1658=SURFACE_STYLE_USAGE(.BOTH.,#2909);
#1659=FACE_OUTER_BOUND('',#2910,.T.);
#1660=PLANE('',#2911);
#1661=SURFACE_STYLE_USAGE(.BOTH.,#2912);
#1662=FACE_OUTER_BOUND('',#2913,.T.);
#1663=CONICAL_SURFACE('',#2914,0.85,0.610865238198016);
#1664=SURFACE_STYLE_USAGE(.BOTH.,#2915);
#1665=FACE_OUTER_BOUND('',#2916,.T.);
#1666=CYLINDRICAL_SURFACE('',#2917,1.25);
#1667=SURFACE_STYLE_USAGE(.BOTH.,#2918);
#1668=FACE_OUTER_BOUND('',#2919,.T.);
#1669=PLANE('',#2920);
#1670=SURFACE_STYLE_USAGE(.BOTH.,#2921);
#1671=FACE_OUTER_BOUND('',#2922,.T.);
#1672=CYLINDRICAL_SURFACE('',#2923,0.15);
#1673=SURFACE_STYLE_USAGE(.BOTH.,#2924);
#1674=FACE_OUTER_BOUND('',#2925,.T.);
#1675=PLANE('',#2926);
#1676=SURFACE_STYLE_USAGE(.BOTH.,#2927);
#1677=FACE_OUTER_BOUND('',#2928,.T.);
#1678=CYLINDRICAL_SURFACE('',#2929,0.8);
#1679=SURFACE_STYLE_USAGE(.BOTH.,#2930);
#1680=FACE_OUTER_BOUND('',#2931,.T.);
#1681=PLANE('',#2932);
#1682=SURFACE_STYLE_USAGE(.BOTH.,#2933);
#1683=FACE_OUTER_BOUND('',#2934,.T.);
#1684=PLANE('',#2935);
#1685=SURFACE_STYLE_USAGE(.BOTH.,#2936);
#1686=FACE_OUTER_BOUND('',#2937,.T.);
#1687=PLANE('',#2938);
#1688=SURFACE_STYLE_USAGE(.BOTH.,#2939);
#1689=FACE_OUTER_BOUND('',#2940,.T.);
#1690=PLANE('',#2941);
#1691=SURFACE_STYLE_USAGE(.BOTH.,#2942);
#1692=FACE_OUTER_BOUND('',#2943,.T.);
#1693=PLANE('',#2944);
#1694=SURFACE_STYLE_USAGE(.BOTH.,#2945);
#1695=FACE_OUTER_BOUND('',#2946,.T.);
#1696=PLANE('',#2947);
#1697=SURFACE_STYLE_USAGE(.BOTH.,#2948);
#1698=FACE_OUTER_BOUND('',#2949,.T.);
#1699=CYLINDRICAL_SURFACE('',#2950,0.8);
#1700=SURFACE_STYLE_USAGE(.BOTH.,#2951);
#1701=FACE_OUTER_BOUND('',#2952,.T.);
#1702=PLANE('',#2953);
#1703=SURFACE_STYLE_USAGE(.BOTH.,#2954);
#1704=FACE_OUTER_BOUND('',#2955,.T.);
#1705=PLANE('',#2956);
#1706=SURFACE_STYLE_USAGE(.BOTH.,#2957);
#1707=FACE_OUTER_BOUND('',#2958,.T.);
#1708=PLANE('',#2959);
#1709=SURFACE_STYLE_USAGE(.BOTH.,#2960);
#1710=FACE_OUTER_BOUND('',#2961,.T.);
#1711=PLANE('',#2962);
#1712=SURFACE_STYLE_USAGE(.BOTH.,#2963);
#1713=FACE_OUTER_BOUND('',#2964,.T.);
#1714=CYLINDRICAL_SURFACE('',#2965,1.85);
#1715=SURFACE_STYLE_USAGE(.BOTH.,#2966);
#1716=FACE_OUTER_BOUND('',#2967,.T.);
#1717=PLANE('',#2968);
#1718=SURFACE_STYLE_USAGE(.BOTH.,#2969);
#1719=FACE_OUTER_BOUND('',#2970,.T.);
#1720=CYLINDRICAL_SURFACE('',#2971,0.8);
#1721=SURFACE_STYLE_USAGE(.BOTH.,#2972);
#1722=FACE_OUTER_BOUND('',#2973,.T.);
#1723=PLANE('',#2974);
#1724=SURFACE_STYLE_USAGE(.BOTH.,#2975);
#1725=FACE_OUTER_BOUND('',#2976,.T.);
#1726=PLANE('',#2977);
#1727=SURFACE_STYLE_USAGE(.BOTH.,#2978);
#1728=FACE_OUTER_BOUND('',#2979,.T.);
#1729=PLANE('',#2980);
#1730=SURFACE_STYLE_USAGE(.BOTH.,#2981);
#1731=FACE_OUTER_BOUND('',#2982,.T.);
#1732=CYLINDRICAL_SURFACE('',#2983,0.5);
#1733=SURFACE_STYLE_USAGE(.BOTH.,#2984);
#1734=FACE_OUTER_BOUND('',#2985,.T.);
#1735=PLANE('',#2986);
#1736=SURFACE_STYLE_USAGE(.BOTH.,#2987);
#1737=FACE_OUTER_BOUND('',#2988,.T.);
#1738=CYLINDRICAL_SURFACE('',#2989,0.200000000000001);
#1739=SURFACE_STYLE_USAGE(.BOTH.,#2990);
#1740=FACE_OUTER_BOUND('',#2991,.T.);
#1741=PLANE('',#2992);
#1742=SURFACE_STYLE_USAGE(.BOTH.,#2993);
#1743=FACE_OUTER_BOUND('',#2994,.T.);
#1744=CYLINDRICAL_SURFACE('',#2995,0.2);
#1745=SURFACE_STYLE_USAGE(.BOTH.,#2996);
#1746=FACE_OUTER_BOUND('',#2997,.T.);
#1747=CYLINDRICAL_SURFACE('',#2998,0.799999999999989);
#1748=SURFACE_STYLE_USAGE(.BOTH.,#2999);
#1749=FACE_OUTER_BOUND('',#3000,.T.);
#1750=PLANE('',#3001);
#1751=SURFACE_STYLE_USAGE(.BOTH.,#3002);
#1752=FACE_OUTER_BOUND('',#3003,.T.);
#1753=PLANE('',#3004);
#1754=SURFACE_STYLE_USAGE(.BOTH.,#3005);
#1755=FACE_OUTER_BOUND('',#3006,.T.);
#1756=PLANE('',#3007);
#1757=SURFACE_STYLE_USAGE(.BOTH.,#3008);
#1758=FACE_OUTER_BOUND('',#3009,.T.);
#1759=CYLINDRICAL_SURFACE('',#3010,0.1);
#1760=SURFACE_STYLE_USAGE(.BOTH.,#3011);
#1761=FACE_OUTER_BOUND('',#3012,.T.);
#1762=PLANE('',#3013);
#1763=SURFACE_STYLE_USAGE(.BOTH.,#3014);
#1764=FACE_OUTER_BOUND('',#3015,.T.);
#1765=CONICAL_SURFACE('',#3016,0.85,0.610865238198016);
#1766=SURFACE_STYLE_USAGE(.BOTH.,#3017);
#1767=FACE_OUTER_BOUND('',#3018,.T.);
#1768=CYLINDRICAL_SURFACE('',#3019,1.25);
#1769=SURFACE_STYLE_USAGE(.BOTH.,#3020);
#1770=FACE_OUTER_BOUND('',#3021,.T.);
#1771=PLANE('',#3022);
#1772=SURFACE_STYLE_USAGE(.BOTH.,#3023);
#1773=FACE_OUTER_BOUND('',#3024,.T.);
#1774=CYLINDRICAL_SURFACE('',#3025,0.8);
#1775=SURFACE_STYLE_USAGE(.BOTH.,#3026);
#1776=FACE_OUTER_BOUND('',#3027,.T.);
#1777=PLANE('',#3028);
#1778=SURFACE_STYLE_USAGE(.BOTH.,#3029);
#1779=FACE_OUTER_BOUND('',#3030,.T.);
#1780=CYLINDRICAL_SURFACE('',#3031,1.45);
#1781=SURFACE_STYLE_USAGE(.BOTH.,#3032);
#1782=FACE_OUTER_BOUND('',#3033,.T.);
#1783=PLANE('',#3034);
#1784=SURFACE_STYLE_USAGE(.BOTH.,#3035);
#1785=FACE_OUTER_BOUND('',#3036,.T.);
#1786=PLANE('',#3037);
#1787=SURFACE_STYLE_USAGE(.BOTH.,#3038);
#1788=FACE_OUTER_BOUND('',#3039,.T.);
#1789=PLANE('',#3040);
#1790=SURFACE_STYLE_USAGE(.BOTH.,#3041);
#1791=FACE_OUTER_BOUND('',#3042,.T.);
#1792=CYLINDRICAL_SURFACE('',#3043,0.1);
#1793=SURFACE_STYLE_USAGE(.BOTH.,#3044);
#1794=FACE_OUTER_BOUND('',#3045,.T.);
#1795=PLANE('',#3046);
#1796=SURFACE_STYLE_USAGE(.BOTH.,#3047);
#1797=FACE_OUTER_BOUND('',#3048,.T.);
#1798=PLANE('',#3049);
#1799=SURFACE_STYLE_USAGE(.BOTH.,#3050);
#1800=FACE_OUTER_BOUND('',#3051,.T.);
#1801=PLANE('',#3052);
#1802=SURFACE_STYLE_USAGE(.BOTH.,#3053);
#1803=FACE_OUTER_BOUND('',#3054,.T.);
#1804=PLANE('',#3055);
#1805=SURFACE_STYLE_USAGE(.BOTH.,#3056);
#1806=FACE_OUTER_BOUND('',#3057,.T.);
#1807=PLANE('',#3058);
#1808=SURFACE_STYLE_USAGE(.BOTH.,#3059);
#1809=FACE_OUTER_BOUND('',#3060,.T.);
#1810=PLANE('',#3061);
#1811=SURFACE_STYLE_USAGE(.BOTH.,#3062);
#1812=FACE_OUTER_BOUND('',#3063,.T.);
#1813=PLANE('',#3064);
#1814=SURFACE_STYLE_USAGE(.BOTH.,#3065);
#1815=FACE_OUTER_BOUND('',#3066,.T.);
#1816=PLANE('',#3067);
#1817=SURFACE_STYLE_USAGE(.BOTH.,#3068);
#1818=FACE_OUTER_BOUND('',#3069,.T.);
#1819=PLANE('',#3070);
#1820=SURFACE_STYLE_USAGE(.BOTH.,#3071);
#1821=FACE_OUTER_BOUND('',#3072,.T.);
#1822=PLANE('',#3073);
#1823=SURFACE_STYLE_USAGE(.BOTH.,#3074);
#1824=FACE_OUTER_BOUND('',#3075,.T.);
#1825=PLANE('',#3076);
#1826=SURFACE_STYLE_USAGE(.BOTH.,#3077);
#1827=FACE_OUTER_BOUND('',#3078,.T.);
#1828=PLANE('',#3079);
#1829=SURFACE_STYLE_USAGE(.BOTH.,#3080);
#1830=FACE_OUTER_BOUND('',#3081,.T.);
#1831=PLANE('',#3082);
#1832=SURFACE_STYLE_USAGE(.BOTH.,#3083);
#1833=FACE_OUTER_BOUND('',#3084,.T.);
#1834=PLANE('',#3085);
#1835=SURFACE_STYLE_USAGE(.BOTH.,#3086);
#1836=FACE_OUTER_BOUND('',#3087,.T.);
#1837=PLANE('',#3088);
#1838=SURFACE_STYLE_USAGE(.BOTH.,#3089);
#1839=FACE_OUTER_BOUND('',#3090,.T.);
#1840=PLANE('',#3091);
#1841=SURFACE_STYLE_USAGE(.BOTH.,#3092);
#1842=FACE_OUTER_BOUND('',#3093,.T.);
#1843=PLANE('',#3094);
#1844=SURFACE_STYLE_USAGE(.BOTH.,#3095);
#1845=FACE_OUTER_BOUND('',#3096,.T.);
#1846=PLANE('',#3097);
#1847=SURFACE_STYLE_USAGE(.BOTH.,#3098);
#1848=FACE_OUTER_BOUND('',#3099,.T.);
#1849=PLANE('',#3100);
#1850=SURFACE_STYLE_USAGE(.BOTH.,#3101);
#1851=FACE_OUTER_BOUND('',#3102,.T.);
#1852=PLANE('',#3103);
#1853=SURFACE_STYLE_USAGE(.BOTH.,#3104);
#1854=FACE_OUTER_BOUND('',#3105,.T.);
#1855=PLANE('',#3106);
#1856=SURFACE_STYLE_USAGE(.BOTH.,#3107);
#1857=FACE_OUTER_BOUND('',#3108,.T.);
#1858=PLANE('',#3109);
#1859=SURFACE_STYLE_USAGE(.BOTH.,#3110);
#1860=FACE_OUTER_BOUND('',#3111,.T.);
#1861=PLANE('',#3112);
#1862=SURFACE_STYLE_USAGE(.BOTH.,#3113);
#1863=FACE_OUTER_BOUND('',#3114,.T.);
#1864=PLANE('',#3115);
#1865=SURFACE_STYLE_USAGE(.BOTH.,#3116);
#1866=FACE_OUTER_BOUND('',#3117,.T.);
#1867=PLANE('',#3118);
#1868=SURFACE_STYLE_USAGE(.BOTH.,#3119);
#1869=FACE_OUTER_BOUND('',#3120,.T.);
#1870=PLANE('',#3121);
#1871=SURFACE_STYLE_USAGE(.BOTH.,#3122);
#1872=FACE_OUTER_BOUND('',#3123,.T.);
#1873=PLANE('',#3124);
#1874=SURFACE_STYLE_USAGE(.BOTH.,#3125);
#1875=FACE_OUTER_BOUND('',#3126,.T.);
#1876=CYLINDRICAL_SURFACE('',#3127,0.8);
#1877=SURFACE_STYLE_USAGE(.BOTH.,#3128);
#1878=FACE_OUTER_BOUND('',#3129,.T.);
#1879=PLANE('',#3130);
#1880=SURFACE_STYLE_USAGE(.BOTH.,#3131);
#1881=FACE_OUTER_BOUND('',#3132,.T.);
#1882=PLANE('',#3133);
#1883=SURFACE_STYLE_USAGE(.BOTH.,#3134);
#1884=FACE_OUTER_BOUND('',#3135,.T.);
#1885=PLANE('',#3136);
#1886=SURFACE_STYLE_USAGE(.BOTH.,#3137);
#1887=FACE_OUTER_BOUND('',#3138,.T.);
#1888=CYLINDRICAL_SURFACE('',#3139,0.15);
#1889=SURFACE_STYLE_USAGE(.BOTH.,#3140);
#1890=FACE_OUTER_BOUND('',#3141,.T.);
#1891=PLANE('',#3142);
#1892=SURFACE_STYLE_USAGE(.BOTH.,#3143);
#1893=FACE_OUTER_BOUND('',#3144,.T.);
#1894=CYLINDRICAL_SURFACE('',#3145,1.85);
#1895=SURFACE_STYLE_USAGE(.BOTH.,#3146);
#1896=FACE_OUTER_BOUND('',#3147,.T.);
#1897=CYLINDRICAL_SURFACE('',#3148,0.5);
#1898=SURFACE_STYLE_USAGE(.BOTH.,#3149);
#1899=FACE_OUTER_BOUND('',#3150,.T.);
#1900=CYLINDRICAL_SURFACE('',#3151,1.45);
#1901=SURFACE_STYLE_USAGE(.BOTH.,#3152);
#1902=FACE_OUTER_BOUND('',#3153,.T.);
#1903=PLANE('',#3154);
#1904=SURFACE_STYLE_USAGE(.BOTH.,#3155);
#1905=FACE_BOUND('',#3156,.T.);
#1906=FACE_OUTER_BOUND('',#3157,.T.);
#1907=PLANE('',#3158);
#1908=SURFACE_STYLE_USAGE(.BOTH.,#3159);
#1909=FACE_OUTER_BOUND('',#3160,.T.);
#1910=PLANE('',#3161);
#1911=SURFACE_STYLE_USAGE(.BOTH.,#3162);
#1912=FACE_OUTER_BOUND('',#3163,.T.);
#1913=PLANE('',#3164);
#1914=SURFACE_STYLE_USAGE(.BOTH.,#3165);
#1915=FACE_OUTER_BOUND('',#3166,.T.);
#1916=PLANE('',#3167);
#1917=SURFACE_STYLE_USAGE(.BOTH.,#3168);
#1918=FACE_OUTER_BOUND('',#3169,.T.);
#1919=PLANE('',#3170);
#1920=SURFACE_STYLE_USAGE(.BOTH.,#3171);
#1921=FACE_OUTER_BOUND('',#3172,.T.);
#1922=PLANE('',#3173);
#1923=SURFACE_STYLE_USAGE(.BOTH.,#3174);
#1924=FACE_OUTER_BOUND('',#3175,.T.);
#1925=PLANE('',#3176);
#1926=SURFACE_STYLE_USAGE(.BOTH.,#3177);
#1927=FACE_OUTER_BOUND('',#3178,.T.);
#1928=CYLINDRICAL_SURFACE('',#3179,1.45);
#1929=SURFACE_STYLE_USAGE(.BOTH.,#3180);
#1930=FACE_OUTER_BOUND('',#3181,.T.);
#1931=PLANE('',#3182);
#1932=SURFACE_STYLE_USAGE(.BOTH.,#3183);
#1933=FACE_OUTER_BOUND('',#3184,.T.);
#1934=PLANE('',#3185);
#1935=SURFACE_STYLE_USAGE(.BOTH.,#3186);
#1936=FACE_OUTER_BOUND('',#3187,.T.);
#1937=PLANE('',#3188);
#1938=SURFACE_STYLE_USAGE(.BOTH.,#3189);
#1939=FACE_OUTER_BOUND('',#3190,.T.);
#1940=CYLINDRICAL_SURFACE('',#3191,0.1);
#1941=SURFACE_STYLE_USAGE(.BOTH.,#3192);
#1942=FACE_OUTER_BOUND('',#3193,.T.);
#1943=PLANE('',#3194);
#1944=SURFACE_STYLE_USAGE(.BOTH.,#3195);
#1945=FACE_OUTER_BOUND('',#3196,.T.);
#1946=PLANE('',#3197);
#1947=SURFACE_STYLE_USAGE(.BOTH.,#3198);
#1948=FACE_OUTER_BOUND('',#3199,.T.);
#1949=PLANE('',#3200);
#1950=SURFACE_STYLE_USAGE(.BOTH.,#3201);
#1951=FACE_OUTER_BOUND('',#3202,.T.);
#1952=CYLINDRICAL_SURFACE('',#3203,1.0);
#1953=SURFACE_STYLE_USAGE(.BOTH.,#3204);
#1954=FACE_OUTER_BOUND('',#3205,.T.);
#1955=PLANE('',#3206);
#1956=SURFACE_STYLE_USAGE(.BOTH.,#3207);
#1957=FACE_OUTER_BOUND('',#3208,.T.);
#1958=PLANE('',#3209);
#1959=SURFACE_STYLE_USAGE(.BOTH.,#3210);
#1960=FACE_OUTER_BOUND('',#3211,.T.);
#1961=PLANE('',#3212);
#1962=SURFACE_STYLE_USAGE(.BOTH.,#3213);
#1963=FACE_OUTER_BOUND('',#3214,.T.);
#1964=PLANE('',#3215);
#1965=SURFACE_STYLE_USAGE(.BOTH.,#3216);
#1966=FACE_BOUND('',#3217,.T.);
#1967=FACE_OUTER_BOUND('',#3218,.T.);
#1968=PLANE('',#3219);
#1969=SURFACE_STYLE_USAGE(.BOTH.,#3220);
#1970=FACE_OUTER_BOUND('',#3221,.T.);
#1971=PLANE('',#3222);
#1972=SURFACE_STYLE_USAGE(.BOTH.,#3223);
#1973=FACE_OUTER_BOUND('',#3224,.T.);
#1974=PLANE('',#3225);
#1975=SURFACE_STYLE_USAGE(.BOTH.,#3226);
#1976=FACE_OUTER_BOUND('',#3227,.T.);
#1977=PLANE('',#3228);
#1978=SURFACE_STYLE_USAGE(.BOTH.,#3229);
#1979=FACE_OUTER_BOUND('',#3230,.T.);
#1980=PLANE('',#3231);
#1981=SURFACE_STYLE_USAGE(.BOTH.,#3232);
#1982=FACE_OUTER_BOUND('',#3233,.T.);
#1983=CYLINDRICAL_SURFACE('',#3234,0.5);
#1984=SURFACE_STYLE_USAGE(.BOTH.,#3235);
#1985=FACE_OUTER_BOUND('',#3236,.T.);
#1986=PLANE('',#3237);
#1987=SURFACE_STYLE_USAGE(.BOTH.,#3238);
#1988=FACE_OUTER_BOUND('',#3239,.T.);
#1989=PLANE('',#3240);
#1990=SURFACE_STYLE_USAGE(.BOTH.,#3241);
#1991=FACE_OUTER_BOUND('',#3242,.T.);
#1992=PLANE('',#3243);
#1993=SURFACE_STYLE_USAGE(.BOTH.,#3244);
#1994=FACE_OUTER_BOUND('',#3245,.T.);
#1995=PLANE('',#3246);
#1996=SURFACE_STYLE_USAGE(.BOTH.,#3247);
#1997=FACE_OUTER_BOUND('',#3248,.T.);
#1998=PLANE('',#3249);
#1999=SURFACE_STYLE_USAGE(.BOTH.,#3250);
#2000=FACE_OUTER_BOUND('',#3251,.T.);
#2001=PLANE('',#3252);
#2002=SURFACE_STYLE_USAGE(.BOTH.,#3253);
#2003=FACE_OUTER_BOUND('',#3254,.T.);
#2004=PLANE('',#3255);
#2005=SURFACE_STYLE_USAGE(.BOTH.,#3256);
#2006=FACE_OUTER_BOUND('',#3257,.T.);
#2007=CYLINDRICAL_SURFACE('',#3258,1.85);
#2008=SURFACE_STYLE_USAGE(.BOTH.,#3259);
#2009=FACE_OUTER_BOUND('',#3260,.T.);
#2010=PLANE('',#3261);
#2011=SURFACE_STYLE_USAGE(.BOTH.,#3262);
#2012=FACE_OUTER_BOUND('',#3263,.T.);
#2013=PLANE('',#3264);
#2014=SURFACE_STYLE_USAGE(.BOTH.,#3265);
#2015=FACE_OUTER_BOUND('',#3266,.T.);
#2016=PLANE('',#3267);
#2017=SURFACE_STYLE_USAGE(.BOTH.,#3268);
#2018=FACE_OUTER_BOUND('',#3269,.T.);
#2019=PLANE('',#3270);
#2020=SURFACE_STYLE_USAGE(.BOTH.,#3271);
#2021=FACE_OUTER_BOUND('',#3272,.T.);
#2022=PLANE('',#3273);
#2023=SURFACE_STYLE_USAGE(.BOTH.,#3274);
#2024=FACE_OUTER_BOUND('',#3275,.T.);
#2025=PLANE('',#3276);
#2026=SURFACE_STYLE_USAGE(.BOTH.,#3277);
#2027=FACE_OUTER_BOUND('',#3278,.T.);
#2028=PLANE('',#3279);
#2029=SURFACE_STYLE_USAGE(.BOTH.,#3280);
#2030=FACE_OUTER_BOUND('',#3281,.T.);
#2031=PLANE('',#3282);
#2032=SURFACE_STYLE_USAGE(.BOTH.,#3283);
#2033=FACE_OUTER_BOUND('',#3284,.T.);
#2034=PLANE('',#3285);
#2035=SURFACE_STYLE_USAGE(.BOTH.,#3286);
#2036=FACE_OUTER_BOUND('',#3287,.T.);
#2037=PLANE('',#3288);
#2038=SURFACE_STYLE_USAGE(.BOTH.,#3289);
#2039=FACE_OUTER_BOUND('',#3290,.T.);
#2040=PLANE('',#3291);
#2041=SURFACE_STYLE_USAGE(.BOTH.,#3292);
#2042=FACE_OUTER_BOUND('',#3293,.T.);
#2043=PLANE('',#3294);
#2044=SURFACE_STYLE_USAGE(.BOTH.,#3295);
#2045=FACE_OUTER_BOUND('',#3296,.T.);
#2046=CYLINDRICAL_SURFACE('',#3297,0.8);
#2047=SURFACE_STYLE_USAGE(.BOTH.,#3298);
#2048=FACE_OUTER_BOUND('',#3299,.T.);
#2049=PLANE('',#3300);
#2050=SURFACE_STYLE_USAGE(.BOTH.,#3301);
#2051=FACE_OUTER_BOUND('',#3302,.T.);
#2052=PLANE('',#3303);
#2053=SURFACE_STYLE_USAGE(.BOTH.,#3304);
#2054=FACE_OUTER_BOUND('',#3305,.T.);
#2055=PLANE('',#3306);
#2056=SURFACE_STYLE_USAGE(.BOTH.,#3307);
#2057=FACE_OUTER_BOUND('',#3308,.T.);
#2058=PLANE('',#3309);
#2059=SURFACE_STYLE_USAGE(.BOTH.,#3310);
#2060=FACE_OUTER_BOUND('',#3311,.T.);
#2061=CYLINDRICAL_SURFACE('',#3312,0.1);
#2062=SURFACE_STYLE_USAGE(.BOTH.,#3313);
#2063=FACE_OUTER_BOUND('',#3314,.T.);
#2064=PLANE('',#3315);
#2065=SURFACE_STYLE_USAGE(.BOTH.,#3316);
#2066=FACE_OUTER_BOUND('',#3317,.T.);
#2067=PLANE('',#3318);
#2068=SURFACE_STYLE_USAGE(.BOTH.,#3319);
#2069=FACE_OUTER_BOUND('',#3320,.T.);
#2070=PLANE('',#3321);
#2071=SURFACE_STYLE_USAGE(.BOTH.,#3322);
#2072=FACE_OUTER_BOUND('',#3323,.T.);
#2073=CYLINDRICAL_SURFACE('',#3324,0.1);
#2074=SURFACE_STYLE_USAGE(.BOTH.,#3325);
#2075=FACE_OUTER_BOUND('',#3326,.T.);
#2076=PLANE('',#3327);
#2077=SURFACE_STYLE_USAGE(.BOTH.,#3328);
#2078=FACE_OUTER_BOUND('',#3329,.T.);
#2079=PLANE('',#3330);
#2080=SURFACE_STYLE_USAGE(.BOTH.,#3331);
#2081=FACE_OUTER_BOUND('',#3332,.T.);
#2082=CONICAL_SURFACE('',#3333,0.85,0.610865238198016);
#2083=SURFACE_STYLE_USAGE(.BOTH.,#3334);
#2084=FACE_OUTER_BOUND('',#3335,.T.);
#2085=CYLINDRICAL_SURFACE('',#3336,1.25);
#2086=SURFACE_STYLE_USAGE(.BOTH.,#3337);
#2087=FACE_OUTER_BOUND('',#3338,.T.);
#2088=PLANE('',#3339);
#2089=SURFACE_STYLE_USAGE(.BOTH.,#3340);
#2090=FACE_OUTER_BOUND('',#3341,.T.);
#2091=PLANE('',#3342);
#2092=SURFACE_STYLE_USAGE(.BOTH.,#3343);
#2093=FACE_OUTER_BOUND('',#3344,.T.);
#2094=CYLINDRICAL_SURFACE('',#3345,0.8);
#2095=SURFACE_STYLE_USAGE(.BOTH.,#3346);
#2096=FACE_OUTER_BOUND('',#3347,.T.);
#2097=CYLINDRICAL_SURFACE('',#3348,0.15);
#2098=SURFACE_STYLE_USAGE(.BOTH.,#3349);
#2099=FACE_OUTER_BOUND('',#3350,.T.);
#2100=CYLINDRICAL_SURFACE('',#3351,0.15);
#2101=SURFACE_STYLE_USAGE(.BOTH.,#3352);
#2102=FACE_OUTER_BOUND('',#3353,.T.);
#2103=PLANE('',#3354);
#2104=SURFACE_STYLE_USAGE(.BOTH.,#3355);
#2105=FACE_OUTER_BOUND('',#3356,.T.);
#2106=CYLINDRICAL_SURFACE('',#3357,1.25);
#2107=SURFACE_STYLE_USAGE(.BOTH.,#3358);
#2108=FACE_OUTER_BOUND('',#3359,.T.);
#2109=CYLINDRICAL_SURFACE('',#3360,0.8);
#2110=SURFACE_STYLE_USAGE(.BOTH.,#3361);
#2111=FACE_OUTER_BOUND('',#3362,.T.);
#2112=PLANE('',#3363);
#2113=SURFACE_STYLE_USAGE(.BOTH.,#3364);
#2114=FACE_OUTER_BOUND('',#3365,.T.);
#2115=PLANE('',#3366);
#2116=SURFACE_STYLE_USAGE(.BOTH.,#3367);
#2117=FACE_OUTER_BOUND('',#3368,.T.);
#2118=CYLINDRICAL_SURFACE('',#3369,0.199999999999999);
#2119=SURFACE_STYLE_USAGE(.BOTH.,#3370);
#2120=FACE_OUTER_BOUND('',#3371,.T.);
#2121=PLANE('',#3372);
#2122=SURFACE_STYLE_USAGE(.BOTH.,#3373);
#2123=FACE_OUTER_BOUND('',#3374,.T.);
#2124=PLANE('',#3375);
#2125=SURFACE_STYLE_USAGE(.BOTH.,#3376);
#2126=FACE_OUTER_BOUND('',#3377,.T.);
#2127=PLANE('',#3378);
#2128=SURFACE_STYLE_USAGE(.BOTH.,#3379);
#2129=FACE_OUTER_BOUND('',#3380,.T.);
#2130=PLANE('',#3381);
#2131=SURFACE_STYLE_USAGE(.BOTH.,#3382);
#2132=FACE_OUTER_BOUND('',#3383,.T.);
#2133=CYLINDRICAL_SURFACE('',#3384,0.799999999999989);
#2134=SURFACE_STYLE_USAGE(.BOTH.,#3385);
#2135=FACE_OUTER_BOUND('',#3386,.T.);
#2136=PLANE('',#3387);
#2137=SURFACE_STYLE_USAGE(.BOTH.,#3388);
#2138=FACE_OUTER_BOUND('',#3389,.T.);
#2139=PLANE('',#3390);
#2140=SURFACE_STYLE_USAGE(.BOTH.,#3391);
#2141=FACE_OUTER_BOUND('',#3392,.T.);
#2142=PLANE('',#3393);
#2143=SURFACE_STYLE_USAGE(.BOTH.,#3394);
#2144=FACE_OUTER_BOUND('',#3395,.T.);
#2145=PLANE('',#3396);
#2146=SURFACE_STYLE_USAGE(.BOTH.,#3397);
#2147=FACE_OUTER_BOUND('',#3398,.T.);
#2148=CYLINDRICAL_SURFACE('',#3399,0.8);
#2149=SURFACE_STYLE_USAGE(.BOTH.,#3400);
#2150=FACE_OUTER_BOUND('',#3401,.T.);
#2151=PLANE('',#3402);
#2152=SURFACE_STYLE_USAGE(.BOTH.,#3403);
#2153=FACE_OUTER_BOUND('',#3404,.T.);
#2154=PLANE('',#3405);
#2155=SURFACE_STYLE_USAGE(.BOTH.,#3406);
#2156=FACE_OUTER_BOUND('',#3407,.T.);
#2157=PLANE('',#3408);
#2158=SURFACE_STYLE_USAGE(.BOTH.,#3409);
#2159=FACE_OUTER_BOUND('',#3410,.T.);
#2160=PLANE('',#3411);
#2161=SURFACE_STYLE_USAGE(.BOTH.,#3412);
#2162=FACE_OUTER_BOUND('',#3413,.T.);
#2163=CONICAL_SURFACE('',#3414,0.85,0.610865238198016);
#2164=SURFACE_STYLE_USAGE(.BOTH.,#3415);
#2165=FACE_OUTER_BOUND('',#3416,.T.);
#2166=CYLINDRICAL_SURFACE('',#3417,0.2);
#2167=SURFACE_STYLE_USAGE(.BOTH.,#3418);
#2168=FACE_OUTER_BOUND('',#3419,.T.);
#2169=PLANE('',#3420);
#2170=SURFACE_STYLE_USAGE(.BOTH.,#3421);
#2171=FACE_OUTER_BOUND('',#3422,.T.);
#2172=PLANE('',#3423);
#2173=SURFACE_STYLE_USAGE(.BOTH.,#3424);
#2174=FACE_OUTER_BOUND('',#3425,.T.);
#2175=PLANE('',#3426);
#2176=SURFACE_STYLE_USAGE(.BOTH.,#3427);
#2177=FACE_OUTER_BOUND('',#3428,.T.);
#2178=CYLINDRICAL_SURFACE('',#3429,0.2);
#2179=SURFACE_STYLE_USAGE(.BOTH.,#3430);
#2180=FACE_OUTER_BOUND('',#3431,.T.);
#2181=PLANE('',#3432);
#2182=SURFACE_STYLE_USAGE(.BOTH.,#3433);
#2183=FACE_OUTER_BOUND('',#3434,.T.);
#2184=CYLINDRICAL_SURFACE('',#3435,0.1);
#2185=SURFACE_STYLE_USAGE(.BOTH.,#3436);
#2186=FACE_OUTER_BOUND('',#3437,.T.);
#2187=PLANE('',#3438);
#2188=SURFACE_STYLE_USAGE(.BOTH.,#3439);
#2189=FACE_OUTER_BOUND('',#3440,.T.);
#2190=CYLINDRICAL_SURFACE('',#3441,0.200000000000001);
#2191=SURFACE_STYLE_USAGE(.BOTH.,#3442);
#2192=FACE_OUTER_BOUND('',#3443,.T.);
#2193=CYLINDRICAL_SURFACE('',#3444,0.8);
#2194=SURFACE_STYLE_USAGE(.BOTH.,#3445);
#2195=FACE_OUTER_BOUND('',#3446,.T.);
#2196=PLANE('',#3447);
#2197=SURFACE_STYLE_USAGE(.BOTH.,#3448);
#2198=FACE_OUTER_BOUND('',#3449,.T.);
#2199=PLANE('',#3450);
#2200=SURFACE_STYLE_USAGE(.BOTH.,#3451);
#2201=FACE_OUTER_BOUND('',#3452,.T.);
#2202=CYLINDRICAL_SURFACE('',#3453,1.85);
#2203=SURFACE_STYLE_USAGE(.BOTH.,#3454);
#2204=FACE_OUTER_BOUND('',#3455,.T.);
#2205=CYLINDRICAL_SURFACE('',#3456,0.5);
#2206=SURFACE_STYLE_USAGE(.BOTH.,#3457);
#2207=FACE_OUTER_BOUND('',#3458,.T.);
#2208=CYLINDRICAL_SURFACE('',#3459,1.45);
#2209=SURFACE_STYLE_USAGE(.BOTH.,#3460);
#2210=FACE_OUTER_BOUND('',#3461,.T.);
#2211=PLANE('',#3462);
#2212=SURFACE_STYLE_USAGE(.BOTH.,#3463);
#2213=FACE_BOUND('',#3464,.T.);
#2214=FACE_OUTER_BOUND('',#3465,.T.);
#2215=PLANE('',#3466);
#2216=SURFACE_STYLE_USAGE(.BOTH.,#3467);
#2217=FACE_OUTER_BOUND('',#3468,.T.);
#2218=PLANE('',#3469);
#2219=SURFACE_STYLE_USAGE(.BOTH.,#3470);
#2220=FACE_OUTER_BOUND('',#3471,.T.);
#2221=PLANE('',#3472);
#2222=SURFACE_STYLE_USAGE(.BOTH.,#3473);
#2223=FACE_OUTER_BOUND('',#3474,.T.);
#2224=PLANE('',#3475);
#2225=SURFACE_STYLE_USAGE(.BOTH.,#3476);
#2226=FACE_OUTER_BOUND('',#3477,.T.);
#2227=PLANE('',#3478);
#2228=SURFACE_STYLE_USAGE(.BOTH.,#3479);
#2229=FACE_OUTER_BOUND('',#3480,.T.);
#2230=PLANE('',#3481);
#2231=SURFACE_STYLE_USAGE(.BOTH.,#3482);
#2232=FACE_OUTER_BOUND('',#3483,.T.);
#2233=PLANE('',#3484);
#2234=SURFACE_STYLE_USAGE(.BOTH.,#3485);
#2235=FACE_OUTER_BOUND('',#3486,.T.);
#2236=CYLINDRICAL_SURFACE('',#3487,1.45);
#2237=SURFACE_STYLE_USAGE(.BOTH.,#3488);
#2238=FACE_OUTER_BOUND('',#3489,.T.);
#2239=PLANE('',#3490);
#2240=SURFACE_STYLE_USAGE(.BOTH.,#3491);
#2241=FACE_OUTER_BOUND('',#3492,.T.);
#2242=PLANE('',#3493);
#2243=SURFACE_STYLE_USAGE(.BOTH.,#3494);
#2244=FACE_OUTER_BOUND('',#3495,.T.);
#2245=PLANE('',#3496);
#2246=SURFACE_STYLE_USAGE(.BOTH.,#3497);
#2247=FACE_OUTER_BOUND('',#3498,.T.);
#2248=CYLINDRICAL_SURFACE('',#3499,0.1);
#2249=SURFACE_STYLE_USAGE(.BOTH.,#3500);
#2250=FACE_OUTER_BOUND('',#3501,.T.);
#2251=PLANE('',#3502);
#2252=SURFACE_STYLE_USAGE(.BOTH.,#3503);
#2253=FACE_OUTER_BOUND('',#3504,.T.);
#2254=PLANE('',#3505);
#2255=SURFACE_STYLE_USAGE(.BOTH.,#3506);
#2256=FACE_OUTER_BOUND('',#3507,.T.);
#2257=PLANE('',#3508);
#2258=SURFACE_STYLE_USAGE(.BOTH.,#3509);
#2259=FACE_OUTER_BOUND('',#3510,.T.);
#2260=CYLINDRICAL_SURFACE('',#3511,1.0);
#2261=SURFACE_STYLE_USAGE(.BOTH.,#3512);
#2262=FACE_OUTER_BOUND('',#3513,.T.);
#2263=PLANE('',#3514);
#2264=SURFACE_STYLE_USAGE(.BOTH.,#3515);
#2265=FACE_OUTER_BOUND('',#3516,.T.);
#2266=PLANE('',#3517);
#2267=SURFACE_STYLE_USAGE(.BOTH.,#3518);
#2268=FACE_OUTER_BOUND('',#3519,.T.);
#2269=PLANE('',#3520);
#2270=SURFACE_STYLE_USAGE(.BOTH.,#3521);
#2271=FACE_OUTER_BOUND('',#3522,.T.);
#2272=PLANE('',#3523);
#2273=SURFACE_STYLE_USAGE(.BOTH.,#3524);
#2274=FACE_BOUND('',#3525,.T.);
#2275=FACE_OUTER_BOUND('',#3526,.T.);
#2276=PLANE('',#3527);
#2277=SURFACE_STYLE_USAGE(.BOTH.,#3528);
#2278=FACE_OUTER_BOUND('',#3529,.T.);
#2279=PLANE('',#3530);
#2280=SURFACE_STYLE_USAGE(.BOTH.,#3531);
#2281=FACE_OUTER_BOUND('',#3532,.T.);
#2282=PLANE('',#3533);
#2283=SURFACE_STYLE_USAGE(.BOTH.,#3534);
#2284=FACE_OUTER_BOUND('',#3535,.T.);
#2285=PLANE('',#3536);
#2286=SURFACE_STYLE_USAGE(.BOTH.,#3537);
#2287=FACE_OUTER_BOUND('',#3538,.T.);
#2288=PLANE('',#3539);
#2289=SURFACE_STYLE_USAGE(.BOTH.,#3540);
#2290=FACE_OUTER_BOUND('',#3541,.T.);
#2291=CYLINDRICAL_SURFACE('',#3542,0.5);
#2292=SURFACE_STYLE_USAGE(.BOTH.,#3543);
#2293=FACE_OUTER_BOUND('',#3544,.T.);
#2294=PLANE('',#3545);
#2295=SURFACE_STYLE_USAGE(.BOTH.,#3546);
#2296=FACE_OUTER_BOUND('',#3547,.T.);
#2297=PLANE('',#3548);
#2298=SURFACE_STYLE_USAGE(.BOTH.,#3549);
#2299=FACE_OUTER_BOUND('',#3550,.T.);
#2300=PLANE('',#3551);
#2301=SURFACE_STYLE_USAGE(.BOTH.,#3552);
#2302=FACE_OUTER_BOUND('',#3553,.T.);
#2303=PLANE('',#3554);
#2304=SURFACE_STYLE_USAGE(.BOTH.,#3555);
#2305=FACE_OUTER_BOUND('',#3556,.T.);
#2306=PLANE('',#3557);
#2307=SURFACE_STYLE_USAGE(.BOTH.,#3558);
#2308=FACE_OUTER_BOUND('',#3559,.T.);
#2309=PLANE('',#3560);
#2310=SURFACE_STYLE_USAGE(.BOTH.,#3561);
#2311=FACE_OUTER_BOUND('',#3562,.T.);
#2312=PLANE('',#3563);
#2313=SURFACE_STYLE_USAGE(.BOTH.,#3564);
#2314=FACE_OUTER_BOUND('',#3565,.T.);
#2315=CYLINDRICAL_SURFACE('',#3566,1.85);
#2316=SURFACE_STYLE_USAGE(.BOTH.,#3567);
#2317=FACE_OUTER_BOUND('',#3568,.T.);
#2318=PLANE('',#3569);
#2319=SURFACE_STYLE_USAGE(.BOTH.,#3570);
#2320=FACE_OUTER_BOUND('',#3571,.T.);
#2321=PLANE('',#3572);
#2322=SURFACE_STYLE_USAGE(.BOTH.,#3573);
#2323=FACE_OUTER_BOUND('',#3574,.T.);
#2324=PLANE('',#3575);
#2325=SURFACE_STYLE_USAGE(.BOTH.,#3576);
#2326=FACE_OUTER_BOUND('',#3577,.T.);
#2327=PLANE('',#3578);
#2328=SURFACE_STYLE_USAGE(.BOTH.,#3579);
#2329=FACE_OUTER_BOUND('',#3580,.T.);
#2330=PLANE('',#3581);
#2331=SURFACE_STYLE_USAGE(.BOTH.,#3582);
#2332=FACE_OUTER_BOUND('',#3583,.T.);
#2333=PLANE('',#3584);
#2334=SURFACE_STYLE_USAGE(.BOTH.,#3585);
#2335=FACE_OUTER_BOUND('',#3586,.T.);
#2336=PLANE('',#3587);
#2337=SURFACE_STYLE_USAGE(.BOTH.,#3588);
#2338=FACE_OUTER_BOUND('',#3589,.T.);
#2339=PLANE('',#3590);
#2340=SURFACE_STYLE_USAGE(.BOTH.,#3591);
#2341=FACE_OUTER_BOUND('',#3592,.T.);
#2342=PLANE('',#3593);
#2343=SURFACE_STYLE_USAGE(.BOTH.,#3594);
#2344=FACE_OUTER_BOUND('',#3595,.T.);
#2345=PLANE('',#3596);
#2346=SURFACE_STYLE_USAGE(.BOTH.,#3597);
#2347=FACE_OUTER_BOUND('',#3598,.T.);
#2348=PLANE('',#3599);
#2349=SURFACE_STYLE_USAGE(.BOTH.,#3600);
#2350=FACE_OUTER_BOUND('',#3601,.T.);
#2351=PLANE('',#3602);
#2352=SURFACE_STYLE_USAGE(.BOTH.,#3603);
#2353=FACE_OUTER_BOUND('',#3604,.T.);
#2354=CYLINDRICAL_SURFACE('',#3605,0.8);
#2355=SURFACE_STYLE_USAGE(.BOTH.,#3606);
#2356=FACE_OUTER_BOUND('',#3607,.T.);
#2357=PLANE('',#3608);
#2358=SURFACE_STYLE_USAGE(.BOTH.,#3609);
#2359=FACE_OUTER_BOUND('',#3610,.T.);
#2360=PLANE('',#3611);
#2361=SURFACE_STYLE_USAGE(.BOTH.,#3612);
#2362=FACE_OUTER_BOUND('',#3613,.T.);
#2363=PLANE('',#3614);
#2364=SURFACE_STYLE_USAGE(.BOTH.,#3615);
#2365=FACE_OUTER_BOUND('',#3616,.T.);
#2366=PLANE('',#3617);
#2367=SURFACE_STYLE_USAGE(.BOTH.,#3618);
#2368=FACE_OUTER_BOUND('',#3619,.T.);
#2369=CYLINDRICAL_SURFACE('',#3620,0.1);
#2370=SURFACE_STYLE_USAGE(.BOTH.,#3621);
#2371=FACE_OUTER_BOUND('',#3622,.T.);
#2372=PLANE('',#3623);
#2373=SURFACE_STYLE_USAGE(.BOTH.,#3624);
#2374=FACE_OUTER_BOUND('',#3625,.T.);
#2375=PLANE('',#3626);
#2376=SURFACE_STYLE_USAGE(.BOTH.,#3627);
#2377=FACE_OUTER_BOUND('',#3628,.T.);
#2378=PLANE('',#3629);
#2379=SURFACE_STYLE_USAGE(.BOTH.,#3630);
#2380=FACE_OUTER_BOUND('',#3631,.T.);
#2381=CYLINDRICAL_SURFACE('',#3632,0.1);
#2382=SURFACE_STYLE_USAGE(.BOTH.,#3633);
#2383=FACE_OUTER_BOUND('',#3634,.T.);
#2384=PLANE('',#3635);
#2385=SURFACE_STYLE_USAGE(.BOTH.,#3636);
#2386=FACE_OUTER_BOUND('',#3637,.T.);
#2387=PLANE('',#3638);
#2388=SURFACE_STYLE_USAGE(.BOTH.,#3639);
#2389=FACE_OUTER_BOUND('',#3640,.T.);
#2390=CONICAL_SURFACE('',#3641,0.85,0.610865238198016);
#2391=SURFACE_STYLE_USAGE(.BOTH.,#3642);
#2392=FACE_OUTER_BOUND('',#3643,.T.);
#2393=CYLINDRICAL_SURFACE('',#3644,1.25);
#2394=SURFACE_STYLE_USAGE(.BOTH.,#3645);
#2395=FACE_OUTER_BOUND('',#3646,.T.);
#2396=PLANE('',#3647);
#2397=SURFACE_STYLE_USAGE(.BOTH.,#3648);
#2398=FACE_OUTER_BOUND('',#3649,.T.);
#2399=PLANE('',#3650);
#2400=SURFACE_STYLE_USAGE(.BOTH.,#3651);
#2401=FACE_OUTER_BOUND('',#3652,.T.);
#2402=CYLINDRICAL_SURFACE('',#3653,0.8);
#2403=SURFACE_STYLE_USAGE(.BOTH.,#3654);
#2404=FACE_OUTER_BOUND('',#3655,.T.);
#2405=CYLINDRICAL_SURFACE('',#3656,0.15);
#2406=SURFACE_STYLE_USAGE(.BOTH.,#3657);
#2407=FACE_OUTER_BOUND('',#3658,.T.);
#2408=CYLINDRICAL_SURFACE('',#3659,0.15);
#2409=SURFACE_STYLE_USAGE(.BOTH.,#3660);
#2410=FACE_OUTER_BOUND('',#3661,.T.);
#2411=PLANE('',#3662);
#2412=SURFACE_STYLE_USAGE(.BOTH.,#3663);
#2413=FACE_OUTER_BOUND('',#3664,.T.);
#2414=CYLINDRICAL_SURFACE('',#3665,1.25);
#2415=SURFACE_STYLE_USAGE(.BOTH.,#3666);
#2416=FACE_OUTER_BOUND('',#3667,.T.);
#2417=CYLINDRICAL_SURFACE('',#3668,0.8);
#2418=SURFACE_STYLE_USAGE(.BOTH.,#3669);
#2419=FACE_OUTER_BOUND('',#3670,.T.);
#2420=PLANE('',#3671);
#2421=SURFACE_STYLE_USAGE(.BOTH.,#3672);
#2422=FACE_OUTER_BOUND('',#3673,.T.);
#2423=PLANE('',#3674);
#2424=SURFACE_STYLE_USAGE(.BOTH.,#3675);
#2425=FACE_OUTER_BOUND('',#3676,.T.);
#2426=CYLINDRICAL_SURFACE('',#3677,0.199999999999999);
#2427=SURFACE_STYLE_USAGE(.BOTH.,#3678);
#2428=FACE_OUTER_BOUND('',#3679,.T.);
#2429=PLANE('',#3680);
#2430=SURFACE_STYLE_USAGE(.BOTH.,#3681);
#2431=FACE_OUTER_BOUND('',#3682,.T.);
#2432=PLANE('',#3683);
#2433=SURFACE_STYLE_USAGE(.BOTH.,#3684);
#2434=FACE_OUTER_BOUND('',#3685,.T.);
#2435=PLANE('',#3686);
#2436=SURFACE_STYLE_USAGE(.BOTH.,#3687);
#2437=FACE_OUTER_BOUND('',#3688,.T.);
#2438=PLANE('',#3689);
#2439=SURFACE_STYLE_USAGE(.BOTH.,#3690);
#2440=FACE_OUTER_BOUND('',#3691,.T.);
#2441=CYLINDRICAL_SURFACE('',#3692,0.799999999999989);
#2442=SURFACE_STYLE_USAGE(.BOTH.,#3693);
#2443=FACE_OUTER_BOUND('',#3694,.T.);
#2444=PLANE('',#3695);
#2445=SURFACE_STYLE_USAGE(.BOTH.,#3696);
#2446=FACE_OUTER_BOUND('',#3697,.T.);
#2447=PLANE('',#3698);
#2448=SURFACE_STYLE_USAGE(.BOTH.,#3699);
#2449=FACE_OUTER_BOUND('',#3700,.T.);
#2450=PLANE('',#3701);
#2451=SURFACE_STYLE_USAGE(.BOTH.,#3702);
#2452=FACE_OUTER_BOUND('',#3703,.T.);
#2453=PLANE('',#3704);
#2454=SURFACE_STYLE_USAGE(.BOTH.,#3705);
#2455=FACE_OUTER_BOUND('',#3706,.T.);
#2456=CYLINDRICAL_SURFACE('',#3707,0.8);
#2457=SURFACE_STYLE_USAGE(.BOTH.,#3708);
#2458=FACE_OUTER_BOUND('',#3709,.T.);
#2459=PLANE('',#3710);
#2460=SURFACE_STYLE_USAGE(.BOTH.,#3711);
#2461=FACE_OUTER_BOUND('',#3712,.T.);
#2462=PLANE('',#3713);
#2463=SURFACE_STYLE_USAGE(.BOTH.,#3714);
#2464=FACE_OUTER_BOUND('',#3715,.T.);
#2465=PLANE('',#3716);
#2466=SURFACE_STYLE_USAGE(.BOTH.,#3717);
#2467=FACE_OUTER_BOUND('',#3718,.T.);
#2468=PLANE('',#3719);
#2469=SURFACE_STYLE_USAGE(.BOTH.,#3720);
#2470=FACE_OUTER_BOUND('',#3721,.T.);
#2471=CONICAL_SURFACE('',#3722,0.85,0.610865238198016);
#2472=SURFACE_STYLE_USAGE(.BOTH.,#3723);
#2473=FACE_OUTER_BOUND('',#3724,.T.);
#2474=CYLINDRICAL_SURFACE('',#3725,0.2);
#2475=SURFACE_STYLE_USAGE(.BOTH.,#3726);
#2476=FACE_OUTER_BOUND('',#3727,.T.);
#2477=PLANE('',#3728);
#2478=SURFACE_STYLE_USAGE(.BOTH.,#3729);
#2479=FACE_OUTER_BOUND('',#3730,.T.);
#2480=PLANE('',#3731);
#2481=SURFACE_STYLE_USAGE(.BOTH.,#3732);
#2482=FACE_OUTER_BOUND('',#3733,.T.);
#2483=PLANE('',#3734);
#2484=SURFACE_STYLE_USAGE(.BOTH.,#3735);
#2485=FACE_OUTER_BOUND('',#3736,.T.);
#2486=CYLINDRICAL_SURFACE('',#3737,0.2);
#2487=SURFACE_STYLE_USAGE(.BOTH.,#3738);
#2488=FACE_OUTER_BOUND('',#3739,.T.);
#2489=PLANE('',#3740);
#2490=SURFACE_STYLE_USAGE(.BOTH.,#3741);
#2491=FACE_OUTER_BOUND('',#3742,.T.);
#2492=CYLINDRICAL_SURFACE('',#3743,0.1);
#2493=SURFACE_STYLE_USAGE(.BOTH.,#3744);
#2494=FACE_OUTER_BOUND('',#3745,.T.);
#2495=PLANE('',#3746);
#2496=SURFACE_STYLE_USAGE(.BOTH.,#3747);
#2497=FACE_OUTER_BOUND('',#3748,.T.);
#2498=CYLINDRICAL_SURFACE('',#3749,0.200000000000001);
#2499=SURFACE_STYLE_USAGE(.BOTH.,#3750);
#2500=FACE_OUTER_BOUND('',#3751,.T.);
#2501=CYLINDRICAL_SURFACE('',#3752,0.8);
#2502=SURFACE_STYLE_USAGE(.BOTH.,#3753);
#2503=FACE_OUTER_BOUND('',#3754,.T.);
#2504=PLANE('',#3755);
#2505=SURFACE_STYLE_USAGE(.BOTH.,#3756);
#2506=FACE_OUTER_BOUND('',#3757,.T.);
#2507=PLANE('',#3758);
#2508=PRODUCT_CONTEXT('',#421,'mechanical');
#2509=PRODUCT_DEFINITION_FORMATION_WITH_SPECIFIED_SOURCE(' ','NONE',#1253,.NOT_KNOWN.);
#2510=CLOSED_SHELL('',(#438,#440,#442,#444,#446,#448,#450,#452,#454,#456,#458,#460,#462,#464,#466,#468,#470,#472,#474,#476,#478,#480,#482,#484,#486,#488,#490,#492,#494,#496,#498,#500,#502,#504,#506,#508,#510,#512,#514,#516,#518,#520,#522,#524,#526,#528,#530,#532,#534,#536,#538,#540,#542,#544,#546,#548,#550,#552,#554,#556,#558,#560,#562,#564,#566,#568,#570,#572,#574,#576,#578,#580,#582,#584,#586,#588,#590,#592,#594,#596,#598,#600,#602,#604,#606,#608,#610,#612,#614,#616,#618,#620,#622,#624,#626,#628,#630,#632,#634,#636,#638,#640));
#2511=CARTESIAN_POINT('',(0.0,0.0,0.0));
#2512=DIRECTION('',(0.0,0.0,1.0));
#2513=DIRECTION('',(1.0,0.0,0.0));
#2514=CLOSED_SHELL('',(#642,#644,#646,#648,#650,#652,#654,#656,#658,#660,#662,#664,#666,#668,#670,#672,#674,#676,#678,#680,#682,#684,#686,#688,#690,#692,#694,#696,#698,#700,#702,#704,#706,#708,#710,#712,#714,#716,#718,#720,#722,#724,#726,#728,#730,#732,#734,#736,#738,#740,#742,#744,#746,#748,#750,#752,#754,#756,#758,#760,#762,#764,#766,#768,#770,#772,#774,#776,#778,#780,#782,#784,#786,#788,#790,#792,#794,#796,#798,#800,#802,#804,#806,#808,#810,#812,#814,#816,#818,#820,#822,#824,#826,#828,#830,#832,#834,#836,#838,#840,#842,#844));
#2515=CARTESIAN_POINT('',(0.0,0.0,0.0));
#2516=DIRECTION('',(0.0,0.0,1.0));
#2517=DIRECTION('',(1.0,0.0,0.0));
#2518=CLOSED_SHELL('',(#846,#848,#850,#852,#854,#856,#858,#860,#862,#864,#866,#868,#870,#872,#874,#876,#878,#880,#882,#884,#886,#888,#890,#892,#894,#896,#898,#900,#902,#904,#906,#908,#910,#912,#914,#916,#918,#920,#922,#924,#926,#928,#930,#932,#934,#936,#938,#940,#942,#944,#946,#948,#950,#952,#954,#956,#958,#960,#962,#964,#966,#968,#970,#972,#974,#976,#978,#980,#982,#984,#986,#988,#990,#992,#994,#996,#998,#1000,#1002,#1004,#1006,#1008,#1010,#1012,#1014,#1016,#1018,#1020,#1022,#1024,#1026,#1028,#1030,#1032,#1034,#1036,#1038,#1040,#1042,#1044,#1046,#1048));
#2519=CARTESIAN_POINT('',(0.0,0.0,0.0));
#2520=DIRECTION('',(0.0,0.0,1.0));
#2521=DIRECTION('',(1.0,0.0,0.0));
#2522=CLOSED_SHELL('',(#1050,#1052,#1054,#1056,#1058,#1060,#1062,#1064,#1066,#1068,#1070,#1072,#1074,#1076,#1078,#1080,#1082,#1084,#1086,#1088,#1090,#1092,#1094,#1096,#1098,#1100,#1102,#1104,#1106,#1108,#1110,#1112,#1114,#1116,#1118,#1120,#1122,#1124,#1126,#1128,#1130,#1132,#1134,#1136,#1138,#1140,#1142,#1144,#1146,#1148,#1150,#1152,#1154,#1156,#1158,#1160,#1162,#1164,#1166,#1168,#1170,#1172,#1174,#1176,#1178,#1180,#1182,#1184,#1186,#1188,#1190,#1192,#1194,#1196,#1198,#1200,#1202,#1204,#1206,#1208,#1210,#1212,#1214,#1216,#1218,#1220,#1222,#1224,#1226,#1228,#1230,#1232,#1234,#1236,#1238,#1240,#1242,#1244,#1246,#1248,#1250,#1252));
#2523=CARTESIAN_POINT('',(0.0,0.0,0.0));
#2524=DIRECTION('',(0.0,0.0,1.0));
#2525=DIRECTION('',(1.0,0.0,0.0));
#2526= (NAMED_UNIT(#1268)LENGTH_UNIT()SI_UNIT(.MILLI.,.METRE.));
#2527=SURFACE_SIDE_STYLE('',(#3760));
#2528=EDGE_LOOP('',(#3761,#3762,#3763));
#2529=AXIS2_PLACEMENT_3D('',#3764,#3765,#3766);
#2530=SURFACE_SIDE_STYLE('',(#3767));
#2531=EDGE_LOOP('',(#3768,#3769,#3770,#3771));
#2532=AXIS2_PLACEMENT_3D('',#3772,#3773,#3774);
#2533=SURFACE_SIDE_STYLE('',(#3775));
#2534=EDGE_LOOP('',(#3776,#3777,#3778,#3779,#3780,#3781,#3782,#3783));
#2535=AXIS2_PLACEMENT_3D('',#3784,#3785,#3786);
#2536=SURFACE_SIDE_STYLE('',(#3787));
#2537=EDGE_LOOP('',(#3788,#3789,#3790,#3791));
#2538=AXIS2_PLACEMENT_3D('',#3792,#3793,#3794);
#2539=SURFACE_SIDE_STYLE('',(#3795));
#2540=EDGE_LOOP('',(#3796,#3797,#3798,#3799,#3800,#3801,#3802,#3803,#3804,#3805,#3806,#3807,#3808,#3809));
#2541=AXIS2_PLACEMENT_3D('',#3810,#3811,#3812);
#2542=SURFACE_SIDE_STYLE('',(#3813));
#2543=EDGE_LOOP('',(#3814,#3815,#3816,#3817));
#2544=AXIS2_PLACEMENT_3D('',#3818,#3819,#3820);
#2545=SURFACE_SIDE_STYLE('',(#3821));
#2546=EDGE_LOOP('',(#3822,#3823,#3824,#3825));
#2547=AXIS2_PLACEMENT_3D('',#3826,#3827,#3828);
#2548=SURFACE_SIDE_STYLE('',(#3829));
#2549=EDGE_LOOP('',(#3830,#3831,#3832,#3833));
#2550=AXIS2_PLACEMENT_3D('',#3834,#3835,#3836);
#2551=SURFACE_SIDE_STYLE('',(#3837));
#2552=EDGE_LOOP('',(#3838,#3839,#3840,#3841));
#2553=AXIS2_PLACEMENT_3D('',#3842,#3843,#3844);
#2554=SURFACE_SIDE_STYLE('',(#3845));
#2555=EDGE_LOOP('',(#3846,#3847,#3848,#3849,#3850,#3851,#3852,#3853,#3854,#3855,#3856,#3857,#3858,#3859,#3860,#3861,#3862));
#2556=AXIS2_PLACEMENT_3D('',#3863,#3864,#3865);
#2557=SURFACE_SIDE_STYLE('',(#3866));
#2558=EDGE_LOOP('',(#3867,#3868,#3869));
#2559=AXIS2_PLACEMENT_3D('',#3870,#3871,#3872);
#2560=SURFACE_SIDE_STYLE('',(#3873));
#2561=EDGE_LOOP('',(#3874,#3875,#3876));
#2562=AXIS2_PLACEMENT_3D('',#3877,#3878,#3879);
#2563=SURFACE_SIDE_STYLE('',(#3880));
#2564=EDGE_LOOP('',(#3881,#3882,#3883,#3884));
#2565=AXIS2_PLACEMENT_3D('',#3885,#3886,#3887);
#2566=SURFACE_SIDE_STYLE('',(#3888));
#2567=EDGE_LOOP('',(#3889,#3890,#3891,#3892));
#2568=AXIS2_PLACEMENT_3D('',#3893,#3894,#3895);
#2569=SURFACE_SIDE_STYLE('',(#3896));
#2570=EDGE_LOOP('',(#3897,#3898,#3899,#3900));
#2571=AXIS2_PLACEMENT_3D('',#3901,#3902,#3903);
#2572=SURFACE_SIDE_STYLE('',(#3904));
#2573=EDGE_LOOP('',(#3905,#3906,#3907,#3908,#3909,#3910,#3911,#3912));
#2574=AXIS2_PLACEMENT_3D('',#3913,#3914,#3915);
#2575=SURFACE_SIDE_STYLE('',(#3916));
#2576=EDGE_LOOP('',(#3917,#3918,#3919,#3920));
#2577=EDGE_LOOP('',(#3921,#3922));
#2578=AXIS2_PLACEMENT_3D('',#3923,#3924,#3925);
#2579=SURFACE_SIDE_STYLE('',(#3926));
#2580=EDGE_LOOP('',(#3927,#3928,#3929,#3930));
#2581=AXIS2_PLACEMENT_3D('',#3931,#3932,#3933);
#2582=SURFACE_SIDE_STYLE('',(#3934));
#2583=EDGE_LOOP('',(#3935,#3936,#3937,#3938,#3939));
#2584=AXIS2_PLACEMENT_3D('',#3940,#3941,#3942);
#2585=SURFACE_SIDE_STYLE('',(#3943));
#2586=EDGE_LOOP('',(#3944,#3945,#3946,#3947));
#2587=AXIS2_PLACEMENT_3D('',#3948,#3949,#3950);
#2588=SURFACE_SIDE_STYLE('',(#3951));
#2589=EDGE_LOOP('',(#3952,#3953,#3954,#3955));
#2590=AXIS2_PLACEMENT_3D('',#3956,#3957,#3958);
#2591=SURFACE_SIDE_STYLE('',(#3959));
#2592=EDGE_LOOP('',(#3960,#3961,#3962,#3963));
#2593=AXIS2_PLACEMENT_3D('',#3964,#3965,#3966);
#2594=SURFACE_SIDE_STYLE('',(#3967));
#2595=EDGE_LOOP('',(#3968,#3969,#3970,#3971));
#2596=AXIS2_PLACEMENT_3D('',#3972,#3973,#3974);
#2597=SURFACE_SIDE_STYLE('',(#3975));
#2598=EDGE_LOOP('',(#3976,#3977,#3978,#3979,#3980));
#2599=AXIS2_PLACEMENT_3D('',#3981,#3982,#3983);
#2600=SURFACE_SIDE_STYLE('',(#3984));
#2601=EDGE_LOOP('',(#3985,#3986,#3987));
#2602=AXIS2_PLACEMENT_3D('',#3988,#3989,#3990);
#2603=SURFACE_SIDE_STYLE('',(#3991));
#2604=EDGE_LOOP('',(#3992,#3993,#3994,#3995));
#2605=AXIS2_PLACEMENT_3D('',#3996,#3997,#3998);
#2606=SURFACE_SIDE_STYLE('',(#3999));
#2607=EDGE_LOOP('',(#4000,#4001,#4002,#4003));
#2608=AXIS2_PLACEMENT_3D('',#4004,#4005,#4006);
#2609=SURFACE_SIDE_STYLE('',(#4007));
#2610=EDGE_LOOP('',(#4008,#4009,#4010,#4011));
#2611=AXIS2_PLACEMENT_3D('',#4012,#4013,#4014);
#2612=SURFACE_SIDE_STYLE('',(#4015));
#2613=EDGE_LOOP('',(#4016,#4017,#4018,#4019));
#2614=AXIS2_PLACEMENT_3D('',#4020,#4021,#4022);
#2615=SURFACE_SIDE_STYLE('',(#4023));
#2616=EDGE_LOOP('',(#4024,#4025,#4026,#4027));
#2617=AXIS2_PLACEMENT_3D('',#4028,#4029,#4030);
#2618=SURFACE_SIDE_STYLE('',(#4031));
#2619=EDGE_LOOP('',(#4032,#4033,#4034,#4035));
#2620=AXIS2_PLACEMENT_3D('',#4036,#4037,#4038);
#2621=SURFACE_SIDE_STYLE('',(#4039));
#2622=EDGE_LOOP('',(#4040,#4041,#4042,#4043));
#2623=AXIS2_PLACEMENT_3D('',#4044,#4045,#4046);
#2624=SURFACE_SIDE_STYLE('',(#4047));
#2625=EDGE_LOOP('',(#4048,#4049,#4050,#4051));
#2626=AXIS2_PLACEMENT_3D('',#4052,#4053,#4054);
#2627=SURFACE_SIDE_STYLE('',(#4055));
#2628=EDGE_LOOP('',(#4056,#4057,#4058,#4059));
#2629=AXIS2_PLACEMENT_3D('',#4060,#4061,#4062);
#2630=SURFACE_SIDE_STYLE('',(#4063));
#2631=EDGE_LOOP('',(#4064,#4065,#4066,#4067,#4068,#4069,#4070,#4071));
#2632=AXIS2_PLACEMENT_3D('',#4072,#4073,#4074);
#2633=SURFACE_SIDE_STYLE('',(#4075));
#2634=EDGE_LOOP('',(#4076,#4077,#4078,#4079));
#2635=AXIS2_PLACEMENT_3D('',#4080,#4081,#4082);
#2636=SURFACE_SIDE_STYLE('',(#4083));
#2637=EDGE_LOOP('',(#4084,#4085,#4086,#4087));
#2638=AXIS2_PLACEMENT_3D('',#4088,#4089,#4090);
#2639=SURFACE_SIDE_STYLE('',(#4091));
#2640=EDGE_LOOP('',(#4092,#4093,#4094,#4095));
#2641=AXIS2_PLACEMENT_3D('',#4096,#4097,#4098);
#2642=SURFACE_SIDE_STYLE('',(#4099));
#2643=EDGE_LOOP('',(#4100,#4101,#4102,#4103));
#2644=AXIS2_PLACEMENT_3D('',#4104,#4105,#4106);
#2645=SURFACE_SIDE_STYLE('',(#4107));
#2646=EDGE_LOOP('',(#4108,#4109,#4110,#4111,#4112,#4113,#4114,#4115));
#2647=AXIS2_PLACEMENT_3D('',#4116,#4117,#4118);
#2648=SURFACE_SIDE_STYLE('',(#4119));
#2649=EDGE_LOOP('',(#4120,#4121,#4122,#4123));
#2650=AXIS2_PLACEMENT_3D('',#4124,#4125,#4126);
#2651=SURFACE_SIDE_STYLE('',(#4127));
#2652=EDGE_LOOP('',(#4128,#4129,#4130,#4131));
#2653=AXIS2_PLACEMENT_3D('',#4132,#4133,#4134);
#2654=SURFACE_SIDE_STYLE('',(#4135));
#2655=EDGE_LOOP('',(#4136,#4137,#4138,#4139,#4140,#4141,#4142,#4143));
#2656=AXIS2_PLACEMENT_3D('',#4144,#4145,#4146);
#2657=SURFACE_SIDE_STYLE('',(#4147));
#2658=EDGE_LOOP('',(#4148,#4149,#4150,#4151));
#2659=AXIS2_PLACEMENT_3D('',#4152,#4153,#4154);
#2660=SURFACE_SIDE_STYLE('',(#4155));
#2661=EDGE_LOOP('',(#4156,#4157,#4158,#4159));
#2662=AXIS2_PLACEMENT_3D('',#4160,#4161,#4162);
#2663=SURFACE_SIDE_STYLE('',(#4163));
#2664=EDGE_LOOP('',(#4164,#4165,#4166,#4167));
#2665=AXIS2_PLACEMENT_3D('',#4168,#4169,#4170);
#2666=SURFACE_SIDE_STYLE('',(#4171));
#2667=EDGE_LOOP('',(#4172,#4173,#4174,#4175));
#2668=AXIS2_PLACEMENT_3D('',#4176,#4177,#4178);
#2669=SURFACE_SIDE_STYLE('',(#4179));
#2670=EDGE_LOOP('',(#4180,#4181,#4182,#4183));
#2671=AXIS2_PLACEMENT_3D('',#4184,#4185,#4186);
#2672=SURFACE_SIDE_STYLE('',(#4187));
#2673=EDGE_LOOP('',(#4188,#4189,#4190,#4191));
#2674=AXIS2_PLACEMENT_3D('',#4192,#4193,#4194);
#2675=SURFACE_SIDE_STYLE('',(#4195));
#2676=EDGE_LOOP('',(#4196,#4197,#4198,#4199));
#2677=EDGE_LOOP('',(#4200,#4201,#4202,#4203,#4204,#4205,#4206,#4207,#4208,#4209,#4210));
#2678=AXIS2_PLACEMENT_3D('',#4211,#4212,#4213);
#2679=SURFACE_SIDE_STYLE('',(#4214));
#2680=EDGE_LOOP('',(#4215,#4216,#4217,#4218,#4219,#4220,#4221,#4222,#4223,#4224,#4225,#4226,#4227,#4228,#4229,#4230));
#2681=AXIS2_PLACEMENT_3D('',#4231,#4232,#4233);
#2682=SURFACE_SIDE_STYLE('',(#4234));
#2683=EDGE_LOOP('',(#4235,#4236,#4237,#4238,#4239));
#2684=AXIS2_PLACEMENT_3D('',#4240,#4241,#4242);
#2685=SURFACE_SIDE_STYLE('',(#4243));
#2686=EDGE_LOOP('',(#4244,#4245,#4246,#4247,#4248,#4249,#4250,#4251));
#2687=AXIS2_PLACEMENT_3D('',#4252,#4253,#4254);
#2688=SURFACE_SIDE_STYLE('',(#4255));
#2689=EDGE_LOOP('',(#4256,#4257,#4258,#4259,#4260));
#2690=AXIS2_PLACEMENT_3D('',#4261,#4262,#4263);
#2691=SURFACE_SIDE_STYLE('',(#4264));
#2692=EDGE_LOOP('',(#4265,#4266,#4267,#4268));
#2693=AXIS2_PLACEMENT_3D('',#4269,#4270,#4271);
#2694=SURFACE_SIDE_STYLE('',(#4272));
#2695=EDGE_LOOP('',(#4273,#4274,#4275,#4276,#4277,#4278,#4279,#4280));
#2696=AXIS2_PLACEMENT_3D('',#4281,#4282,#4283);
#2697=SURFACE_SIDE_STYLE('',(#4284));
#2698=EDGE_LOOP('',(#4285,#4286,#4287,#4288,#4289,#4290,#4291,#4292,#4293,#4294,#4295,#4296,#4297,#4298,#4299,#4300));
#2699=AXIS2_PLACEMENT_3D('',#4301,#4302,#4303);
#2700=SURFACE_SIDE_STYLE('',(#4304));
#2701=EDGE_LOOP('',(#4305,#4306,#4307,#4308,#4309,#4310));
#2702=AXIS2_PLACEMENT_3D('',#4311,#4312,#4313);
#2703=SURFACE_SIDE_STYLE('',(#4314));
#2704=EDGE_LOOP('',(#4315,#4316,#4317,#4318));
#2705=AXIS2_PLACEMENT_3D('',#4319,#4320,#4321);
#2706=SURFACE_SIDE_STYLE('',(#4322));
#2707=EDGE_LOOP('',(#4323,#4324));
#2708=AXIS2_PLACEMENT_3D('',#4325,#4326,#4327);
#2709=SURFACE_SIDE_STYLE('',(#4328));
#2710=EDGE_LOOP('',(#4329,#4330,#4331,#4332,#4333,#4334));
#2711=AXIS2_PLACEMENT_3D('',#4335,#4336,#4337);
#2712=SURFACE_SIDE_STYLE('',(#4338));
#2713=EDGE_LOOP('',(#4339,#4340,#4341,#4342,#4343,#4344));
#2714=AXIS2_PLACEMENT_3D('',#4345,#4346,#4347);
#2715=SURFACE_SIDE_STYLE('',(#4348));
#2716=EDGE_LOOP('',(#4349,#4350));
#2717=AXIS2_PLACEMENT_3D('',#4351,#4352,#4353);
#2718=SURFACE_SIDE_STYLE('',(#4354));
#2719=EDGE_LOOP('',(#4355,#4356,#4357,#4358));
#2720=AXIS2_PLACEMENT_3D('',#4359,#4360,#4361);
#2721=SURFACE_SIDE_STYLE('',(#4362));
#2722=EDGE_LOOP('',(#4363,#4364,#4365,#4366,#4367,#4368,#4369,#4370,#4371,#4372,#4373,#4374,#4375,#4376));
#2723=AXIS2_PLACEMENT_3D('',#4377,#4378,#4379);
#2724=SURFACE_SIDE_STYLE('',(#4380));
#2725=EDGE_LOOP('',(#4381,#4382,#4383));
#2726=AXIS2_PLACEMENT_3D('',#4384,#4385,#4386);
#2727=SURFACE_SIDE_STYLE('',(#4387));
#2728=EDGE_LOOP('',(#4388,#4389,#4390,#4391,#4392,#4393,#4394));
#2729=AXIS2_PLACEMENT_3D('',#4395,#4396,#4397);
#2730=SURFACE_SIDE_STYLE('',(#4398));
#2731=EDGE_LOOP('',(#4399,#4400,#4401));
#2732=AXIS2_PLACEMENT_3D('',#4402,#4403,#4404);
#2733=SURFACE_SIDE_STYLE('',(#4405));
#2734=EDGE_LOOP('',(#4406,#4407,#4408,#4409));
#2735=AXIS2_PLACEMENT_3D('',#4410,#4411,#4412);
#2736=SURFACE_SIDE_STYLE('',(#4413));
#2737=EDGE_LOOP('',(#4414,#4415,#4416,#4417,#4418,#4419));
#2738=AXIS2_PLACEMENT_3D('',#4420,#4421,#4422);
#2739=SURFACE_SIDE_STYLE('',(#4423));
#2740=EDGE_LOOP('',(#4424,#4425,#4426,#4427));
#2741=AXIS2_PLACEMENT_3D('',#4428,#4429,#4430);
#2742=SURFACE_SIDE_STYLE('',(#4431));
#2743=EDGE_LOOP('',(#4432,#4433,#4434,#4435));
#2744=AXIS2_PLACEMENT_3D('',#4436,#4437,#4438);
#2745=SURFACE_SIDE_STYLE('',(#4439));
#2746=EDGE_LOOP('',(#4440,#4441,#4442,#4443,#4444,#4445));
#2747=AXIS2_PLACEMENT_3D('',#4446,#4447,#4448);
#2748=SURFACE_SIDE_STYLE('',(#4449));
#2749=EDGE_LOOP('',(#4450,#4451,#4452,#4453));
#2750=AXIS2_PLACEMENT_3D('',#4454,#4455,#4456);
#2751=SURFACE_SIDE_STYLE('',(#4457));
#2752=EDGE_LOOP('',(#4458,#4459,#4460,#4461,#4462));
#2753=AXIS2_PLACEMENT_3D('',#4463,#4464,#4465);
#2754=SURFACE_SIDE_STYLE('',(#4466));
#2755=EDGE_LOOP('',(#4467,#4468,#4469,#4470,#4471,#4472));
#2756=AXIS2_PLACEMENT_3D('',#4473,#4474,#4475);
#2757=SURFACE_SIDE_STYLE('',(#4476));
#2758=EDGE_LOOP('',(#4477,#4478,#4479,#4480,#4481,#4482,#4483,#4484));
#2759=AXIS2_PLACEMENT_3D('',#4485,#4486,#4487);
#2760=SURFACE_SIDE_STYLE('',(#4488));
#2761=EDGE_LOOP('',(#4489,#4490,#4491,#4492,#4493));
#2762=AXIS2_PLACEMENT_3D('',#4494,#4495,#4496);
#2763=SURFACE_SIDE_STYLE('',(#4497));
#2764=EDGE_LOOP('',(#4498,#4499,#4500,#4501));
#2765=AXIS2_PLACEMENT_3D('',#4502,#4503,#4504);
#2766=SURFACE_SIDE_STYLE('',(#4505));
#2767=EDGE_LOOP('',(#4506,#4507,#4508,#4509));
#2768=AXIS2_PLACEMENT_3D('',#4510,#4511,#4512);
#2769=SURFACE_SIDE_STYLE('',(#4513));
#2770=EDGE_LOOP('',(#4514,#4515,#4516,#4517));
#2771=AXIS2_PLACEMENT_3D('',#4518,#4519,#4520);
#2772=SURFACE_SIDE_STYLE('',(#4521));
#2773=EDGE_LOOP('',(#4522,#4523,#4524,#4525,#4526,#4527,#4528,#4529,#4530,#4531,#4532,#4533,#4534,#4535,#4536,#4537));
#2774=AXIS2_PLACEMENT_3D('',#4538,#4539,#4540);
#2775=SURFACE_SIDE_STYLE('',(#4541));
#2776=EDGE_LOOP('',(#4542,#4543,#4544,#4545,#4546,#4547,#4548,#4549));
#2777=AXIS2_PLACEMENT_3D('',#4550,#4551,#4552);
#2778=SURFACE_SIDE_STYLE('',(#4553));
#2779=EDGE_LOOP('',(#4554,#4555,#4556,#4557));
#2780=AXIS2_PLACEMENT_3D('',#4558,#4559,#4560);
#2781=SURFACE_SIDE_STYLE('',(#4561));
#2782=EDGE_LOOP('',(#4562,#4563,#4564,#4565));
#2783=AXIS2_PLACEMENT_3D('',#4566,#4567,#4568);
#2784=SURFACE_SIDE_STYLE('',(#4569));
#2785=EDGE_LOOP('',(#4570,#4571,#4572,#4573));
#2786=AXIS2_PLACEMENT_3D('',#4574,#4575,#4576);
#2787=SURFACE_SIDE_STYLE('',(#4577));
#2788=EDGE_LOOP('',(#4578,#4579,#4580,#4581));
#2789=AXIS2_PLACEMENT_3D('',#4582,#4583,#4584);
#2790=SURFACE_SIDE_STYLE('',(#4585));
#2791=EDGE_LOOP('',(#4586,#4587,#4588,#4589,#4590,#4591,#4592));
#2792=AXIS2_PLACEMENT_3D('',#4593,#4594,#4595);
#2793=SURFACE_SIDE_STYLE('',(#4596));
#2794=EDGE_LOOP('',(#4597,#4598,#4599,#4600));
#2795=AXIS2_PLACEMENT_3D('',#4601,#4602,#4603);
#2796=SURFACE_SIDE_STYLE('',(#4604));
#2797=EDGE_LOOP('',(#4605,#4606,#4607,#4608,#4609,#4610));
#2798=AXIS2_PLACEMENT_3D('',#4611,#4612,#4613);
#2799=SURFACE_SIDE_STYLE('',(#4614));
#2800=EDGE_LOOP('',(#4615,#4616,#4617,#4618));
#2801=AXIS2_PLACEMENT_3D('',#4619,#4620,#4621);
#2802=SURFACE_SIDE_STYLE('',(#4622));
#2803=EDGE_LOOP('',(#4623,#4624,#4625,#4626));
#2804=AXIS2_PLACEMENT_3D('',#4627,#4628,#4629);
#2805=SURFACE_SIDE_STYLE('',(#4630));
#2806=EDGE_LOOP('',(#4631,#4632,#4633,#4634,#4635,#4636,#4637,#4638,#4639,#4640,#4641,#4642,#4643,#4644));
#2807=AXIS2_PLACEMENT_3D('',#4645,#4646,#4647);
#2808=SURFACE_SIDE_STYLE('',(#4648));
#2809=EDGE_LOOP('',(#4649,#4650,#4651,#4652,#4653,#4654));
#2810=AXIS2_PLACEMENT_3D('',#4655,#4656,#4657);
#2811=SURFACE_SIDE_STYLE('',(#4658));
#2812=EDGE_LOOP('',(#4659,#4660,#4661,#4662));
#2813=AXIS2_PLACEMENT_3D('',#4663,#4664,#4665);
#2814=SURFACE_SIDE_STYLE('',(#4666));
#2815=EDGE_LOOP('',(#4667,#4668,#4669));
#2816=AXIS2_PLACEMENT_3D('',#4670,#4671,#4672);
#2817=SURFACE_SIDE_STYLE('',(#4673));
#2818=EDGE_LOOP('',(#4674,#4675,#4676,#4677,#4678,#4679,#4680));
#2819=AXIS2_PLACEMENT_3D('',#4681,#4682,#4683);
#2820=SURFACE_SIDE_STYLE('',(#4684));
#2821=EDGE_LOOP('',(#4685,#4686,#4687,#4688,#4689,#4690,#4691,#4692));
#2822=AXIS2_PLACEMENT_3D('',#4693,#4694,#4695);
#2823=SURFACE_SIDE_STYLE('',(#4696));
#2824=EDGE_LOOP('',(#4697,#4698,#4699,#4700));
#2825=AXIS2_PLACEMENT_3D('',#4701,#4702,#4703);
#2826=SURFACE_SIDE_STYLE('',(#4704));
#2827=EDGE_LOOP('',(#4705,#4706,#4707,#4708,#4709,#4710));
#2828=AXIS2_PLACEMENT_3D('',#4711,#4712,#4713);
#2829=SURFACE_SIDE_STYLE('',(#4714));
#2830=EDGE_LOOP('',(#4715,#4716,#4717,#4718,#4719,#4720));
#2831=AXIS2_PLACEMENT_3D('',#4721,#4722,#4723);
#2832=SURFACE_SIDE_STYLE('',(#4724));
#2833=EDGE_LOOP('',(#4725,#4726,#4727,#4728,#4729,#4730,#4731,#4732));
#2834=AXIS2_PLACEMENT_3D('',#4733,#4734,#4735);
#2835=SURFACE_SIDE_STYLE('',(#4736));
#2836=EDGE_LOOP('',(#4737,#4738,#4739));
#2837=AXIS2_PLACEMENT_3D('',#4740,#4741,#4742);
#2838=SURFACE_SIDE_STYLE('',(#4743));
#2839=EDGE_LOOP('',(#4744,#4745,#4746,#4747));
#2840=AXIS2_PLACEMENT_3D('',#4748,#4749,#4750);
#2841=SURFACE_SIDE_STYLE('',(#4751));
#2842=EDGE_LOOP('',(#4752,#4753,#4754,#4755,#4756,#4757,#4758,#4759));
#2843=AXIS2_PLACEMENT_3D('',#4760,#4761,#4762);
#2844=SURFACE_SIDE_STYLE('',(#4763));
#2845=EDGE_LOOP('',(#4764,#4765,#4766,#4767,#4768,#4769,#4770,#4771,#4772,#4773,#4774,#4775,#4776,#4777,#4778,#4779,#4780));
#2846=AXIS2_PLACEMENT_3D('',#4781,#4782,#4783);
#2847=SURFACE_SIDE_STYLE('',(#4784));
#2848=EDGE_LOOP('',(#4785,#4786));
#2849=EDGE_LOOP('',(#4787,#4788,#4789,#4790));
#2850=AXIS2_PLACEMENT_3D('',#4791,#4792,#4793);
#2851=SURFACE_SIDE_STYLE('',(#4794));
#2852=EDGE_LOOP('',(#4795,#4796,#4797,#4798));
#2853=AXIS2_PLACEMENT_3D('',#4799,#4800,#4801);
#2854=SURFACE_SIDE_STYLE('',(#4802));
#2855=EDGE_LOOP('',(#4803,#4804,#4805,#4806));
#2856=AXIS2_PLACEMENT_3D('',#4807,#4808,#4809);
#2857=SURFACE_SIDE_STYLE('',(#4810));
#2858=EDGE_LOOP('',(#4811,#4812,#4813,#4814));
#2859=AXIS2_PLACEMENT_3D('',#4815,#4816,#4817);
#2860=SURFACE_SIDE_STYLE('',(#4818));
#2861=EDGE_LOOP('',(#4819,#4820,#4821,#4822,#4823,#4824,#4825,#4826));
#2862=AXIS2_PLACEMENT_3D('',#4827,#4828,#4829);
#2863=SURFACE_SIDE_STYLE('',(#4830));
#2864=EDGE_LOOP('',(#4831,#4832,#4833,#4834,#4835,#4836,#4837,#4838,#4839,#4840,#4841,#4842,#4843,#4844,#4845,#4846));
#2865=AXIS2_PLACEMENT_3D('',#4847,#4848,#4849);
#2866=SURFACE_SIDE_STYLE('',(#4850));
#2867=EDGE_LOOP('',(#4851,#4852,#4853,#4854,#4855));
#2868=AXIS2_PLACEMENT_3D('',#4856,#4857,#4858);
#2869=SURFACE_SIDE_STYLE('',(#4859));
#2870=EDGE_LOOP('',(#4860,#4861,#4862,#4863));
#2871=AXIS2_PLACEMENT_3D('',#4864,#4865,#4866);
#2872=SURFACE_SIDE_STYLE('',(#4867));
#2873=EDGE_LOOP('',(#4868,#4869,#4870,#4871));
#2874=AXIS2_PLACEMENT_3D('',#4872,#4873,#4874);
#2875=SURFACE_SIDE_STYLE('',(#4875));
#2876=EDGE_LOOP('',(#4876,#4877,#4878,#4879));
#2877=AXIS2_PLACEMENT_3D('',#4880,#4881,#4882);
#2878=SURFACE_SIDE_STYLE('',(#4883));
#2879=EDGE_LOOP('',(#4884,#4885,#4886,#4887));
#2880=AXIS2_PLACEMENT_3D('',#4888,#4889,#4890);
#2881=SURFACE_SIDE_STYLE('',(#4891));
#2882=EDGE_LOOP('',(#4892,#4893,#4894,#4895));
#2883=AXIS2_PLACEMENT_3D('',#4896,#4897,#4898);
#2884=SURFACE_SIDE_STYLE('',(#4899));
#2885=EDGE_LOOP('',(#4900,#4901,#4902,#4903));
#2886=AXIS2_PLACEMENT_3D('',#4904,#4905,#4906);
#2887=SURFACE_SIDE_STYLE('',(#4907));
#2888=EDGE_LOOP('',(#4908,#4909,#4910,#4911,#4912,#4913,#4914,#4915,#4916,#4917,#4918));
#2889=EDGE_LOOP('',(#4919,#4920,#4921,#4922));
#2890=AXIS2_PLACEMENT_3D('',#4923,#4924,#4925);
#2891=SURFACE_SIDE_STYLE('',(#4926));
#2892=EDGE_LOOP('',(#4927,#4928,#4929,#4930));
#2893=AXIS2_PLACEMENT_3D('',#4931,#4932,#4933);
#2894=SURFACE_SIDE_STYLE('',(#4934));
#2895=EDGE_LOOP('',(#4935,#4936,#4937,#4938));
#2896=AXIS2_PLACEMENT_3D('',#4939,#4940,#4941);
#2897=SURFACE_SIDE_STYLE('',(#4942));
#2898=EDGE_LOOP('',(#4943,#4944,#4945,#4946));
#2899=AXIS2_PLACEMENT_3D('',#4947,#4948,#4949);
#2900=SURFACE_SIDE_STYLE('',(#4950));
#2901=EDGE_LOOP('',(#4951,#4952,#4953,#4954,#4955,#4956,#4957,#4958));
#2902=AXIS2_PLACEMENT_3D('',#4959,#4960,#4961);
#2903=SURFACE_SIDE_STYLE('',(#4962));
#2904=EDGE_LOOP('',(#4963,#4964,#4965,#4966));
#2905=AXIS2_PLACEMENT_3D('',#4967,#4968,#4969);
#2906=SURFACE_SIDE_STYLE('',(#4970));
#2907=EDGE_LOOP('',(#4971,#4972,#4973,#4974));
#2908=AXIS2_PLACEMENT_3D('',#4975,#4976,#4977);
#2909=SURFACE_SIDE_STYLE('',(#4978));
#2910=EDGE_LOOP('',(#4979,#4980,#4981,#4982,#4983,#4984));
#2911=AXIS2_PLACEMENT_3D('',#4985,#4986,#4987);
#2912=SURFACE_SIDE_STYLE('',(#4988));
#2913=EDGE_LOOP('',(#4989,#4990));
#2914=AXIS2_PLACEMENT_3D('',#4991,#4992,#4993);
#2915=SURFACE_SIDE_STYLE('',(#4994));
#2916=EDGE_LOOP('',(#4995,#4996,#4997,#4998));
#2917=AXIS2_PLACEMENT_3D('',#4999,#5000,#5001);
#2918=SURFACE_SIDE_STYLE('',(#5002));
#2919=EDGE_LOOP('',(#5003,#5004,#5005,#5006,#5007,#5008,#5009,#5010,#5011,#5012,#5013,#5014,#5015,#5016,#5017,#5018));
#2920=AXIS2_PLACEMENT_3D('',#5019,#5020,#5021);
#2921=SURFACE_SIDE_STYLE('',(#5022));
#2922=EDGE_LOOP('',(#5023,#5024,#5025,#5026,#5027,#5028));
#2923=AXIS2_PLACEMENT_3D('',#5029,#5030,#5031);
#2924=SURFACE_SIDE_STYLE('',(#5032));
#2925=EDGE_LOOP('',(#5033,#5034,#5035,#5036));
#2926=AXIS2_PLACEMENT_3D('',#5037,#5038,#5039);
#2927=SURFACE_SIDE_STYLE('',(#5040));
#2928=EDGE_LOOP('',(#5041,#5042,#5043,#5044,#5045,#5046));
#2929=AXIS2_PLACEMENT_3D('',#5047,#5048,#5049);
#2930=SURFACE_SIDE_STYLE('',(#5050));
#2931=EDGE_LOOP('',(#5051,#5052,#5053,#5054,#5055,#5056,#5057,#5058));
#2932=AXIS2_PLACEMENT_3D('',#5059,#5060,#5061);
#2933=SURFACE_SIDE_STYLE('',(#5062));
#2934=EDGE_LOOP('',(#5063,#5064,#5065,#5066,#5067));
#2935=AXIS2_PLACEMENT_3D('',#5068,#5069,#5070);
#2936=SURFACE_SIDE_STYLE('',(#5071));
#2937=EDGE_LOOP('',(#5072,#5073,#5074,#5075));
#2938=AXIS2_PLACEMENT_3D('',#5076,#5077,#5078);
#2939=SURFACE_SIDE_STYLE('',(#5079));
#2940=EDGE_LOOP('',(#5080,#5081,#5082,#5083));
#2941=AXIS2_PLACEMENT_3D('',#5084,#5085,#5086);
#2942=SURFACE_SIDE_STYLE('',(#5087));
#2943=EDGE_LOOP('',(#5088,#5089,#5090,#5091));
#2944=AXIS2_PLACEMENT_3D('',#5092,#5093,#5094);
#2945=SURFACE_SIDE_STYLE('',(#5095));
#2946=EDGE_LOOP('',(#5096,#5097,#5098,#5099,#5100,#5101,#5102,#5103));
#2947=AXIS2_PLACEMENT_3D('',#5104,#5105,#5106);
#2948=SURFACE_SIDE_STYLE('',(#5107));
#2949=EDGE_LOOP('',(#5108,#5109,#5110,#5111));
#2950=AXIS2_PLACEMENT_3D('',#5112,#5113,#5114);
#2951=SURFACE_SIDE_STYLE('',(#5115));
#2952=EDGE_LOOP('',(#5116,#5117,#5118,#5119,#5120,#5121,#5122,#5123,#5124,#5125,#5126,#5127,#5128,#5129));
#2953=AXIS2_PLACEMENT_3D('',#5130,#5131,#5132);
#2954=SURFACE_SIDE_STYLE('',(#5133));
#2955=EDGE_LOOP('',(#5134,#5135,#5136,#5137));
#2956=AXIS2_PLACEMENT_3D('',#5138,#5139,#5140);
#2957=SURFACE_SIDE_STYLE('',(#5141));
#2958=EDGE_LOOP('',(#5142,#5143,#5144,#5145,#5146,#5147,#5148,#5149,#5150,#5151,#5152,#5153,#5154,#5155));
#2959=AXIS2_PLACEMENT_3D('',#5156,#5157,#5158);
#2960=SURFACE_SIDE_STYLE('',(#5159));
#2961=EDGE_LOOP('',(#5160,#5161,#5162,#5163));
#2962=AXIS2_PLACEMENT_3D('',#5164,#5165,#5166);
#2963=SURFACE_SIDE_STYLE('',(#5167));
#2964=EDGE_LOOP('',(#5168,#5169,#5170,#5171,#5172,#5173,#5174,#5175));
#2965=AXIS2_PLACEMENT_3D('',#5176,#5177,#5178);
#2966=SURFACE_SIDE_STYLE('',(#5179));
#2967=EDGE_LOOP('',(#5180,#5181,#5182,#5183));
#2968=AXIS2_PLACEMENT_3D('',#5184,#5185,#5186);
#2969=SURFACE_SIDE_STYLE('',(#5187));
#2970=EDGE_LOOP('',(#5188,#5189,#5190,#5191));
#2971=AXIS2_PLACEMENT_3D('',#5192,#5193,#5194);
#2972=SURFACE_SIDE_STYLE('',(#5195));
#2973=EDGE_LOOP('',(#5196,#5197,#5198,#5199));
#2974=AXIS2_PLACEMENT_3D('',#5200,#5201,#5202);
#2975=SURFACE_SIDE_STYLE('',(#5203));
#2976=EDGE_LOOP('',(#5204,#5205,#5206,#5207));
#2977=AXIS2_PLACEMENT_3D('',#5208,#5209,#5210);
#2978=SURFACE_SIDE_STYLE('',(#5211));
#2979=EDGE_LOOP('',(#5212,#5213,#5214,#5215,#5216,#5217));
#2980=AXIS2_PLACEMENT_3D('',#5218,#5219,#5220);
#2981=SURFACE_SIDE_STYLE('',(#5221));
#2982=EDGE_LOOP('',(#5222,#5223,#5224,#5225));
#2983=AXIS2_PLACEMENT_3D('',#5226,#5227,#5228);
#2984=SURFACE_SIDE_STYLE('',(#5229));
#2985=EDGE_LOOP('',(#5230,#5231,#5232,#5233));
#2986=AXIS2_PLACEMENT_3D('',#5234,#5235,#5236);
#2987=SURFACE_SIDE_STYLE('',(#5237));
#2988=EDGE_LOOP('',(#5238,#5239,#5240,#5241));
#2989=AXIS2_PLACEMENT_3D('',#5242,#5243,#5244);
#2990=SURFACE_SIDE_STYLE('',(#5245));
#2991=EDGE_LOOP('',(#5246,#5247,#5248,#5249));
#2992=AXIS2_PLACEMENT_3D('',#5250,#5251,#5252);
#2993=SURFACE_SIDE_STYLE('',(#5253));
#2994=EDGE_LOOP('',(#5254,#5255,#5256,#5257));
#2995=AXIS2_PLACEMENT_3D('',#5258,#5259,#5260);
#2996=SURFACE_SIDE_STYLE('',(#5261));
#2997=EDGE_LOOP('',(#5262,#5263,#5264,#5265,#5266,#5267,#5268,#5269));
#2998=AXIS2_PLACEMENT_3D('',#5270,#5271,#5272);
#2999=SURFACE_SIDE_STYLE('',(#5273));
#3000=EDGE_LOOP('',(#5274,#5275,#5276,#5277));
#3001=AXIS2_PLACEMENT_3D('',#5278,#5279,#5280);
#3002=SURFACE_SIDE_STYLE('',(#5281));
#3003=EDGE_LOOP('',(#5282,#5283,#5284,#5285,#5286,#5287,#5288,#5289));
#3004=AXIS2_PLACEMENT_3D('',#5290,#5291,#5292);
#3005=SURFACE_SIDE_STYLE('',(#5293));
#3006=EDGE_LOOP('',(#5294,#5295,#5296,#5297));
#3007=AXIS2_PLACEMENT_3D('',#5298,#5299,#5300);
#3008=SURFACE_SIDE_STYLE('',(#5301));
#3009=EDGE_LOOP('',(#5302,#5303,#5304,#5305,#5306,#5307));
#3010=AXIS2_PLACEMENT_3D('',#5308,#5309,#5310);
#3011=SURFACE_SIDE_STYLE('',(#5311));
#3012=EDGE_LOOP('',(#5312,#5313,#5314,#5315));
#3013=AXIS2_PLACEMENT_3D('',#5316,#5317,#5318);
#3014=SURFACE_SIDE_STYLE('',(#5319));
#3015=EDGE_LOOP('',(#5320,#5321));
#3016=AXIS2_PLACEMENT_3D('',#5322,#5323,#5324);
#3017=SURFACE_SIDE_STYLE('',(#5325));
#3018=EDGE_LOOP('',(#5326,#5327,#5328,#5329,#5330,#5331));
#3019=AXIS2_PLACEMENT_3D('',#5332,#5333,#5334);
#3020=SURFACE_SIDE_STYLE('',(#5335));
#3021=EDGE_LOOP('',(#5336,#5337,#5338,#5339,#5340));
#3022=AXIS2_PLACEMENT_3D('',#5341,#5342,#5343);
#3023=SURFACE_SIDE_STYLE('',(#5344));
#3024=EDGE_LOOP('',(#5345,#5346,#5347,#5348));
#3025=AXIS2_PLACEMENT_3D('',#5349,#5350,#5351);
#3026=SURFACE_SIDE_STYLE('',(#5352));
#3027=EDGE_LOOP('',(#5353,#5354,#5355,#5356,#5357,#5358,#5359,#5360,#5361,#5362,#5363,#5364,#5365,#5366));
#3028=AXIS2_PLACEMENT_3D('',#5367,#5368,#5369);
#3029=SURFACE_SIDE_STYLE('',(#5370));
#3030=EDGE_LOOP('',(#5371,#5372,#5373));
#3031=AXIS2_PLACEMENT_3D('',#5374,#5375,#5376);
#3032=SURFACE_SIDE_STYLE('',(#5377));
#3033=EDGE_LOOP('',(#5378,#5379,#5380,#5381,#5382,#5383,#5384));
#3034=AXIS2_PLACEMENT_3D('',#5385,#5386,#5387);
#3035=SURFACE_SIDE_STYLE('',(#5388));
#3036=EDGE_LOOP('',(#5389,#5390,#5391));
#3037=AXIS2_PLACEMENT_3D('',#5392,#5393,#5394);
#3038=SURFACE_SIDE_STYLE('',(#5395));
#3039=EDGE_LOOP('',(#5396,#5397,#5398,#5399,#5400,#5401,#5402,#5403));
#3040=AXIS2_PLACEMENT_3D('',#5404,#5405,#5406);
#3041=SURFACE_SIDE_STYLE('',(#5407));
#3042=EDGE_LOOP('',(#5408,#5409,#5410,#5411));
#3043=AXIS2_PLACEMENT_3D('',#5412,#5413,#5414);
#3044=SURFACE_SIDE_STYLE('',(#5415));
#3045=EDGE_LOOP('',(#5416,#5417,#5418,#5419,#5420,#5421,#5422,#5423,#5424,#5425,#5426,#5427,#5428,#5429,#5430,#5431));
#3046=AXIS2_PLACEMENT_3D('',#5432,#5433,#5434);
#3047=SURFACE_SIDE_STYLE('',(#5435));
#3048=EDGE_LOOP('',(#5436,#5437,#5438,#5439,#5440,#5441,#5442,#5443));
#3049=AXIS2_PLACEMENT_3D('',#5444,#5445,#5446);
#3050=SURFACE_SIDE_STYLE('',(#5447));
#3051=EDGE_LOOP('',(#5448,#5449,#5450,#5451));
#3052=AXIS2_PLACEMENT_3D('',#5452,#5453,#5454);
#3053=SURFACE_SIDE_STYLE('',(#5455));
#3054=EDGE_LOOP('',(#5456,#5457,#5458));
#3055=AXIS2_PLACEMENT_3D('',#5459,#5460,#5461);
#3056=SURFACE_SIDE_STYLE('',(#5462));
#3057=EDGE_LOOP('',(#5463,#5464,#5465,#5466));
#3058=AXIS2_PLACEMENT_3D('',#5467,#5468,#5469);
#3059=SURFACE_SIDE_STYLE('',(#5470));
#3060=EDGE_LOOP('',(#5471,#5472,#5473,#5474));
#3061=AXIS2_PLACEMENT_3D('',#5475,#5476,#5477);
#3062=SURFACE_SIDE_STYLE('',(#5478));
#3063=EDGE_LOOP('',(#5479,#5480,#5481,#5482));
#3064=AXIS2_PLACEMENT_3D('',#5483,#5484,#5485);
#3065=SURFACE_SIDE_STYLE('',(#5486));
#3066=EDGE_LOOP('',(#5487,#5488,#5489));
#3067=AXIS2_PLACEMENT_3D('',#5490,#5491,#5492);
#3068=SURFACE_SIDE_STYLE('',(#5493));
#3069=EDGE_LOOP('',(#5494,#5495,#5496,#5497,#5498));
#3070=AXIS2_PLACEMENT_3D('',#5499,#5500,#5501);
#3071=SURFACE_SIDE_STYLE('',(#5502));
#3072=EDGE_LOOP('',(#5503,#5504,#5505,#5506));
#3073=AXIS2_PLACEMENT_3D('',#5507,#5508,#5509);
#3074=SURFACE_SIDE_STYLE('',(#5510));
#3075=EDGE_LOOP('',(#5511,#5512,#5513));
#3076=AXIS2_PLACEMENT_3D('',#5514,#5515,#5516);
#3077=SURFACE_SIDE_STYLE('',(#5517));
#3078=EDGE_LOOP('',(#5518,#5519,#5520,#5521));
#3079=AXIS2_PLACEMENT_3D('',#5522,#5523,#5524);
#3080=SURFACE_SIDE_STYLE('',(#5525));
#3081=EDGE_LOOP('',(#5526,#5527,#5528,#5529,#5530,#5531));
#3082=AXIS2_PLACEMENT_3D('',#5532,#5533,#5534);
#3083=SURFACE_SIDE_STYLE('',(#5535));
#3084=EDGE_LOOP('',(#5536,#5537,#5538,#5539));
#3085=AXIS2_PLACEMENT_3D('',#5540,#5541,#5542);
#3086=SURFACE_SIDE_STYLE('',(#5543));
#3087=EDGE_LOOP('',(#5544,#5545,#5546,#5547,#5548));
#3088=AXIS2_PLACEMENT_3D('',#5549,#5550,#5551);
#3089=SURFACE_SIDE_STYLE('',(#5552));
#3090=EDGE_LOOP('',(#5553,#5554,#5555,#5556,#5557,#5558,#5559));
#3091=AXIS2_PLACEMENT_3D('',#5560,#5561,#5562);
#3092=SURFACE_SIDE_STYLE('',(#5563));
#3093=EDGE_LOOP('',(#5564,#5565,#5566,#5567));
#3094=AXIS2_PLACEMENT_3D('',#5568,#5569,#5570);
#3095=SURFACE_SIDE_STYLE('',(#5571));
#3096=EDGE_LOOP('',(#5572,#5573,#5574,#5575));
#3097=AXIS2_PLACEMENT_3D('',#5576,#5577,#5578);
#3098=SURFACE_SIDE_STYLE('',(#5579));
#3099=EDGE_LOOP('',(#5580,#5581,#5582,#5583));
#3100=AXIS2_PLACEMENT_3D('',#5584,#5585,#5586);
#3101=SURFACE_SIDE_STYLE('',(#5587));
#3102=EDGE_LOOP('',(#5588,#5589,#5590,#5591));
#3103=AXIS2_PLACEMENT_3D('',#5592,#5593,#5594);
#3104=SURFACE_SIDE_STYLE('',(#5595));
#3105=EDGE_LOOP('',(#5596,#5597,#5598,#5599,#5600,#5601));
#3106=AXIS2_PLACEMENT_3D('',#5602,#5603,#5604);
#3107=SURFACE_SIDE_STYLE('',(#5605));
#3108=EDGE_LOOP('',(#5606,#5607,#5608,#5609,#5610,#5611));
#3109=AXIS2_PLACEMENT_3D('',#5612,#5613,#5614);
#3110=SURFACE_SIDE_STYLE('',(#5615));
#3111=EDGE_LOOP('',(#5616,#5617,#5618,#5619));
#3112=AXIS2_PLACEMENT_3D('',#5620,#5621,#5622);
#3113=SURFACE_SIDE_STYLE('',(#5623));
#3114=EDGE_LOOP('',(#5624,#5625,#5626));
#3115=AXIS2_PLACEMENT_3D('',#5627,#5628,#5629);
#3116=SURFACE_SIDE_STYLE('',(#5630));
#3117=EDGE_LOOP('',(#5631,#5632,#5633,#5634,#5635,#5636,#5637));
#3118=AXIS2_PLACEMENT_3D('',#5638,#5639,#5640);
#3119=SURFACE_SIDE_STYLE('',(#5641));
#3120=EDGE_LOOP('',(#5642,#5643,#5644,#5645));
#3121=AXIS2_PLACEMENT_3D('',#5646,#5647,#5648);
#3122=SURFACE_SIDE_STYLE('',(#5649));
#3123=EDGE_LOOP('',(#5650,#5651,#5652,#5653,#5654));
#3124=AXIS2_PLACEMENT_3D('',#5655,#5656,#5657);
#3125=SURFACE_SIDE_STYLE('',(#5658));
#3126=EDGE_LOOP('',(#5659,#5660,#5661,#5662));
#3127=AXIS2_PLACEMENT_3D('',#5663,#5664,#5665);
#3128=SURFACE_SIDE_STYLE('',(#5666));
#3129=EDGE_LOOP('',(#5667,#5668,#5669,#5670));
#3130=AXIS2_PLACEMENT_3D('',#5671,#5672,#5673);
#3131=SURFACE_SIDE_STYLE('',(#5674));
#3132=EDGE_LOOP('',(#5675,#5676,#5677,#5678));
#3133=AXIS2_PLACEMENT_3D('',#5679,#5680,#5681);
#3134=SURFACE_SIDE_STYLE('',(#5682));
#3135=EDGE_LOOP('',(#5683,#5684,#5685,#5686,#5687,#5688));
#3136=AXIS2_PLACEMENT_3D('',#5689,#5690,#5691);
#3137=SURFACE_SIDE_STYLE('',(#5692));
#3138=EDGE_LOOP('',(#5693,#5694,#5695,#5696));
#3139=AXIS2_PLACEMENT_3D('',#5697,#5698,#5699);
#3140=SURFACE_SIDE_STYLE('',(#5700));
#3141=EDGE_LOOP('',(#5701,#5702,#5703,#5704,#5705,#5706,#5707,#5708));
#3142=AXIS2_PLACEMENT_3D('',#5709,#5710,#5711);
#3143=SURFACE_SIDE_STYLE('',(#5712));
#3144=EDGE_LOOP('',(#5713,#5714,#5715,#5716,#5717,#5718,#5719,#5720));
#3145=AXIS2_PLACEMENT_3D('',#5721,#5722,#5723);
#3146=SURFACE_SIDE_STYLE('',(#5724));
#3147=EDGE_LOOP('',(#5725,#5726,#5727,#5728));
#3148=AXIS2_PLACEMENT_3D('',#5729,#5730,#5731);
#3149=SURFACE_SIDE_STYLE('',(#5732));
#3150=EDGE_LOOP('',(#5733,#5734,#5735));
#3151=AXIS2_PLACEMENT_3D('',#5736,#5737,#5738);
#3152=SURFACE_SIDE_STYLE('',(#5739));
#3153=EDGE_LOOP('',(#5740,#5741,#5742,#5743,#5744,#5745,#5746,#5747,#5748,#5749,#5750,#5751,#5752,#5753,#5754,#5755,#5756));
#3154=AXIS2_PLACEMENT_3D('',#5757,#5758,#5759);
#3155=SURFACE_SIDE_STYLE('',(#5760));
#3156=EDGE_LOOP('',(#5761,#5762));
#3157=EDGE_LOOP('',(#5763,#5764,#5765,#5766));
#3158=AXIS2_PLACEMENT_3D('',#5767,#5768,#5769);
#3159=SURFACE_SIDE_STYLE('',(#5770));
#3160=EDGE_LOOP('',(#5771,#5772,#5773,#5774));
#3161=AXIS2_PLACEMENT_3D('',#5775,#5776,#5777);
#3162=SURFACE_SIDE_STYLE('',(#5778));
#3163=EDGE_LOOP('',(#5779,#5780,#5781,#5782,#5783,#5784,#5785,#5786,#5787,#5788,#5789,#5790,#5791,#5792));
#3164=AXIS2_PLACEMENT_3D('',#5793,#5794,#5795);
#3165=SURFACE_SIDE_STYLE('',(#5796));
#3166=EDGE_LOOP('',(#5797,#5798,#5799,#5800));
#3167=AXIS2_PLACEMENT_3D('',#5801,#5802,#5803);
#3168=SURFACE_SIDE_STYLE('',(#5804));
#3169=EDGE_LOOP('',(#5805,#5806,#5807,#5808));
#3170=AXIS2_PLACEMENT_3D('',#5809,#5810,#5811);
#3171=SURFACE_SIDE_STYLE('',(#5812));
#3172=EDGE_LOOP('',(#5813,#5814,#5815,#5816));
#3173=AXIS2_PLACEMENT_3D('',#5817,#5818,#5819);
#3174=SURFACE_SIDE_STYLE('',(#5820));
#3175=EDGE_LOOP('',(#5821,#5822,#5823,#5824));
#3176=AXIS2_PLACEMENT_3D('',#5825,#5826,#5827);
#3177=SURFACE_SIDE_STYLE('',(#5828));
#3178=EDGE_LOOP('',(#5829,#5830,#5831));
#3179=AXIS2_PLACEMENT_3D('',#5832,#5833,#5834);
#3180=SURFACE_SIDE_STYLE('',(#5835));
#3181=EDGE_LOOP('',(#5836,#5837,#5838,#5839,#5840,#5841,#5842));
#3182=AXIS2_PLACEMENT_3D('',#5843,#5844,#5845);
#3183=SURFACE_SIDE_STYLE('',(#5846));
#3184=EDGE_LOOP('',(#5847,#5848,#5849));
#3185=AXIS2_PLACEMENT_3D('',#5850,#5851,#5852);
#3186=SURFACE_SIDE_STYLE('',(#5853));
#3187=EDGE_LOOP('',(#5854,#5855,#5856,#5857,#5858,#5859,#5860,#5861));
#3188=AXIS2_PLACEMENT_3D('',#5862,#5863,#5864);
#3189=SURFACE_SIDE_STYLE('',(#5865));
#3190=EDGE_LOOP('',(#5866,#5867,#5868,#5869));
#3191=AXIS2_PLACEMENT_3D('',#5870,#5871,#5872);
#3192=SURFACE_SIDE_STYLE('',(#5873));
#3193=EDGE_LOOP('',(#5874,#5875,#5876,#5877,#5878,#5879,#5880,#5881,#5882,#5883,#5884,#5885,#5886,#5887,#5888,#5889));
#3194=AXIS2_PLACEMENT_3D('',#5890,#5891,#5892);
#3195=SURFACE_SIDE_STYLE('',(#5893));
#3196=EDGE_LOOP('',(#5894,#5895,#5896,#5897));
#3197=AXIS2_PLACEMENT_3D('',#5898,#5899,#5900);
#3198=SURFACE_SIDE_STYLE('',(#5901));
#3199=EDGE_LOOP('',(#5902,#5903,#5904,#5905));
#3200=AXIS2_PLACEMENT_3D('',#5906,#5907,#5908);
#3201=SURFACE_SIDE_STYLE('',(#5909));
#3202=EDGE_LOOP('',(#5910,#5911,#5912,#5913));
#3203=AXIS2_PLACEMENT_3D('',#5914,#5915,#5916);
#3204=SURFACE_SIDE_STYLE('',(#5917));
#3205=EDGE_LOOP('',(#5918,#5919,#5920,#5921));
#3206=AXIS2_PLACEMENT_3D('',#5922,#5923,#5924);
#3207=SURFACE_SIDE_STYLE('',(#5925));
#3208=EDGE_LOOP('',(#5926,#5927,#5928,#5929));
#3209=AXIS2_PLACEMENT_3D('',#5930,#5931,#5932);
#3210=SURFACE_SIDE_STYLE('',(#5933));
#3211=EDGE_LOOP('',(#5934,#5935,#5936,#5937));
#3212=AXIS2_PLACEMENT_3D('',#5938,#5939,#5940);
#3213=SURFACE_SIDE_STYLE('',(#5941));
#3214=EDGE_LOOP('',(#5942,#5943,#5944,#5945));
#3215=AXIS2_PLACEMENT_3D('',#5946,#5947,#5948);
#3216=SURFACE_SIDE_STYLE('',(#5949));
#3217=EDGE_LOOP('',(#5950,#5951,#5952,#5953,#5954,#5955,#5956,#5957,#5958,#5959,#5960));
#3218=EDGE_LOOP('',(#5961,#5962,#5963,#5964));
#3219=AXIS2_PLACEMENT_3D('',#5965,#5966,#5967);
#3220=SURFACE_SIDE_STYLE('',(#5968));
#3221=EDGE_LOOP('',(#5969,#5970,#5971,#5972));
#3222=AXIS2_PLACEMENT_3D('',#5973,#5974,#5975);
#3223=SURFACE_SIDE_STYLE('',(#5976));
#3224=EDGE_LOOP('',(#5977,#5978,#5979,#5980,#5981,#5982,#5983,#5984,#5985,#5986,#5987,#5988,#5989,#5990,#5991,#5992));
#3225=AXIS2_PLACEMENT_3D('',#5993,#5994,#5995);
#3226=SURFACE_SIDE_STYLE('',(#5996));
#3227=EDGE_LOOP('',(#5997,#5998,#5999,#6000));
#3228=AXIS2_PLACEMENT_3D('',#6001,#6002,#6003);
#3229=SURFACE_SIDE_STYLE('',(#6004));
#3230=EDGE_LOOP('',(#6005,#6006,#6007,#6008,#6009,#6010));
#3231=AXIS2_PLACEMENT_3D('',#6011,#6012,#6013);
#3232=SURFACE_SIDE_STYLE('',(#6014));
#3233=EDGE_LOOP('',(#6015,#6016,#6017,#6018));
#3234=AXIS2_PLACEMENT_3D('',#6019,#6020,#6021);
#3235=SURFACE_SIDE_STYLE('',(#6022));
#3236=EDGE_LOOP('',(#6023,#6024,#6025,#6026,#6027));
#3237=AXIS2_PLACEMENT_3D('',#6028,#6029,#6030);
#3238=SURFACE_SIDE_STYLE('',(#6031));
#3239=EDGE_LOOP('',(#6032,#6033,#6034,#6035));
#3240=AXIS2_PLACEMENT_3D('',#6036,#6037,#6038);
#3241=SURFACE_SIDE_STYLE('',(#6039));
#3242=EDGE_LOOP('',(#6040,#6041,#6042,#6043));
#3243=AXIS2_PLACEMENT_3D('',#6044,#6045,#6046);
#3244=SURFACE_SIDE_STYLE('',(#6047));
#3245=EDGE_LOOP('',(#6048,#6049,#6050));
#3246=AXIS2_PLACEMENT_3D('',#6051,#6052,#6053);
#3247=SURFACE_SIDE_STYLE('',(#6054));
#3248=EDGE_LOOP('',(#6055,#6056,#6057,#6058));
#3249=AXIS2_PLACEMENT_3D('',#6059,#6060,#6061);
#3250=SURFACE_SIDE_STYLE('',(#6062));
#3251=EDGE_LOOP('',(#6063,#6064,#6065,#6066));
#3252=AXIS2_PLACEMENT_3D('',#6067,#6068,#6069);
#3253=SURFACE_SIDE_STYLE('',(#6070));
#3254=EDGE_LOOP('',(#6071,#6072,#6073));
#3255=AXIS2_PLACEMENT_3D('',#6074,#6075,#6076);
#3256=SURFACE_SIDE_STYLE('',(#6077));
#3257=EDGE_LOOP('',(#6078,#6079,#6080,#6081,#6082,#6083,#6084,#6085));
#3258=AXIS2_PLACEMENT_3D('',#6086,#6087,#6088);
#3259=SURFACE_SIDE_STYLE('',(#6089));
#3260=EDGE_LOOP('',(#6090,#6091,#6092,#6093));
#3261=AXIS2_PLACEMENT_3D('',#6094,#6095,#6096);
#3262=SURFACE_SIDE_STYLE('',(#6097));
#3263=EDGE_LOOP('',(#6098,#6099,#6100,#6101));
#3264=AXIS2_PLACEMENT_3D('',#6102,#6103,#6104);
#3265=SURFACE_SIDE_STYLE('',(#6105));
#3266=EDGE_LOOP('',(#6106,#6107,#6108,#6109));
#3267=AXIS2_PLACEMENT_3D('',#6110,#6111,#6112);
#3268=SURFACE_SIDE_STYLE('',(#6113));
#3269=EDGE_LOOP('',(#6114,#6115,#6116,#6117));
#3270=AXIS2_PLACEMENT_3D('',#6118,#6119,#6120);
#3271=SURFACE_SIDE_STYLE('',(#6121));
#3272=EDGE_LOOP('',(#6122,#6123,#6124,#6125,#6126,#6127,#6128,#6129,#6130,#6131,#6132,#6133,#6134,#6135));
#3273=AXIS2_PLACEMENT_3D('',#6136,#6137,#6138);
#3274=SURFACE_SIDE_STYLE('',(#6139));
#3275=EDGE_LOOP('',(#6140,#6141,#6142,#6143,#6144,#6145));
#3276=AXIS2_PLACEMENT_3D('',#6146,#6147,#6148);
#3277=SURFACE_SIDE_STYLE('',(#6149));
#3278=EDGE_LOOP('',(#6150,#6151,#6152,#6153));
#3279=AXIS2_PLACEMENT_3D('',#6154,#6155,#6156);
#3280=SURFACE_SIDE_STYLE('',(#6157));
#3281=EDGE_LOOP('',(#6158,#6159,#6160));
#3282=AXIS2_PLACEMENT_3D('',#6161,#6162,#6163);
#3283=SURFACE_SIDE_STYLE('',(#6164));
#3284=EDGE_LOOP('',(#6165,#6166,#6167,#6168,#6169,#6170,#6171));
#3285=AXIS2_PLACEMENT_3D('',#6172,#6173,#6174);
#3286=SURFACE_SIDE_STYLE('',(#6175));
#3287=EDGE_LOOP('',(#6176,#6177,#6178,#6179,#6180,#6181,#6182,#6183));
#3288=AXIS2_PLACEMENT_3D('',#6184,#6185,#6186);
#3289=SURFACE_SIDE_STYLE('',(#6187));
#3290=EDGE_LOOP('',(#6188,#6189,#6190,#6191,#6192,#6193,#6194));
#3291=AXIS2_PLACEMENT_3D('',#6195,#6196,#6197);
#3292=SURFACE_SIDE_STYLE('',(#6198));
#3293=EDGE_LOOP('',(#6199,#6200,#6201));
#3294=AXIS2_PLACEMENT_3D('',#6202,#6203,#6204);
#3295=SURFACE_SIDE_STYLE('',(#6205));
#3296=EDGE_LOOP('',(#6206,#6207,#6208,#6209));
#3297=AXIS2_PLACEMENT_3D('',#6210,#6211,#6212);
#3298=SURFACE_SIDE_STYLE('',(#6213));
#3299=EDGE_LOOP('',(#6214,#6215,#6216,#6217));
#3300=AXIS2_PLACEMENT_3D('',#6218,#6219,#6220);
#3301=SURFACE_SIDE_STYLE('',(#6221));
#3302=EDGE_LOOP('',(#6222,#6223,#6224,#6225,#6226,#6227,#6228,#6229,#6230,#6231,#6232,#6233,#6234,#6235,#6236,#6237));
#3303=AXIS2_PLACEMENT_3D('',#6238,#6239,#6240);
#3304=SURFACE_SIDE_STYLE('',(#6241));
#3305=EDGE_LOOP('',(#6242,#6243,#6244,#6245,#6246));
#3306=AXIS2_PLACEMENT_3D('',#6247,#6248,#6249);
#3307=SURFACE_SIDE_STYLE('',(#6250));
#3308=EDGE_LOOP('',(#6251,#6252,#6253,#6254,#6255,#6256,#6257,#6258));
#3309=AXIS2_PLACEMENT_3D('',#6259,#6260,#6261);
#3310=SURFACE_SIDE_STYLE('',(#6262));
#3311=EDGE_LOOP('',(#6263,#6264,#6265,#6266));
#3312=AXIS2_PLACEMENT_3D('',#6267,#6268,#6269);
#3313=SURFACE_SIDE_STYLE('',(#6270));
#3314=EDGE_LOOP('',(#6271,#6272,#6273,#6274));
#3315=AXIS2_PLACEMENT_3D('',#6275,#6276,#6277);
#3316=SURFACE_SIDE_STYLE('',(#6278));
#3317=EDGE_LOOP('',(#6279,#6280,#6281,#6282));
#3318=AXIS2_PLACEMENT_3D('',#6283,#6284,#6285);
#3319=SURFACE_SIDE_STYLE('',(#6286));
#3320=EDGE_LOOP('',(#6287,#6288,#6289,#6290,#6291,#6292,#6293,#6294));
#3321=AXIS2_PLACEMENT_3D('',#6295,#6296,#6297);
#3322=SURFACE_SIDE_STYLE('',(#6298));
#3323=EDGE_LOOP('',(#6299,#6300,#6301,#6302));
#3324=AXIS2_PLACEMENT_3D('',#6303,#6304,#6305);
#3325=SURFACE_SIDE_STYLE('',(#6306));
#3326=EDGE_LOOP('',(#6307,#6308,#6309,#6310));
#3327=AXIS2_PLACEMENT_3D('',#6311,#6312,#6313);
#3328=SURFACE_SIDE_STYLE('',(#6314));
#3329=EDGE_LOOP('',(#6315,#6316,#6317,#6318,#6319,#6320));
#3330=AXIS2_PLACEMENT_3D('',#6321,#6322,#6323);
#3331=SURFACE_SIDE_STYLE('',(#6324));
#3332=EDGE_LOOP('',(#6325,#6326));
#3333=AXIS2_PLACEMENT_3D('',#6327,#6328,#6329);
#3334=SURFACE_SIDE_STYLE('',(#6330));
#3335=EDGE_LOOP('',(#6331,#6332,#6333,#6334));
#3336=AXIS2_PLACEMENT_3D('',#6335,#6336,#6337);
#3337=SURFACE_SIDE_STYLE('',(#6338));
#3338=EDGE_LOOP('',(#6339,#6340,#6341,#6342,#6343,#6344));
#3339=AXIS2_PLACEMENT_3D('',#6345,#6346,#6347);
#3340=SURFACE_SIDE_STYLE('',(#6348));
#3341=EDGE_LOOP('',(#6349,#6350,#6351,#6352));
#3342=AXIS2_PLACEMENT_3D('',#6353,#6354,#6355);
#3343=SURFACE_SIDE_STYLE('',(#6356));
#3344=EDGE_LOOP('',(#6357,#6358,#6359,#6360,#6361,#6362));
#3345=AXIS2_PLACEMENT_3D('',#6363,#6364,#6365);
#3346=SURFACE_SIDE_STYLE('',(#6366));
#3347=EDGE_LOOP('',(#6367,#6368,#6369,#6370));
#3348=AXIS2_PLACEMENT_3D('',#6371,#6372,#6373);
#3349=SURFACE_SIDE_STYLE('',(#6374));
#3350=EDGE_LOOP('',(#6375,#6376,#6377,#6378,#6379,#6380));
#3351=AXIS2_PLACEMENT_3D('',#6381,#6382,#6383);
#3352=SURFACE_SIDE_STYLE('',(#6384));
#3353=EDGE_LOOP('',(#6385,#6386,#6387,#6388,#6389));
#3354=AXIS2_PLACEMENT_3D('',#6390,#6391,#6392);
#3355=SURFACE_SIDE_STYLE('',(#6393));
#3356=EDGE_LOOP('',(#6394,#6395,#6396,#6397,#6398,#6399));
#3357=AXIS2_PLACEMENT_3D('',#6400,#6401,#6402);
#3358=SURFACE_SIDE_STYLE('',(#6403));
#3359=EDGE_LOOP('',(#6404,#6405,#6406,#6407));
#3360=AXIS2_PLACEMENT_3D('',#6408,#6409,#6410);
#3361=SURFACE_SIDE_STYLE('',(#6411));
#3362=EDGE_LOOP('',(#6412,#6413,#6414,#6415));
#3363=AXIS2_PLACEMENT_3D('',#6416,#6417,#6418);
#3364=SURFACE_SIDE_STYLE('',(#6419));
#3365=EDGE_LOOP('',(#6420,#6421,#6422,#6423));
#3366=AXIS2_PLACEMENT_3D('',#6424,#6425,#6426);
#3367=SURFACE_SIDE_STYLE('',(#6427));
#3368=EDGE_LOOP('',(#6428,#6429,#6430,#6431));
#3369=AXIS2_PLACEMENT_3D('',#6432,#6433,#6434);
#3370=SURFACE_SIDE_STYLE('',(#6435));
#3371=EDGE_LOOP('',(#6436,#6437,#6438,#6439));
#3372=AXIS2_PLACEMENT_3D('',#6440,#6441,#6442);
#3373=SURFACE_SIDE_STYLE('',(#6443));
#3374=EDGE_LOOP('',(#6444,#6445,#6446,#6447));
#3375=AXIS2_PLACEMENT_3D('',#6448,#6449,#6450);
#3376=SURFACE_SIDE_STYLE('',(#6451));
#3377=EDGE_LOOP('',(#6452,#6453,#6454,#6455));
#3378=AXIS2_PLACEMENT_3D('',#6456,#6457,#6458);
#3379=SURFACE_SIDE_STYLE('',(#6459));
#3380=EDGE_LOOP('',(#6460,#6461,#6462,#6463,#6464));
#3381=AXIS2_PLACEMENT_3D('',#6465,#6466,#6467);
#3382=SURFACE_SIDE_STYLE('',(#6468));
#3383=EDGE_LOOP('',(#6469,#6470,#6471,#6472,#6473,#6474,#6475,#6476));
#3384=AXIS2_PLACEMENT_3D('',#6477,#6478,#6479);
#3385=SURFACE_SIDE_STYLE('',(#6480));
#3386=EDGE_LOOP('',(#6481,#6482,#6483,#6484));
#3387=AXIS2_PLACEMENT_3D('',#6485,#6486,#6487);
#3388=SURFACE_SIDE_STYLE('',(#6488));
#3389=EDGE_LOOP('',(#6489,#6490,#6491,#6492,#6493,#6494));
#3390=AXIS2_PLACEMENT_3D('',#6495,#6496,#6497);
#3391=SURFACE_SIDE_STYLE('',(#6498));
#3392=EDGE_LOOP('',(#6499,#6500,#6501,#6502,#6503,#6504));
#3393=AXIS2_PLACEMENT_3D('',#6505,#6506,#6507);
#3394=SURFACE_SIDE_STYLE('',(#6508));
#3395=EDGE_LOOP('',(#6509,#6510,#6511,#6512,#6513,#6514,#6515,#6516));
#3396=AXIS2_PLACEMENT_3D('',#6517,#6518,#6519);
#3397=SURFACE_SIDE_STYLE('',(#6520));
#3398=EDGE_LOOP('',(#6521,#6522,#6523,#6524));
#3399=AXIS2_PLACEMENT_3D('',#6525,#6526,#6527);
#3400=SURFACE_SIDE_STYLE('',(#6528));
#3401=EDGE_LOOP('',(#6529,#6530,#6531,#6532));
#3402=AXIS2_PLACEMENT_3D('',#6533,#6534,#6535);
#3403=SURFACE_SIDE_STYLE('',(#6536));
#3404=EDGE_LOOP('',(#6537,#6538,#6539,#6540));
#3405=AXIS2_PLACEMENT_3D('',#6541,#6542,#6543);
#3406=SURFACE_SIDE_STYLE('',(#6544));
#3407=EDGE_LOOP('',(#6545,#6546,#6547,#6548));
#3408=AXIS2_PLACEMENT_3D('',#6549,#6550,#6551);
#3409=SURFACE_SIDE_STYLE('',(#6552));
#3410=EDGE_LOOP('',(#6553,#6554,#6555,#6556,#6557));
#3411=AXIS2_PLACEMENT_3D('',#6558,#6559,#6560);
#3412=SURFACE_SIDE_STYLE('',(#6561));
#3413=EDGE_LOOP('',(#6562,#6563));
#3414=AXIS2_PLACEMENT_3D('',#6564,#6565,#6566);
#3415=SURFACE_SIDE_STYLE('',(#6567));
#3416=EDGE_LOOP('',(#6568,#6569,#6570,#6571));
#3417=AXIS2_PLACEMENT_3D('',#6572,#6573,#6574);
#3418=SURFACE_SIDE_STYLE('',(#6575));
#3419=EDGE_LOOP('',(#6576,#6577,#6578,#6579));
#3420=AXIS2_PLACEMENT_3D('',#6580,#6581,#6582);
#3421=SURFACE_SIDE_STYLE('',(#6583));
#3422=EDGE_LOOP('',(#6584,#6585,#6586,#6587,#6588,#6589,#6590,#6591,#6592,#6593,#6594,#6595,#6596,#6597));
#3423=AXIS2_PLACEMENT_3D('',#6598,#6599,#6600);
#3424=SURFACE_SIDE_STYLE('',(#6601));
#3425=EDGE_LOOP('',(#6602,#6603,#6604,#6605,#6606,#6607,#6608,#6609));
#3426=AXIS2_PLACEMENT_3D('',#6610,#6611,#6612);
#3427=SURFACE_SIDE_STYLE('',(#6613));
#3428=EDGE_LOOP('',(#6614,#6615,#6616,#6617));
#3429=AXIS2_PLACEMENT_3D('',#6618,#6619,#6620);
#3430=SURFACE_SIDE_STYLE('',(#6621));
#3431=EDGE_LOOP('',(#6622,#6623,#6624,#6625,#6626));
#3432=AXIS2_PLACEMENT_3D('',#6627,#6628,#6629);
#3433=SURFACE_SIDE_STYLE('',(#6630));
#3434=EDGE_LOOP('',(#6631,#6632,#6633,#6634,#6635,#6636));
#3435=AXIS2_PLACEMENT_3D('',#6637,#6638,#6639);
#3436=SURFACE_SIDE_STYLE('',(#6640));
#3437=EDGE_LOOP('',(#6641,#6642,#6643,#6644));
#3438=AXIS2_PLACEMENT_3D('',#6645,#6646,#6647);
#3439=SURFACE_SIDE_STYLE('',(#6648));
#3440=EDGE_LOOP('',(#6649,#6650,#6651,#6652));
#3441=AXIS2_PLACEMENT_3D('',#6653,#6654,#6655);
#3442=SURFACE_SIDE_STYLE('',(#6656));
#3443=EDGE_LOOP('',(#6657,#6658,#6659,#6660));
#3444=AXIS2_PLACEMENT_3D('',#6661,#6662,#6663);
#3445=SURFACE_SIDE_STYLE('',(#6664));
#3446=EDGE_LOOP('',(#6665,#6666,#6667,#6668,#6669,#6670,#6671,#6672));
#3447=AXIS2_PLACEMENT_3D('',#6673,#6674,#6675);
#3448=SURFACE_SIDE_STYLE('',(#6676));
#3449=EDGE_LOOP('',(#6677,#6678,#6679,#6680,#6681,#6682,#6683,#6684));
#3450=AXIS2_PLACEMENT_3D('',#6685,#6686,#6687);
#3451=SURFACE_SIDE_STYLE('',(#6688));
#3452=EDGE_LOOP('',(#6689,#6690,#6691,#6692,#6693,#6694,#6695,#6696));
#3453=AXIS2_PLACEMENT_3D('',#6697,#6698,#6699);
#3454=SURFACE_SIDE_STYLE('',(#6700));
#3455=EDGE_LOOP('',(#6701,#6702,#6703,#6704));
#3456=AXIS2_PLACEMENT_3D('',#6705,#6706,#6707);
#3457=SURFACE_SIDE_STYLE('',(#6708));
#3458=EDGE_LOOP('',(#6709,#6710,#6711));
#3459=AXIS2_PLACEMENT_3D('',#6712,#6713,#6714);
#3460=SURFACE_SIDE_STYLE('',(#6715));
#3461=EDGE_LOOP('',(#6716,#6717,#6718,#6719,#6720,#6721,#6722,#6723,#6724,#6725,#6726,#6727,#6728,#6729,#6730,#6731,#6732));
#3462=AXIS2_PLACEMENT_3D('',#6733,#6734,#6735);
#3463=SURFACE_SIDE_STYLE('',(#6736));
#3464=EDGE_LOOP('',(#6737,#6738));
#3465=EDGE_LOOP('',(#6739,#6740,#6741,#6742));
#3466=AXIS2_PLACEMENT_3D('',#6743,#6744,#6745);
#3467=SURFACE_SIDE_STYLE('',(#6746));
#3468=EDGE_LOOP('',(#6747,#6748,#6749,#6750));
#3469=AXIS2_PLACEMENT_3D('',#6751,#6752,#6753);
#3470=SURFACE_SIDE_STYLE('',(#6754));
#3471=EDGE_LOOP('',(#6755,#6756,#6757,#6758,#6759,#6760,#6761,#6762,#6763,#6764,#6765,#6766,#6767,#6768));
#3472=AXIS2_PLACEMENT_3D('',#6769,#6770,#6771);
#3473=SURFACE_SIDE_STYLE('',(#6772));
#3474=EDGE_LOOP('',(#6773,#6774,#6775,#6776));
#3475=AXIS2_PLACEMENT_3D('',#6777,#6778,#6779);
#3476=SURFACE_SIDE_STYLE('',(#6780));
#3477=EDGE_LOOP('',(#6781,#6782,#6783,#6784));
#3478=AXIS2_PLACEMENT_3D('',#6785,#6786,#6787);
#3479=SURFACE_SIDE_STYLE('',(#6788));
#3480=EDGE_LOOP('',(#6789,#6790,#6791,#6792));
#3481=AXIS2_PLACEMENT_3D('',#6793,#6794,#6795);
#3482=SURFACE_SIDE_STYLE('',(#6796));
#3483=EDGE_LOOP('',(#6797,#6798,#6799,#6800));
#3484=AXIS2_PLACEMENT_3D('',#6801,#6802,#6803);
#3485=SURFACE_SIDE_STYLE('',(#6804));
#3486=EDGE_LOOP('',(#6805,#6806,#6807));
#3487=AXIS2_PLACEMENT_3D('',#6808,#6809,#6810);
#3488=SURFACE_SIDE_STYLE('',(#6811));
#3489=EDGE_LOOP('',(#6812,#6813,#6814,#6815,#6816,#6817,#6818));
#3490=AXIS2_PLACEMENT_3D('',#6819,#6820,#6821);
#3491=SURFACE_SIDE_STYLE('',(#6822));
#3492=EDGE_LOOP('',(#6823,#6824,#6825));
#3493=AXIS2_PLACEMENT_3D('',#6826,#6827,#6828);
#3494=SURFACE_SIDE_STYLE('',(#6829));
#3495=EDGE_LOOP('',(#6830,#6831,#6832,#6833,#6834,#6835,#6836,#6837));
#3496=AXIS2_PLACEMENT_3D('',#6838,#6839,#6840);
#3497=SURFACE_SIDE_STYLE('',(#6841));
#3498=EDGE_LOOP('',(#6842,#6843,#6844,#6845));
#3499=AXIS2_PLACEMENT_3D('',#6846,#6847,#6848);
#3500=SURFACE_SIDE_STYLE('',(#6849));
#3501=EDGE_LOOP('',(#6850,#6851,#6852,#6853,#6854,#6855,#6856,#6857,#6858,#6859,#6860,#6861,#6862,#6863,#6864,#6865));
#3502=AXIS2_PLACEMENT_3D('',#6866,#6867,#6868);
#3503=SURFACE_SIDE_STYLE('',(#6869));
#3504=EDGE_LOOP('',(#6870,#6871,#6872,#6873));
#3505=AXIS2_PLACEMENT_3D('',#6874,#6875,#6876);
#3506=SURFACE_SIDE_STYLE('',(#6877));
#3507=EDGE_LOOP('',(#6878,#6879,#6880,#6881));
#3508=AXIS2_PLACEMENT_3D('',#6882,#6883,#6884);
#3509=SURFACE_SIDE_STYLE('',(#6885));
#3510=EDGE_LOOP('',(#6886,#6887,#6888,#6889));
#3511=AXIS2_PLACEMENT_3D('',#6890,#6891,#6892);
#3512=SURFACE_SIDE_STYLE('',(#6893));
#3513=EDGE_LOOP('',(#6894,#6895,#6896,#6897));
#3514=AXIS2_PLACEMENT_3D('',#6898,#6899,#6900);
#3515=SURFACE_SIDE_STYLE('',(#6901));
#3516=EDGE_LOOP('',(#6902,#6903,#6904,#6905));
#3517=AXIS2_PLACEMENT_3D('',#6906,#6907,#6908);
#3518=SURFACE_SIDE_STYLE('',(#6909));
#3519=EDGE_LOOP('',(#6910,#6911,#6912,#6913));
#3520=AXIS2_PLACEMENT_3D('',#6914,#6915,#6916);
#3521=SURFACE_SIDE_STYLE('',(#6917));
#3522=EDGE_LOOP('',(#6918,#6919,#6920,#6921));
#3523=AXIS2_PLACEMENT_3D('',#6922,#6923,#6924);
#3524=SURFACE_SIDE_STYLE('',(#6925));
#3525=EDGE_LOOP('',(#6926,#6927,#6928,#6929,#6930,#6931,#6932,#6933,#6934,#6935,#6936));
#3526=EDGE_LOOP('',(#6937,#6938,#6939,#6940));
#3527=AXIS2_PLACEMENT_3D('',#6941,#6942,#6943);
#3528=SURFACE_SIDE_STYLE('',(#6944));
#3529=EDGE_LOOP('',(#6945,#6946,#6947,#6948));
#3530=AXIS2_PLACEMENT_3D('',#6949,#6950,#6951);
#3531=SURFACE_SIDE_STYLE('',(#6952));
#3532=EDGE_LOOP('',(#6953,#6954,#6955,#6956,#6957,#6958,#6959,#6960,#6961,#6962,#6963,#6964,#6965,#6966,#6967,#6968));
#3533=AXIS2_PLACEMENT_3D('',#6969,#6970,#6971);
#3534=SURFACE_SIDE_STYLE('',(#6972));
#3535=EDGE_LOOP('',(#6973,#6974,#6975,#6976));
#3536=AXIS2_PLACEMENT_3D('',#6977,#6978,#6979);
#3537=SURFACE_SIDE_STYLE('',(#6980));
#3538=EDGE_LOOP('',(#6981,#6982,#6983,#6984,#6985,#6986));
#3539=AXIS2_PLACEMENT_3D('',#6987,#6988,#6989);
#3540=SURFACE_SIDE_STYLE('',(#6990));
#3541=EDGE_LOOP('',(#6991,#6992,#6993,#6994));
#3542=AXIS2_PLACEMENT_3D('',#6995,#6996,#6997);
#3543=SURFACE_SIDE_STYLE('',(#6998));
#3544=EDGE_LOOP('',(#6999,#7000,#7001,#7002,#7003));
#3545=AXIS2_PLACEMENT_3D('',#7004,#7005,#7006);
#3546=SURFACE_SIDE_STYLE('',(#7007));
#3547=EDGE_LOOP('',(#7008,#7009,#7010,#7011));
#3548=AXIS2_PLACEMENT_3D('',#7012,#7013,#7014);
#3549=SURFACE_SIDE_STYLE('',(#7015));
#3550=EDGE_LOOP('',(#7016,#7017,#7018,#7019));
#3551=AXIS2_PLACEMENT_3D('',#7020,#7021,#7022);
#3552=SURFACE_SIDE_STYLE('',(#7023));
#3553=EDGE_LOOP('',(#7024,#7025,#7026));
#3554=AXIS2_PLACEMENT_3D('',#7027,#7028,#7029);
#3555=SURFACE_SIDE_STYLE('',(#7030));
#3556=EDGE_LOOP('',(#7031,#7032,#7033,#7034));
#3557=AXIS2_PLACEMENT_3D('',#7035,#7036,#7037);
#3558=SURFACE_SIDE_STYLE('',(#7038));
#3559=EDGE_LOOP('',(#7039,#7040,#7041,#7042));
#3560=AXIS2_PLACEMENT_3D('',#7043,#7044,#7045);
#3561=SURFACE_SIDE_STYLE('',(#7046));
#3562=EDGE_LOOP('',(#7047,#7048,#7049));
#3563=AXIS2_PLACEMENT_3D('',#7050,#7051,#7052);
#3564=SURFACE_SIDE_STYLE('',(#7053));
#3565=EDGE_LOOP('',(#7054,#7055,#7056,#7057,#7058,#7059,#7060,#7061));
#3566=AXIS2_PLACEMENT_3D('',#7062,#7063,#7064);
#3567=SURFACE_SIDE_STYLE('',(#7065));
#3568=EDGE_LOOP('',(#7066,#7067,#7068,#7069));
#3569=AXIS2_PLACEMENT_3D('',#7070,#7071,#7072);
#3570=SURFACE_SIDE_STYLE('',(#7073));
#3571=EDGE_LOOP('',(#7074,#7075,#7076,#7077));
#3572=AXIS2_PLACEMENT_3D('',#7078,#7079,#7080);
#3573=SURFACE_SIDE_STYLE('',(#7081));
#3574=EDGE_LOOP('',(#7082,#7083,#7084,#7085));
#3575=AXIS2_PLACEMENT_3D('',#7086,#7087,#7088);
#3576=SURFACE_SIDE_STYLE('',(#7089));
#3577=EDGE_LOOP('',(#7090,#7091,#7092,#7093));
#3578=AXIS2_PLACEMENT_3D('',#7094,#7095,#7096);
#3579=SURFACE_SIDE_STYLE('',(#7097));
#3580=EDGE_LOOP('',(#7098,#7099,#7100,#7101,#7102,#7103,#7104,#7105,#7106,#7107,#7108,#7109,#7110,#7111));
#3581=AXIS2_PLACEMENT_3D('',#7112,#7113,#7114);
#3582=SURFACE_SIDE_STYLE('',(#7115));
#3583=EDGE_LOOP('',(#7116,#7117,#7118,#7119,#7120,#7121));
#3584=AXIS2_PLACEMENT_3D('',#7122,#7123,#7124);
#3585=SURFACE_SIDE_STYLE('',(#7125));
#3586=EDGE_LOOP('',(#7126,#7127,#7128,#7129));
#3587=AXIS2_PLACEMENT_3D('',#7130,#7131,#7132);
#3588=SURFACE_SIDE_STYLE('',(#7133));
#3589=EDGE_LOOP('',(#7134,#7135,#7136));
#3590=AXIS2_PLACEMENT_3D('',#7137,#7138,#7139);
#3591=SURFACE_SIDE_STYLE('',(#7140));
#3592=EDGE_LOOP('',(#7141,#7142,#7143,#7144,#7145,#7146,#7147));
#3593=AXIS2_PLACEMENT_3D('',#7148,#7149,#7150);
#3594=SURFACE_SIDE_STYLE('',(#7151));
#3595=EDGE_LOOP('',(#7152,#7153,#7154,#7155,#7156,#7157,#7158,#7159));
#3596=AXIS2_PLACEMENT_3D('',#7160,#7161,#7162);
#3597=SURFACE_SIDE_STYLE('',(#7163));
#3598=EDGE_LOOP('',(#7164,#7165,#7166,#7167,#7168,#7169,#7170));
#3599=AXIS2_PLACEMENT_3D('',#7171,#7172,#7173);
#3600=SURFACE_SIDE_STYLE('',(#7174));
#3601=EDGE_LOOP('',(#7175,#7176,#7177));
#3602=AXIS2_PLACEMENT_3D('',#7178,#7179,#7180);
#3603=SURFACE_SIDE_STYLE('',(#7181));
#3604=EDGE_LOOP('',(#7182,#7183,#7184,#7185));
#3605=AXIS2_PLACEMENT_3D('',#7186,#7187,#7188);
#3606=SURFACE_SIDE_STYLE('',(#7189));
#3607=EDGE_LOOP('',(#7190,#7191,#7192,#7193));
#3608=AXIS2_PLACEMENT_3D('',#7194,#7195,#7196);
#3609=SURFACE_SIDE_STYLE('',(#7197));
#3610=EDGE_LOOP('',(#7198,#7199,#7200,#7201,#7202,#7203,#7204,#7205,#7206,#7207,#7208,#7209,#7210,#7211,#7212,#7213));
#3611=AXIS2_PLACEMENT_3D('',#7214,#7215,#7216);
#3612=SURFACE_SIDE_STYLE('',(#7217));
#3613=EDGE_LOOP('',(#7218,#7219,#7220,#7221,#7222));
#3614=AXIS2_PLACEMENT_3D('',#7223,#7224,#7225);
#3615=SURFACE_SIDE_STYLE('',(#7226));
#3616=EDGE_LOOP('',(#7227,#7228,#7229,#7230,#7231,#7232,#7233,#7234));
#3617=AXIS2_PLACEMENT_3D('',#7235,#7236,#7237);
#3618=SURFACE_SIDE_STYLE('',(#7238));
#3619=EDGE_LOOP('',(#7239,#7240,#7241,#7242));
#3620=AXIS2_PLACEMENT_3D('',#7243,#7244,#7245);
#3621=SURFACE_SIDE_STYLE('',(#7246));
#3622=EDGE_LOOP('',(#7247,#7248,#7249,#7250));
#3623=AXIS2_PLACEMENT_3D('',#7251,#7252,#7253);
#3624=SURFACE_SIDE_STYLE('',(#7254));
#3625=EDGE_LOOP('',(#7255,#7256,#7257,#7258));
#3626=AXIS2_PLACEMENT_3D('',#7259,#7260,#7261);
#3627=SURFACE_SIDE_STYLE('',(#7262));
#3628=EDGE_LOOP('',(#7263,#7264,#7265,#7266,#7267,#7268,#7269,#7270));
#3629=AXIS2_PLACEMENT_3D('',#7271,#7272,#7273);
#3630=SURFACE_SIDE_STYLE('',(#7274));
#3631=EDGE_LOOP('',(#7275,#7276,#7277,#7278));
#3632=AXIS2_PLACEMENT_3D('',#7279,#7280,#7281);
#3633=SURFACE_SIDE_STYLE('',(#7282));
#3634=EDGE_LOOP('',(#7283,#7284,#7285,#7286));
#3635=AXIS2_PLACEMENT_3D('',#7287,#7288,#7289);
#3636=SURFACE_SIDE_STYLE('',(#7290));
#3637=EDGE_LOOP('',(#7291,#7292,#7293,#7294,#7295,#7296));
#3638=AXIS2_PLACEMENT_3D('',#7297,#7298,#7299);
#3639=SURFACE_SIDE_STYLE('',(#7300));
#3640=EDGE_LOOP('',(#7301,#7302));
#3641=AXIS2_PLACEMENT_3D('',#7303,#7304,#7305);
#3642=SURFACE_SIDE_STYLE('',(#7306));
#3643=EDGE_LOOP('',(#7307,#7308,#7309,#7310));
#3644=AXIS2_PLACEMENT_3D('',#7311,#7312,#7313);
#3645=SURFACE_SIDE_STYLE('',(#7314));
#3646=EDGE_LOOP('',(#7315,#7316,#7317,#7318,#7319,#7320));
#3647=AXIS2_PLACEMENT_3D('',#7321,#7322,#7323);
#3648=SURFACE_SIDE_STYLE('',(#7324));
#3649=EDGE_LOOP('',(#7325,#7326,#7327,#7328));
#3650=AXIS2_PLACEMENT_3D('',#7329,#7330,#7331);
#3651=SURFACE_SIDE_STYLE('',(#7332));
#3652=EDGE_LOOP('',(#7333,#7334,#7335,#7336,#7337,#7338));
#3653=AXIS2_PLACEMENT_3D('',#7339,#7340,#7341);
#3654=SURFACE_SIDE_STYLE('',(#7342));
#3655=EDGE_LOOP('',(#7343,#7344,#7345,#7346));
#3656=AXIS2_PLACEMENT_3D('',#7347,#7348,#7349);
#3657=SURFACE_SIDE_STYLE('',(#7350));
#3658=EDGE_LOOP('',(#7351,#7352,#7353,#7354,#7355,#7356));
#3659=AXIS2_PLACEMENT_3D('',#7357,#7358,#7359);
#3660=SURFACE_SIDE_STYLE('',(#7360));
#3661=EDGE_LOOP('',(#7361,#7362,#7363,#7364,#7365));
#3662=AXIS2_PLACEMENT_3D('',#7366,#7367,#7368);
#3663=SURFACE_SIDE_STYLE('',(#7369));
#3664=EDGE_LOOP('',(#7370,#7371,#7372,#7373,#7374,#7375));
#3665=AXIS2_PLACEMENT_3D('',#7376,#7377,#7378);
#3666=SURFACE_SIDE_STYLE('',(#7379));
#3667=EDGE_LOOP('',(#7380,#7381,#7382,#7383));
#3668=AXIS2_PLACEMENT_3D('',#7384,#7385,#7386);
#3669=SURFACE_SIDE_STYLE('',(#7387));
#3670=EDGE_LOOP('',(#7388,#7389,#7390,#7391));
#3671=AXIS2_PLACEMENT_3D('',#7392,#7393,#7394);
#3672=SURFACE_SIDE_STYLE('',(#7395));
#3673=EDGE_LOOP('',(#7396,#7397,#7398,#7399));
#3674=AXIS2_PLACEMENT_3D('',#7400,#7401,#7402);
#3675=SURFACE_SIDE_STYLE('',(#7403));
#3676=EDGE_LOOP('',(#7404,#7405,#7406,#7407));
#3677=AXIS2_PLACEMENT_3D('',#7408,#7409,#7410);
#3678=SURFACE_SIDE_STYLE('',(#7411));
#3679=EDGE_LOOP('',(#7412,#7413,#7414,#7415));
#3680=AXIS2_PLACEMENT_3D('',#7416,#7417,#7418);
#3681=SURFACE_SIDE_STYLE('',(#7419));
#3682=EDGE_LOOP('',(#7420,#7421,#7422,#7423));
#3683=AXIS2_PLACEMENT_3D('',#7424,#7425,#7426);
#3684=SURFACE_SIDE_STYLE('',(#7427));
#3685=EDGE_LOOP('',(#7428,#7429,#7430,#7431));
#3686=AXIS2_PLACEMENT_3D('',#7432,#7433,#7434);
#3687=SURFACE_SIDE_STYLE('',(#7435));
#3688=EDGE_LOOP('',(#7436,#7437,#7438,#7439,#7440));
#3689=AXIS2_PLACEMENT_3D('',#7441,#7442,#7443);
#3690=SURFACE_SIDE_STYLE('',(#7444));
#3691=EDGE_LOOP('',(#7445,#7446,#7447,#7448,#7449,#7450,#7451,#7452));
#3692=AXIS2_PLACEMENT_3D('',#7453,#7454,#7455);
#3693=SURFACE_SIDE_STYLE('',(#7456));
#3694=EDGE_LOOP('',(#7457,#7458,#7459,#7460));
#3695=AXIS2_PLACEMENT_3D('',#7461,#7462,#7463);
#3696=SURFACE_SIDE_STYLE('',(#7464));
#3697=EDGE_LOOP('',(#7465,#7466,#7467,#7468,#7469,#7470));
#3698=AXIS2_PLACEMENT_3D('',#7471,#7472,#7473);
#3699=SURFACE_SIDE_STYLE('',(#7474));
#3700=EDGE_LOOP('',(#7475,#7476,#7477,#7478,#7479,#7480));
#3701=AXIS2_PLACEMENT_3D('',#7481,#7482,#7483);
#3702=SURFACE_SIDE_STYLE('',(#7484));
#3703=EDGE_LOOP('',(#7485,#7486,#7487,#7488,#7489,#7490,#7491,#7492));
#3704=AXIS2_PLACEMENT_3D('',#7493,#7494,#7495);
#3705=SURFACE_SIDE_STYLE('',(#7496));
#3706=EDGE_LOOP('',(#7497,#7498,#7499,#7500));
#3707=AXIS2_PLACEMENT_3D('',#7501,#7502,#7503);
#3708=SURFACE_SIDE_STYLE('',(#7504));
#3709=EDGE_LOOP('',(#7505,#7506,#7507,#7508));
#3710=AXIS2_PLACEMENT_3D('',#7509,#7510,#7511);
#3711=SURFACE_SIDE_STYLE('',(#7512));
#3712=EDGE_LOOP('',(#7513,#7514,#7515,#7516));
#3713=AXIS2_PLACEMENT_3D('',#7517,#7518,#7519);
#3714=SURFACE_SIDE_STYLE('',(#7520));
#3715=EDGE_LOOP('',(#7521,#7522,#7523,#7524));
#3716=AXIS2_PLACEMENT_3D('',#7525,#7526,#7527);
#3717=SURFACE_SIDE_STYLE('',(#7528));
#3718=EDGE_LOOP('',(#7529,#7530,#7531,#7532,#7533));
#3719=AXIS2_PLACEMENT_3D('',#7534,#7535,#7536);
#3720=SURFACE_SIDE_STYLE('',(#7537));
#3721=EDGE_LOOP('',(#7538,#7539));
#3722=AXIS2_PLACEMENT_3D('',#7540,#7541,#7542);
#3723=SURFACE_SIDE_STYLE('',(#7543));
#3724=EDGE_LOOP('',(#7544,#7545,#7546,#7547));
#3725=AXIS2_PLACEMENT_3D('',#7548,#7549,#7550);
#3726=SURFACE_SIDE_STYLE('',(#7551));
#3727=EDGE_LOOP('',(#7552,#7553,#7554,#7555));
#3728=AXIS2_PLACEMENT_3D('',#7556,#7557,#7558);
#3729=SURFACE_SIDE_STYLE('',(#7559));
#3730=EDGE_LOOP('',(#7560,#7561,#7562,#7563,#7564,#7565,#7566,#7567,#7568,#7569,#7570,#7571,#7572,#7573));
#3731=AXIS2_PLACEMENT_3D('',#7574,#7575,#7576);
#3732=SURFACE_SIDE_STYLE('',(#7577));
#3733=EDGE_LOOP('',(#7578,#7579,#7580,#7581,#7582,#7583,#7584,#7585));
#3734=AXIS2_PLACEMENT_3D('',#7586,#7587,#7588);
#3735=SURFACE_SIDE_STYLE('',(#7589));
#3736=EDGE_LOOP('',(#7590,#7591,#7592,#7593));
#3737=AXIS2_PLACEMENT_3D('',#7594,#7595,#7596);
#3738=SURFACE_SIDE_STYLE('',(#7597));
#3739=EDGE_LOOP('',(#7598,#7599,#7600,#7601,#7602));
#3740=AXIS2_PLACEMENT_3D('',#7603,#7604,#7605);
#3741=SURFACE_SIDE_STYLE('',(#7606));
#3742=EDGE_LOOP('',(#7607,#7608,#7609,#7610,#7611,#7612));
#3743=AXIS2_PLACEMENT_3D('',#7613,#7614,#7615);
#3744=SURFACE_SIDE_STYLE('',(#7616));
#3745=EDGE_LOOP('',(#7617,#7618,#7619,#7620));
#3746=AXIS2_PLACEMENT_3D('',#7621,#7622,#7623);
#3747=SURFACE_SIDE_STYLE('',(#7624));
#3748=EDGE_LOOP('',(#7625,#7626,#7627,#7628));
#3749=AXIS2_PLACEMENT_3D('',#7629,#7630,#7631);
#3750=SURFACE_SIDE_STYLE('',(#7632));
#3751=EDGE_LOOP('',(#7633,#7634,#7635,#7636));
#3752=AXIS2_PLACEMENT_3D('',#7637,#7638,#7639);
#3753=SURFACE_SIDE_STYLE('',(#7640));
#3754=EDGE_LOOP('',(#7641,#7642,#7643,#7644,#7645,#7646,#7647,#7648));
#3755=AXIS2_PLACEMENT_3D('',#7649,#7650,#7651);
#3756=SURFACE_SIDE_STYLE('',(#7652));
#3757=EDGE_LOOP('',(#7653,#7654,#7655,#7656,#7657,#7658,#7659,#7660));
#3758=AXIS2_PLACEMENT_3D('',#7661,#7662,#7663);
#3760=SURFACE_STYLE_FILL_AREA(#7664);
#3761=ORIENTED_EDGE('',*,*,#7665,.F.);
#3762=ORIENTED_EDGE('',*,*,#7666,.F.);
#3763=ORIENTED_EDGE('',*,*,#7667,.T.);
#3764=CARTESIAN_POINT('',(2.49999970661738,4.0,6.75));
#3765=DIRECTION('',(4.60660647524438E-53,1.88079096131566E-37,-1.0));
#3766=DIRECTION('',(1.0,-1.22464605849178E-16,2.30330323762219E-53));
#3767=SURFACE_STYLE_FILL_AREA(#7668);
#3768=ORIENTED_EDGE('',*,*,#7669,.F.);
#3769=ORIENTED_EDGE('',*,*,#7670,.F.);
#3770=ORIENTED_EDGE('',*,*,#7671,.F.);
#3771=ORIENTED_EDGE('',*,*,#7672,.F.);
#3772=CARTESIAN_POINT('',(9.81468271740009,4.00000000000004,-3.1));
#3773=DIRECTION('',(1.0,-1.22464605849178E-16,-6.12323399573677E-17));
#3774=DIRECTION('',(6.12323399573677E-17,-7.49898245719804E-33,1.0));
#3775=SURFACE_STYLE_FILL_AREA(#7673);
#3776=ORIENTED_EDGE('',*,*,#7674,.F.);
#3777=ORIENTED_EDGE('',*,*,#7675,.T.);
#3778=ORIENTED_EDGE('',*,*,#7676,.F.);
#3779=ORIENTED_EDGE('',*,*,#7677,.F.);
#3780=ORIENTED_EDGE('',*,*,#7678,.F.);
#3781=ORIENTED_EDGE('',*,*,#7679,.F.);
#3782=ORIENTED_EDGE('',*,*,#7680,.T.);
#3783=ORIENTED_EDGE('',*,*,#7681,.F.);
#3784=CARTESIAN_POINT('',(2.49999970661738,4.0,11.5));
#3785=DIRECTION('',(4.8808705443612E-53,1.88079096131566E-37,-1.0));
#3786=DIRECTION('',(0.866025403784439,0.5,9.4039548065783E-38));
#3787=SURFACE_STYLE_FILL_AREA(#7682);
#3788=ORIENTED_EDGE('',*,*,#7683,.T.);
#3789=ORIENTED_EDGE('',*,*,#7684,.T.);
#3790=ORIENTED_EDGE('',*,*,#7685,.F.);
#3791=ORIENTED_EDGE('',*,*,#7686,.F.);
#3792=CARTESIAN_POINT('',(4.99999970661738,-8.88178419700125E-16,8.0));
#3793=DIRECTION('',(-4.60660647524438E-53,-1.88079096131566E-37,1.0));
#3794=DIRECTION('',(-1.22464605849178E-16,-1.0,-1.88079096131566E-37));
#3795=SURFACE_STYLE_FILL_AREA(#7687);
#3796=ORIENTED_EDGE('',*,*,#7688,.F.);
#3797=ORIENTED_EDGE('',*,*,#7689,.T.);
#3798=ORIENTED_EDGE('',*,*,#7690,.F.);
#3799=ORIENTED_EDGE('',*,*,#7691,.F.);
#3800=ORIENTED_EDGE('',*,*,#7692,.F.);
#3801=ORIENTED_EDGE('',*,*,#7693,.T.);
#3802=ORIENTED_EDGE('',*,*,#7694,.F.);
#3803=ORIENTED_EDGE('',*,*,#7695,.T.);
#3804=ORIENTED_EDGE('',*,*,#7696,.F.);
#3805=ORIENTED_EDGE('',*,*,#7697,.T.);
#3806=ORIENTED_EDGE('',*,*,#7698,.F.);
#3807=ORIENTED_EDGE('',*,*,#7699,.F.);
#3808=ORIENTED_EDGE('',*,*,#7700,.F.);
#3809=ORIENTED_EDGE('',*,*,#7701,.F.);
#3810=CARTESIAN_POINT('',(-2.9338262351574E-07,9.0,1.03397576569129E-22));
#3811=DIRECTION('',(4.60660647524438E-53,1.88079096131566E-37,-1.0));
#3812=DIRECTION('',(1.0,-1.22464605849178E-16,2.30330323762219E-53));
#3813=SURFACE_STYLE_FILL_AREA(#7702);
#3814=ORIENTED_EDGE('',*,*,#7703,.T.);
#3815=ORIENTED_EDGE('',*,*,#7704,.T.);
#3816=ORIENTED_EDGE('',*,*,#7705,.F.);
#3817=ORIENTED_EDGE('',*,*,#7706,.F.);
#3818=CARTESIAN_POINT('',(9.99999970661738,-8.88178419700125E-16,8.0));
#3819=DIRECTION('',(-4.60660647524438E-53,-1.88079096131566E-37,1.0));
#3820=DIRECTION('',(-1.22464605849178E-16,-1.0,-1.88079096131566E-37));
#3821=SURFACE_STYLE_FILL_AREA(#7707);
#3822=ORIENTED_EDGE('',*,*,#7708,.F.);
#3823=ORIENTED_EDGE('',*,*,#7688,.T.);
#3824=ORIENTED_EDGE('',*,*,#7709,.T.);
#3825=ORIENTED_EDGE('',*,*,#7705,.T.);
#3826=CARTESIAN_POINT('',(16.0000021066174,7.5,8.0));
#3827=DIRECTION('',(-1.22464605849178E-16,-1.0,-1.88079096131566E-37));
#3828=DIRECTION('',(-4.60660647524438E-53,-1.88079096131566E-37,1.0));
#3829=SURFACE_STYLE_FILL_AREA(#7710);
#3830=ORIENTED_EDGE('',*,*,#7685,.T.);
#3831=ORIENTED_EDGE('',*,*,#7711,.T.);
#3832=ORIENTED_EDGE('',*,*,#7712,.F.);
#3833=ORIENTED_EDGE('',*,*,#7713,.F.);
#3834=CARTESIAN_POINT('',(9.99999970661738,0.499999999999999,8.0));
#3835=DIRECTION('',(-1.19325845935162E-16,-0.974370064785235,0.224951054343865));
#3836=DIRECTION('',(1.0,-1.22464605849178E-16,2.1867492372093E-53));
#3837=SURFACE_STYLE_FILL_AREA(#7714);
#3838=ORIENTED_EDGE('',*,*,#7715,.F.);
#3839=ORIENTED_EDGE('',*,*,#7703,.F.);
#3840=ORIENTED_EDGE('',*,*,#7716,.T.);
#3841=ORIENTED_EDGE('',*,*,#7717,.T.);
#3842=CARTESIAN_POINT('',(16.0000021066174,6.5,12.181374));
#3843=DIRECTION('',(-1.22464605849178E-16,-1.0,-1.88079096131566E-37));
#3844=DIRECTION('',(-4.60660647524438E-53,-1.88079096131566E-37,1.0));
#3845=SURFACE_STYLE_FILL_AREA(#7718);
#3846=ORIENTED_EDGE('',*,*,#7719,.F.);
#3847=ORIENTED_EDGE('',*,*,#7683,.F.);
#3848=ORIENTED_EDGE('',*,*,#7720,.F.);
#3849=ORIENTED_EDGE('',*,*,#7700,.T.);
#3850=ORIENTED_EDGE('',*,*,#7721,.F.);
#3851=ORIENTED_EDGE('',*,*,#7722,.T.);
#3852=ORIENTED_EDGE('',*,*,#7723,.F.);
#3853=ORIENTED_EDGE('',*,*,#7724,.F.);
#3854=ORIENTED_EDGE('',*,*,#7725,.F.);
#3855=ORIENTED_EDGE('',*,*,#7726,.T.);
#3856=ORIENTED_EDGE('',*,*,#7727,.F.);
#3857=ORIENTED_EDGE('',*,*,#7728,.T.);
#3858=ORIENTED_EDGE('',*,*,#7729,.F.);
#3859=ORIENTED_EDGE('',*,*,#7730,.F.);
#3860=ORIENTED_EDGE('',*,*,#7731,.T.);
#3861=ORIENTED_EDGE('',*,*,#7732,.F.);
#3862=ORIENTED_EDGE('',*,*,#7690,.T.);
#3863=CARTESIAN_POINT('',(9.99999970661738,-8.88178419700125E-16,1.03397576569127E-22));
#3864=DIRECTION('',(-1.22464605849178E-16,-1.0,-1.88079096131566E-37));
#3865=DIRECTION('',(-4.60660647524438E-53,-1.88079096131566E-37,1.0));
#3866=SURFACE_STYLE_FILL_AREA(#7733);
#3867=ORIENTED_EDGE('',*,*,#7734,.T.);
#3868=ORIENTED_EDGE('',*,*,#7681,.T.);
#3869=ORIENTED_EDGE('',*,*,#7735,.F.);
#3870=CARTESIAN_POINT('',(2.49999970661738,3.99999999999999,10.6));
#3871=DIRECTION('',(-4.60660647524438E-53,-1.88079096131566E-37,1.0));
#3872=DIRECTION('',(-1.22464605849178E-16,-1.0,-1.88079096131566E-37));
#3873=SURFACE_STYLE_FILL_AREA(#7736);
#3874=ORIENTED_EDGE('',*,*,#7677,.T.);
#3875=ORIENTED_EDGE('',*,*,#7737,.T.);
#3876=ORIENTED_EDGE('',*,*,#7738,.F.);
#3877=CARTESIAN_POINT('',(2.49999970661738,3.99999999999999,10.6));
#3878=DIRECTION('',(-4.60660647524438E-53,-1.88079096131566E-37,1.0));
#3879=DIRECTION('',(-1.22464605849178E-16,-1.0,-1.88079096131566E-37));
#3880=SURFACE_STYLE_FILL_AREA(#7739);
#3881=ORIENTED_EDGE('',*,*,#7740,.F.);
#3882=ORIENTED_EDGE('',*,*,#7741,.F.);
#3883=ORIENTED_EDGE('',*,*,#7678,.T.);
#3884=ORIENTED_EDGE('',*,*,#7738,.T.);
#3885=CARTESIAN_POINT('',(-7.50000029338262,3.6,10.6));
#3886=DIRECTION('',(-1.22464605849178E-16,-1.0,-1.88079096131566E-37));
#3887=DIRECTION('',(-4.60660647524438E-53,-1.88079096131566E-37,1.0));
#3888=SURFACE_STYLE_FILL_AREA(#7742);
#3889=ORIENTED_EDGE('',*,*,#7679,.T.);
#3890=ORIENTED_EDGE('',*,*,#7741,.T.);
#3891=ORIENTED_EDGE('',*,*,#7743,.T.);
#3892=ORIENTED_EDGE('',*,*,#7744,.T.);
#3893=CARTESIAN_POINT('',(2.49999970661738,3.99999999999999,9.70000000000001));
#3894=DIRECTION('',(-4.60660647524438E-53,-1.88079096131566E-37,1.0));
#3895=DIRECTION('',(-1.22464605849178E-16,-1.0,-1.88079096131566E-37));
#3896=SURFACE_STYLE_FILL_AREA(#7745);
#3897=ORIENTED_EDGE('',*,*,#7680,.F.);
#3898=ORIENTED_EDGE('',*,*,#7744,.F.);
#3899=ORIENTED_EDGE('',*,*,#7746,.T.);
#3900=ORIENTED_EDGE('',*,*,#7735,.T.);
#3901=CARTESIAN_POINT('',(-7.50000029338262,4.39999999999999,10.6));
#3902=DIRECTION('',(1.22464605849178E-16,1.0,1.88079096131566E-37));
#3903=DIRECTION('',(-1.0,1.22464605849178E-16,-2.30330323762219E-53));
#3904=SURFACE_STYLE_FILL_AREA(#7747);
#3905=ORIENTED_EDGE('',*,*,#7674,.T.);
#3906=ORIENTED_EDGE('',*,*,#7734,.F.);
#3907=ORIENTED_EDGE('',*,*,#7746,.F.);
#3908=ORIENTED_EDGE('',*,*,#7743,.F.);
#3909=ORIENTED_EDGE('',*,*,#7740,.T.);
#3910=ORIENTED_EDGE('',*,*,#7737,.F.);
#3911=ORIENTED_EDGE('',*,*,#7676,.T.);
#3912=ORIENTED_EDGE('',*,*,#7748,.T.);
#3913=CARTESIAN_POINT('',(2.49999970661738,4.0,11.5));
#3914=DIRECTION('',(4.8808705443612E-53,1.88079096131566E-37,-1.0));
#3915=DIRECTION('',(0.866025403784439,0.5,9.4039548065783E-38));
#3916=SURFACE_STYLE_FILL_AREA(#7749);
#3917=ORIENTED_EDGE('',*,*,#7750,.F.);
#3918=ORIENTED_EDGE('',*,*,#7717,.F.);
#3919=ORIENTED_EDGE('',*,*,#7751,.F.);
#3920=ORIENTED_EDGE('',*,*,#7712,.T.);
#3921=ORIENTED_EDGE('',*,*,#7675,.F.);
#3922=ORIENTED_EDGE('',*,*,#7748,.F.);
#3923=CARTESIAN_POINT('',(4.99999970661738,1.30803866893947,11.5));
#3924=DIRECTION('',(-4.60660647524438E-53,-1.88079096131566E-37,1.0));
#3925=DIRECTION('',(-1.22464605849178E-16,-1.0,-1.88079096131566E-37));
#3926=SURFACE_STYLE_FILL_AREA(#7752);
#3927=ORIENTED_EDGE('',*,*,#7753,.T.);
#3928=ORIENTED_EDGE('',*,*,#7754,.F.);
#3929=ORIENTED_EDGE('',*,*,#7755,.F.);
#3930=ORIENTED_EDGE('',*,*,#7693,.F.);
#3931=CARTESIAN_POINT('',(2.84999970661738,1.95615384615387,1.03397576569128E-22));
#3932=DIRECTION('',(-1.0,1.22464605849178E-16,-2.30330323762219E-53));
#3933=DIRECTION('',(-1.22464605849178E-16,-1.0,-1.88079096131566E-37));
#3934=SURFACE_STYLE_FILL_AREA(#7756);
#3935=ORIENTED_EDGE('',*,*,#7696,.T.);
#3936=ORIENTED_EDGE('',*,*,#7757,.T.);
#3937=ORIENTED_EDGE('',*,*,#7670,.T.);
#3938=ORIENTED_EDGE('',*,*,#7758,.T.);
#3939=ORIENTED_EDGE('',*,*,#7759,.F.);
#3940=CARTESIAN_POINT('',(2.14999970661738,3.50000000000004,-4.6590024));
#3941=DIRECTION('',(-1.0,1.22464605849178E-16,-2.30330323762219E-53));
#3942=DIRECTION('',(-1.22464605849178E-16,-1.0,-1.88079096131566E-37));
#3943=SURFACE_STYLE_FILL_AREA(#7760);
#3944=ORIENTED_EDGE('',*,*,#7695,.F.);
#3945=ORIENTED_EDGE('',*,*,#7761,.F.);
#3946=ORIENTED_EDGE('',*,*,#7671,.T.);
#3947=ORIENTED_EDGE('',*,*,#7757,.F.);
#3948=CARTESIAN_POINT('',(2.14999970661738,4.50000000000004,-4.6590024));
#3949=DIRECTION('',(1.22464605849178E-16,1.0,1.88079096131566E-37));
#3950=DIRECTION('',(-1.0,1.22464605849178E-16,-2.30330323762219E-53));
#3951=SURFACE_STYLE_FILL_AREA(#7762);
#3952=ORIENTED_EDGE('',*,*,#7669,.T.);
#3953=ORIENTED_EDGE('',*,*,#7763,.F.);
#3954=ORIENTED_EDGE('',*,*,#7764,.T.);
#3955=ORIENTED_EDGE('',*,*,#7758,.F.);
#3956=CARTESIAN_POINT('',(9.81468271740009,4.00000000000004,-3.1));
#3957=DIRECTION('',(1.0,-1.22464605849178E-16,-6.12323399573677E-17));
#3958=DIRECTION('',(6.12323399573677E-17,-7.49898245719804E-33,1.0));
#3959=SURFACE_STYLE_FILL_AREA(#7765);
#3960=ORIENTED_EDGE('',*,*,#7766,.T.);
#3961=ORIENTED_EDGE('',*,*,#7767,.T.);
#3962=ORIENTED_EDGE('',*,*,#7768,.T.);
#3963=ORIENTED_EDGE('',*,*,#7769,.T.);
#3964=CARTESIAN_POINT('',(7.49999970661738,6.10000000000002,0.2));
#3965=DIRECTION('',(4.60660647524438E-53,1.88079096131566E-37,-1.0));
#3966=DIRECTION('',(1.0,-1.22464605849178E-16,2.30330323762219E-53));
#3967=SURFACE_STYLE_FILL_AREA(#7770);
#3968=ORIENTED_EDGE('',*,*,#7697,.F.);
#3969=ORIENTED_EDGE('',*,*,#7771,.T.);
#3970=ORIENTED_EDGE('',*,*,#7766,.F.);
#3971=ORIENTED_EDGE('',*,*,#7772,.T.);
#3972=CARTESIAN_POINT('',(2.14999970661738,3.50000000000004,1.03397576569128E-22));
#3973=DIRECTION('',(1.0,-1.22464605849178E-16,2.30330323762219E-53));
#3974=DIRECTION('',(4.60660647524438E-53,1.88079096131566E-37,-1.0));
#3975=SURFACE_STYLE_FILL_AREA(#7773);
#3976=ORIENTED_EDGE('',*,*,#7774,.T.);
#3977=ORIENTED_EDGE('',*,*,#7763,.T.);
#3978=ORIENTED_EDGE('',*,*,#7672,.T.);
#3979=ORIENTED_EDGE('',*,*,#7761,.T.);
#3980=ORIENTED_EDGE('',*,*,#7694,.T.);
#3981=CARTESIAN_POINT('',(2.84999970661738,3.50000000000004,0.999999999999999));
#3982=DIRECTION('',(1.0,-1.22464605849178E-16,-6.12323399573677E-17));
#3983=DIRECTION('',(-6.12323399573677E-17,7.49898245719804E-33,-1.0));
#3984=SURFACE_STYLE_FILL_AREA(#7775);
#3985=ORIENTED_EDGE('',*,*,#7776,.F.);
#3986=ORIENTED_EDGE('',*,*,#7730,.T.);
#3987=ORIENTED_EDGE('',*,*,#7777,.F.);
#3988=CARTESIAN_POINT('',(4.59999970661737,-8.88178419700125E-16,1.0));
#3989=DIRECTION('',(4.60660647524438E-53,1.88079096131566E-37,-1.0));
#3990=DIRECTION('',(1.0,-1.22464605849178E-16,2.30330323762219E-53));
#3991=SURFACE_STYLE_FILL_AREA(#7778);
#3992=ORIENTED_EDGE('',*,*,#7779,.F.);
#3993=ORIENTED_EDGE('',*,*,#7780,.F.);
#3994=ORIENTED_EDGE('',*,*,#7781,.T.);
#3995=ORIENTED_EDGE('',*,*,#7782,.T.);
#3996=CARTESIAN_POINT('',(4.08119449825322,6.50000000000004,5.35000000000003));
#3997=DIRECTION('',(1.22464679914736E-16,7.105427357601E-15,-1.0));
#3998=DIRECTION('',(1.22464605849178E-16,1.0,7.105427357601E-15));
#3999=SURFACE_STYLE_FILL_AREA(#7783);
#4000=ORIENTED_EDGE('',*,*,#7784,.F.);
#4001=ORIENTED_EDGE('',*,*,#7785,.T.);
#4002=ORIENTED_EDGE('',*,*,#7786,.T.);
#4003=ORIENTED_EDGE('',*,*,#7787,.F.);
#4004=CARTESIAN_POINT('',(4.52499970661738,3.9771335065342,4.39967313539756));
#4005=DIRECTION('',(-1.0,1.22464605849178E-16,-2.30330323762219E-53));
#4006=DIRECTION('',(1.22464605849178E-16,1.0,1.88079096131566E-37));
#4007=SURFACE_STYLE_FILL_AREA(#7788);
#4008=ORIENTED_EDGE('',*,*,#7789,.F.);
#4009=ORIENTED_EDGE('',*,*,#7787,.T.);
#4010=ORIENTED_EDGE('',*,*,#7790,.F.);
#4011=ORIENTED_EDGE('',*,*,#7791,.F.);
#4012=CARTESIAN_POINT('',(4.52499970661738,4.53961879067516,3.57286583915202));
#4013=DIRECTION('',(6.88845386182852E-17,0.562485284140957,-0.826807296245544));
#4014=DIRECTION('',(1.01254629647935E-16,0.826807296245544,0.562485284140957));
#4015=SURFACE_STYLE_FILL_AREA(#7792);
#4016=ORIENTED_EDGE('',*,*,#7793,.F.);
#4017=ORIENTED_EDGE('',*,*,#7794,.T.);
#4018=ORIENTED_EDGE('',*,*,#7795,.F.);
#4019=ORIENTED_EDGE('',*,*,#7785,.F.);
#4020=CARTESIAN_POINT('',(4.52499970661738,1.61513871421432,5.20230966992987));
#4021=DIRECTION('',(-8.25786710403046E-17,-0.674306428928574,-0.738451650350647));
#4022=DIRECTION('',(1.0,-1.22464605849178E-16,1.04728701455716E-53));
#4023=SURFACE_STYLE_FILL_AREA(#7796);
#4024=ORIENTED_EDGE('',*,*,#7797,.T.);
#4025=ORIENTED_EDGE('',*,*,#7798,.T.);
#4026=ORIENTED_EDGE('',*,*,#7794,.F.);
#4027=ORIENTED_EDGE('',*,*,#7799,.F.);
#4028=CARTESIAN_POINT('',(4.52499970661738,1.70000000000004,5.39565677580978));
#4029=DIRECTION('',(-1.0,1.22464605849178E-16,-2.30330323762219E-53));
#4030=DIRECTION('',(1.22464605849178E-16,1.0,1.88079096131566E-37));
#4031=SURFACE_STYLE_FILL_AREA(#7800);
#4032=ORIENTED_EDGE('',*,*,#7797,.F.);
#4033=ORIENTED_EDGE('',*,*,#7801,.T.);
#4034=ORIENTED_EDGE('',*,*,#7802,.F.);
#4035=ORIENTED_EDGE('',*,*,#7803,.T.);
#4036=CARTESIAN_POINT('',(9.52499970661738,1.50000000000006,6.04999999999998));
#4037=DIRECTION('',(-1.22464605849178E-16,-1.0,2.7914178904861E-14));
#4038=DIRECTION('',(3.41849891718724E-30,2.7914178904861E-14,1.0));
#4039=SURFACE_STYLE_FILL_AREA(#7804);
#4040=ORIENTED_EDGE('',*,*,#7805,.F.);
#4041=ORIENTED_EDGE('',*,*,#7806,.T.);
#4042=ORIENTED_EDGE('',*,*,#7807,.T.);
#4043=ORIENTED_EDGE('',*,*,#7808,.F.);
#4044=CARTESIAN_POINT('',(0.404997306617376,1.55,4.99773623330457));
#4045=DIRECTION('',(-1.0,1.22464605849178E-16,-6.12323399573677E-17));
#4046=DIRECTION('',(-1.22464605849178E-16,-1.0,-6.12323399573677E-17));
#4047=SURFACE_STYLE_FILL_AREA(#7809);
#4048=ORIENTED_EDGE('',*,*,#7810,.T.);
#4049=ORIENTED_EDGE('',*,*,#7811,.T.);
#4050=ORIENTED_EDGE('',*,*,#7812,.T.);
#4051=ORIENTED_EDGE('',*,*,#7806,.F.);
#4052=CARTESIAN_POINT('',(0.404997306617376,1.65,4.82453115254768));
#4053=DIRECTION('',(1.14261064860837E-16,0.500000000000029,-0.866025403784422));
#4054=DIRECTION('',(1.06057459729834E-16,0.866025403784422,0.500000000000029));
#4055=SURFACE_STYLE_FILL_AREA(#7813);
#4056=ORIENTED_EDGE('',*,*,#7814,.T.);
#4057=ORIENTED_EDGE('',*,*,#7815,.T.);
#4058=ORIENTED_EDGE('',*,*,#7816,.F.);
#4059=ORIENTED_EDGE('',*,*,#7811,.F.);
#4060=CARTESIAN_POINT('',(0.404997306617376,1.7,4.62245855833131));
#4061=DIRECTION('',(-1.0,1.22464605849178E-16,-6.12323399573677E-17));
#4062=DIRECTION('',(-1.22464605849178E-16,-1.0,-6.12323399573677E-17));
#4063=SURFACE_STYLE_FILL_AREA(#7817);
#4064=ORIENTED_EDGE('',*,*,#7818,.T.);
#4065=ORIENTED_EDGE('',*,*,#7819,.F.);
#4066=ORIENTED_EDGE('',*,*,#7820,.F.);
#4067=ORIENTED_EDGE('',*,*,#7807,.F.);
#4068=ORIENTED_EDGE('',*,*,#7812,.F.);
#4069=ORIENTED_EDGE('',*,*,#7816,.T.);
#4070=ORIENTED_EDGE('',*,*,#7821,.F.);
#4071=ORIENTED_EDGE('',*,*,#7822,.F.);
#4072=CARTESIAN_POINT('',(1.17499970661738,4.00000000000003,3.52500000000002));
#4073=DIRECTION('',(1.0,-1.22464605849178E-16,2.30330323762219E-53));
#4074=DIRECTION('',(4.60660647524438E-53,1.88079096131566E-37,-1.0));
#4075=SURFACE_STYLE_FILL_AREA(#7823);
#4076=ORIENTED_EDGE('',*,*,#7824,.T.);
#4077=ORIENTED_EDGE('',*,*,#7825,.F.);
#4078=ORIENTED_EDGE('',*,*,#7826,.F.);
#4079=ORIENTED_EDGE('',*,*,#7822,.T.);
#4080=CARTESIAN_POINT('',(1.27499970661738,1.74999999999998,1.8));
#4081=DIRECTION('',(1.22464605849178E-16,1.0,1.88079096131395E-37));
#4082=DIRECTION('',(6.12323399573677E-17,-7.49898245719804E-33,1.0));
#4083=SURFACE_STYLE_FILL_AREA(#7827);
#4084=ORIENTED_EDGE('',*,*,#7828,.F.);
#4085=ORIENTED_EDGE('',*,*,#7829,.F.);
#4086=ORIENTED_EDGE('',*,*,#7830,.T.);
#4087=ORIENTED_EDGE('',*,*,#7831,.F.);
#4088=CARTESIAN_POINT('',(3.72499970661738,3.50000000000004,1.8));
#4089=DIRECTION('',(-1.22464605849178E-16,-1.0,-1.88079096131395E-37));
#4090=DIRECTION('',(-6.12323399573677E-17,7.49898245719804E-33,-1.0));
#4091=SURFACE_STYLE_FILL_AREA(#7832);
#4092=ORIENTED_EDGE('',*,*,#7833,.F.);
#4093=ORIENTED_EDGE('',*,*,#7834,.T.);
#4094=ORIENTED_EDGE('',*,*,#7835,.F.);
#4095=ORIENTED_EDGE('',*,*,#7836,.T.);
#4096=CARTESIAN_POINT('',(1.08745853948306,2.3425431923032,6.05));
#4097=DIRECTION('',(-4.60660647524438E-53,-1.88079096131566E-37,1.0));
#4098=DIRECTION('',(-1.22464605849178E-16,-1.0,-1.88079096131566E-37));
#4099=SURFACE_STYLE_FILL_AREA(#7837);
#4100=ORIENTED_EDGE('',*,*,#7838,.F.);
#4101=ORIENTED_EDGE('',*,*,#7839,.F.);
#4102=ORIENTED_EDGE('',*,*,#7840,.T.);
#4103=ORIENTED_EDGE('',*,*,#7835,.T.);
#4104=CARTESIAN_POINT('',(3.40816351826617,1.75000000000002,6.12000240000003));
#4105=DIRECTION('',(-7.15318163157581E-15,1.0,-4.45504655740454E-31));
#4106=DIRECTION('',(5.4558529036196E-47,4.45504655740454E-31,1.0));
#4107=SURFACE_STYLE_FILL_AREA(#7841);
#4108=ORIENTED_EDGE('',*,*,#7842,.F.);
#4109=ORIENTED_EDGE('',*,*,#7843,.T.);
#4110=ORIENTED_EDGE('',*,*,#7844,.F.);
#4111=ORIENTED_EDGE('',*,*,#7836,.F.);
#4112=ORIENTED_EDGE('',*,*,#7840,.F.);
#4113=ORIENTED_EDGE('',*,*,#7845,.F.);
#4114=ORIENTED_EDGE('',*,*,#7846,.F.);
#4115=ORIENTED_EDGE('',*,*,#7829,.T.);
#4116=CARTESIAN_POINT('',(3.82499970661738,6.50000000000002,-8.69690260418206));
#4117=DIRECTION('',(-1.0,1.22464605849178E-16,6.12323399573677E-17));
#4118=DIRECTION('',(-6.12323399573677E-17,7.49898245719804E-33,-1.0));
#4119=SURFACE_STYLE_FILL_AREA(#7847);
#4120=ORIENTED_EDGE('',*,*,#7848,.T.);
#4121=ORIENTED_EDGE('',*,*,#7843,.F.);
#4122=ORIENTED_EDGE('',*,*,#7849,.F.);
#4123=ORIENTED_EDGE('',*,*,#7850,.T.);
#4124=CARTESIAN_POINT('',(3.72499970661738,6.50000000000002,6.15000000000003));
#4125=DIRECTION('',(-1.22464605849178E-16,-1.0,-1.88079096131395E-37));
#4126=DIRECTION('',(-6.12323399573677E-17,7.49898245719804E-33,-1.0));
#4127=SURFACE_STYLE_FILL_AREA(#7851);
#4128=ORIENTED_EDGE('',*,*,#7831,.T.);
#4129=ORIENTED_EDGE('',*,*,#7852,.F.);
#4130=ORIENTED_EDGE('',*,*,#7825,.T.);
#4131=ORIENTED_EDGE('',*,*,#7853,.T.);
#4132=CARTESIAN_POINT('',(-6.17500029338262,6.50000000000002,1.7));
#4133=DIRECTION('',(-4.60660647524438E-53,-1.88079096131566E-37,1.0));
#4134=DIRECTION('',(-1.22464605849178E-16,-1.0,-1.88079096131566E-37));
#4135=SURFACE_STYLE_FILL_AREA(#7854);
#4136=ORIENTED_EDGE('',*,*,#7855,.T.);
#4137=ORIENTED_EDGE('',*,*,#7856,.T.);
#4138=ORIENTED_EDGE('',*,*,#7857,.F.);
#4139=ORIENTED_EDGE('',*,*,#7858,.F.);
#4140=ORIENTED_EDGE('',*,*,#7859,.F.);
#4141=ORIENTED_EDGE('',*,*,#7667,.F.);
#4142=ORIENTED_EDGE('',*,*,#7860,.F.);
#4143=ORIENTED_EDGE('',*,*,#7861,.T.);
#4144=CARTESIAN_POINT('',(1.27499970661738,1.75,5.25000000000003));
#4145=DIRECTION('',(1.22464605849178E-16,1.0,1.880790961314E-37));
#4146=DIRECTION('',(6.12323399573677E-17,-7.49898245719804E-33,1.0));
#4147=SURFACE_STYLE_FILL_AREA(#7862);
#4148=ORIENTED_EDGE('',*,*,#7863,.F.);
#4149=ORIENTED_EDGE('',*,*,#7864,.T.);
#4150=ORIENTED_EDGE('',*,*,#7802,.T.);
#4151=ORIENTED_EDGE('',*,*,#7865,.F.);
#4152=CARTESIAN_POINT('',(4.52499970661738,1.70000000000006,6.05));
#4153=DIRECTION('',(-1.0,1.22464605849178E-16,-2.30330323762219E-53));
#4154=DIRECTION('',(1.22464605849178E-16,1.0,1.88079096131566E-37));
#4155=SURFACE_STYLE_FILL_AREA(#7866);
#4156=ORIENTED_EDGE('',*,*,#7867,.F.);
#4157=ORIENTED_EDGE('',*,*,#7868,.T.);
#4158=ORIENTED_EDGE('',*,*,#7869,.F.);
#4159=ORIENTED_EDGE('',*,*,#7870,.T.);
#4160=CARTESIAN_POINT('',(3.99999970661738,6.5,0.389997600000001));
#4161=DIRECTION('',(-1.0,1.22464605849178E-16,-2.30330323762219E-53));
#4162=DIRECTION('',(-1.22464605849178E-16,-1.0,-1.88079096131566E-37));
#4163=SURFACE_STYLE_FILL_AREA(#7871);
#4164=ORIENTED_EDGE('',*,*,#7872,.T.);
#4165=ORIENTED_EDGE('',*,*,#7873,.F.);
#4166=ORIENTED_EDGE('',*,*,#7874,.T.);
#4167=ORIENTED_EDGE('',*,*,#7868,.F.);
#4168=CARTESIAN_POINT('',(-2.93382623785162E-07,6.8,4.0));
#4169=DIRECTION('',(1.22464605849178E-16,1.0,1.88079096131566E-37));
#4170=DIRECTION('',(-1.0,1.22464605849178E-16,-2.30330323762219E-53));
#4171=SURFACE_STYLE_FILL_AREA(#7875);
#4172=ORIENTED_EDGE('',*,*,#7876,.T.);
#4173=ORIENTED_EDGE('',*,*,#7872,.F.);
#4174=ORIENTED_EDGE('',*,*,#7867,.T.);
#4175=ORIENTED_EDGE('',*,*,#7877,.F.);
#4176=CARTESIAN_POINT('',(0.999999706617376,6.8,5.6));
#4177=DIRECTION('',(4.60660647524438E-53,1.88079096131566E-37,-1.0));
#4178=DIRECTION('',(1.0,-1.22464605849178E-16,2.30330323762219E-53));
#4179=SURFACE_STYLE_FILL_AREA(#7878);
#4180=ORIENTED_EDGE('',*,*,#7879,.F.);
#4181=ORIENTED_EDGE('',*,*,#7873,.T.);
#4182=ORIENTED_EDGE('',*,*,#7876,.F.);
#4183=ORIENTED_EDGE('',*,*,#7880,.T.);
#4184=CARTESIAN_POINT('',(0.999999706617377,8.8,0.389997600000001));
#4185=DIRECTION('',(1.0,-1.22464605849178E-16,2.30330323762219E-53));
#4186=DIRECTION('',(4.60660647524438E-53,1.88079096131566E-37,-1.0));
#4187=SURFACE_STYLE_FILL_AREA(#7881);
#4188=ORIENTED_EDGE('',*,*,#7879,.T.);
#4189=ORIENTED_EDGE('',*,*,#7882,.F.);
#4190=ORIENTED_EDGE('',*,*,#7869,.T.);
#4191=ORIENTED_EDGE('',*,*,#7874,.F.);
#4192=CARTESIAN_POINT('',(0.999999706617376,6.50000000000002,1.65));
#4193=DIRECTION('',(-4.60660647524438E-53,-1.88079096131566E-37,1.0));
#4194=DIRECTION('',(-1.22464605849178E-16,-1.0,-1.88079096131566E-37));
#4195=SURFACE_STYLE_FILL_AREA(#7883);
#4196=ORIENTED_EDGE('',*,*,#7877,.T.);
#4197=ORIENTED_EDGE('',*,*,#7870,.F.);
#4198=ORIENTED_EDGE('',*,*,#7882,.T.);
#4199=ORIENTED_EDGE('',*,*,#7880,.F.);
#4200=ORIENTED_EDGE('',*,*,#7791,.T.);
#4201=ORIENTED_EDGE('',*,*,#7884,.F.);
#4202=ORIENTED_EDGE('',*,*,#7885,.T.);
#4203=ORIENTED_EDGE('',*,*,#7886,.F.);
#4204=ORIENTED_EDGE('',*,*,#7818,.F.);
#4205=ORIENTED_EDGE('',*,*,#7826,.T.);
#4206=ORIENTED_EDGE('',*,*,#7852,.T.);
#4207=ORIENTED_EDGE('',*,*,#7830,.F.);
#4208=ORIENTED_EDGE('',*,*,#7846,.T.);
#4209=ORIENTED_EDGE('',*,*,#7887,.T.);
#4210=ORIENTED_EDGE('',*,*,#7888,.F.);
#4211=CARTESIAN_POINT('',(5.18658532158216,6.50000000000002,-2.05433627811555));
#4212=DIRECTION('',(-1.22464605849178E-16,-1.0,-1.88079096131566E-37));
#4213=DIRECTION('',(-4.60660647524438E-53,-1.88079096131566E-37,1.0));
#4214=SURFACE_STYLE_FILL_AREA(#7889);
#4215=ORIENTED_EDGE('',*,*,#7888,.T.);
#4216=ORIENTED_EDGE('',*,*,#7890,.F.);
#4217=ORIENTED_EDGE('',*,*,#7891,.T.);
#4218=ORIENTED_EDGE('',*,*,#7892,.T.);
#4219=ORIENTED_EDGE('',*,*,#7893,.F.);
#4220=ORIENTED_EDGE('',*,*,#7894,.F.);
#4221=ORIENTED_EDGE('',*,*,#7838,.T.);
#4222=ORIENTED_EDGE('',*,*,#7834,.F.);
#4223=ORIENTED_EDGE('',*,*,#7895,.F.);
#4224=ORIENTED_EDGE('',*,*,#7896,.F.);
#4225=ORIENTED_EDGE('',*,*,#7865,.T.);
#4226=ORIENTED_EDGE('',*,*,#7801,.F.);
#4227=ORIENTED_EDGE('',*,*,#7799,.T.);
#4228=ORIENTED_EDGE('',*,*,#7793,.T.);
#4229=ORIENTED_EDGE('',*,*,#7784,.T.);
#4230=ORIENTED_EDGE('',*,*,#7789,.T.);
#4231=CARTESIAN_POINT('',(3.59999970661738,6.79125386128577,3.15341599999985));
#4232=DIRECTION('',(-1.0,1.22464605849178E-16,-2.30330323762219E-53));
#4233=DIRECTION('',(-1.22464605849178E-16,-1.0,-1.88079096131566E-37));
#4234=SURFACE_STYLE_FILL_AREA(#7897);
#4235=ORIENTED_EDGE('',*,*,#7895,.T.);
#4236=ORIENTED_EDGE('',*,*,#7833,.T.);
#4237=ORIENTED_EDGE('',*,*,#7844,.T.);
#4238=ORIENTED_EDGE('',*,*,#7848,.F.);
#4239=ORIENTED_EDGE('',*,*,#7898,.T.);
#4240=CARTESIAN_POINT('',(4.17499970661738,2.30000000000002,3.97500000000002));
#4241=DIRECTION('',(-1.22464605849178E-16,-1.0,-1.88079096131566E-37));
#4242=DIRECTION('',(-4.60660647524438E-53,-1.88079096131566E-37,1.0));
#4243=SURFACE_STYLE_FILL_AREA(#7899);
#4244=ORIENTED_EDGE('',*,*,#7900,.F.);
#4245=ORIENTED_EDGE('',*,*,#7901,.T.);
#4246=ORIENTED_EDGE('',*,*,#7863,.T.);
#4247=ORIENTED_EDGE('',*,*,#7896,.T.);
#4248=ORIENTED_EDGE('',*,*,#7898,.F.);
#4249=ORIENTED_EDGE('',*,*,#7850,.F.);
#4250=ORIENTED_EDGE('',*,*,#7902,.T.);
#4251=ORIENTED_EDGE('',*,*,#7903,.F.);
#4252=CARTESIAN_POINT('',(18.8499997066174,6.50000000000002,6.25000000000003));
#4253=DIRECTION('',(-1.22464679914735E-16,1.49977768352999E-32,-1.0));
#4254=DIRECTION('',(1.22464605849178E-16,1.0,1.88079096131566E-37));
#4255=SURFACE_STYLE_FILL_AREA(#7904);
#4256=ORIENTED_EDGE('',*,*,#7905,.T.);
#4257=ORIENTED_EDGE('',*,*,#7906,.T.);
#4258=ORIENTED_EDGE('',*,*,#7907,.T.);
#4259=ORIENTED_EDGE('',*,*,#7900,.T.);
#4260=ORIENTED_EDGE('',*,*,#7908,.F.);
#4261=CARTESIAN_POINT('',(4.17499970661738,2.30000000000002,3.97500000000002));
#4262=DIRECTION('',(-1.22464605849178E-16,-1.0,-1.88079096131566E-37));
#4263=DIRECTION('',(-4.60660647524438E-53,-1.88079096131566E-37,1.0));
#4264=SURFACE_STYLE_FILL_AREA(#7909);
#4265=ORIENTED_EDGE('',*,*,#7910,.F.);
#4266=ORIENTED_EDGE('',*,*,#7906,.F.);
#4267=ORIENTED_EDGE('',*,*,#7857,.T.);
#4268=ORIENTED_EDGE('',*,*,#7911,.F.);
#4269=CARTESIAN_POINT('',(1.08745853948306,2.3425431923032,6.05));
#4270=DIRECTION('',(-4.60660647524438E-53,-1.88079096131566E-37,1.0));
#4271=DIRECTION('',(-1.22464605849178E-16,-1.0,-1.88079096131566E-37));
#4272=SURFACE_STYLE_FILL_AREA(#7912);
#4273=ORIENTED_EDGE('',*,*,#7781,.F.);
#4274=ORIENTED_EDGE('',*,*,#7913,.T.);
#4275=ORIENTED_EDGE('',*,*,#7911,.T.);
#4276=ORIENTED_EDGE('',*,*,#7856,.F.);
#4277=ORIENTED_EDGE('',*,*,#7914,.T.);
#4278=ORIENTED_EDGE('',*,*,#7808,.T.);
#4279=ORIENTED_EDGE('',*,*,#7820,.T.);
#4280=ORIENTED_EDGE('',*,*,#7915,.T.);
#4281=CARTESIAN_POINT('',(3.40816351826617,1.75000000000002,6.12000240000003));
#4282=DIRECTION('',(-7.15318163157581E-15,1.0,-4.45504655740454E-31));
#4283=DIRECTION('',(5.4558529036196E-47,4.45504655740454E-31,1.0));
#4284=SURFACE_STYLE_FILL_AREA(#7916);
#4285=ORIENTED_EDGE('',*,*,#7884,.T.);
#4286=ORIENTED_EDGE('',*,*,#7790,.T.);
#4287=ORIENTED_EDGE('',*,*,#7786,.F.);
#4288=ORIENTED_EDGE('',*,*,#7795,.T.);
#4289=ORIENTED_EDGE('',*,*,#7798,.F.);
#4290=ORIENTED_EDGE('',*,*,#7803,.F.);
#4291=ORIENTED_EDGE('',*,*,#7864,.F.);
#4292=ORIENTED_EDGE('',*,*,#7901,.F.);
#4293=ORIENTED_EDGE('',*,*,#7907,.F.);
#4294=ORIENTED_EDGE('',*,*,#7910,.T.);
#4295=ORIENTED_EDGE('',*,*,#7913,.F.);
#4296=ORIENTED_EDGE('',*,*,#7780,.T.);
#4297=ORIENTED_EDGE('',*,*,#7917,.T.);
#4298=ORIENTED_EDGE('',*,*,#7918,.T.);
#4299=ORIENTED_EDGE('',*,*,#7919,.F.);
#4300=ORIENTED_EDGE('',*,*,#7920,.T.);
#4301=CARTESIAN_POINT('',(1.39999970661738,2.30000000000002,3.11463804893732));
#4302=DIRECTION('',(1.0,-1.22464605849178E-16,2.30330323762219E-53));
#4303=DIRECTION('',(4.60660647524438E-53,1.88079096131566E-37,-1.0));
#4304=SURFACE_STYLE_FILL_AREA(#7921);
#4305=ORIENTED_EDGE('',*,*,#7922,.F.);
#4306=ORIENTED_EDGE('',*,*,#7923,.T.);
#4307=ORIENTED_EDGE('',*,*,#7782,.F.);
#4308=ORIENTED_EDGE('',*,*,#7915,.F.);
#4309=ORIENTED_EDGE('',*,*,#7819,.T.);
#4310=ORIENTED_EDGE('',*,*,#7886,.T.);
#4311=CARTESIAN_POINT('',(1.27499970661738,1.75,5.25000000000003));
#4312=DIRECTION('',(1.22464605849178E-16,1.0,1.88079096131395E-37));
#4313=DIRECTION('',(6.12323399573677E-17,-7.49898245719804E-33,1.0));
#4314=SURFACE_STYLE_FILL_AREA(#7924);
#4315=ORIENTED_EDGE('',*,*,#7922,.T.);
#4316=ORIENTED_EDGE('',*,*,#7885,.F.);
#4317=ORIENTED_EDGE('',*,*,#7920,.F.);
#4318=ORIENTED_EDGE('',*,*,#7925,.F.);
#4319=CARTESIAN_POINT('',(4.08119449825322,6.50000000000004,5.35000000000003));
#4320=DIRECTION('',(1.22464679914736E-16,7.105427357601E-15,-1.0));
#4321=DIRECTION('',(1.22464605849178E-16,1.0,7.105427357601E-15));
#4322=SURFACE_STYLE_FILL_AREA(#7926);
#4323=ORIENTED_EDGE('',*,*,#7918,.F.);
#4324=ORIENTED_EDGE('',*,*,#7927,.T.);
#4325=CARTESIAN_POINT('',(2.49999970661738,3.99999999999999,4.4));
#4326=DIRECTION('',(-4.60660647524438E-53,-1.88079096131566E-37,1.0));
#4327=DIRECTION('',(-1.22464605849178E-16,-1.0,-1.88079096131566E-37));
#4328=SURFACE_STYLE_FILL_AREA(#7928);
#4329=ORIENTED_EDGE('',*,*,#7919,.T.);
#4330=ORIENTED_EDGE('',*,*,#7927,.F.);
#4331=ORIENTED_EDGE('',*,*,#7917,.F.);
#4332=ORIENTED_EDGE('',*,*,#7779,.T.);
#4333=ORIENTED_EDGE('',*,*,#7923,.F.);
#4334=ORIENTED_EDGE('',*,*,#7925,.T.);
#4335=CARTESIAN_POINT('',(2.49999970661738,3.99999999999999,9.7));
#4336=DIRECTION('',(-4.60660647524438E-53,-1.88079096131566E-37,1.0));
#4337=DIRECTION('',(1.22464605849178E-16,1.0,1.88079096131566E-37));
#4338=SURFACE_STYLE_FILL_AREA(#7929);
#4339=ORIENTED_EDGE('',*,*,#7890,.T.);
#4340=ORIENTED_EDGE('',*,*,#7887,.F.);
#4341=ORIENTED_EDGE('',*,*,#7845,.T.);
#4342=ORIENTED_EDGE('',*,*,#7839,.T.);
#4343=ORIENTED_EDGE('',*,*,#7894,.T.);
#4344=ORIENTED_EDGE('',*,*,#7930,.F.);
#4345=CARTESIAN_POINT('',(4.08119449825322,6.50000000000004,5.35000000000003));
#4346=DIRECTION('',(1.22464679914736E-16,7.105427357601E-15,-1.0));
#4347=DIRECTION('',(1.22464605849178E-16,1.0,7.105427357601E-15));
#4348=SURFACE_STYLE_FILL_AREA(#7931);
#4349=ORIENTED_EDGE('',*,*,#7892,.F.);
#4350=ORIENTED_EDGE('',*,*,#7932,.T.);
#4351=CARTESIAN_POINT('',(2.49999970661738,3.99999999999999,4.4));
#4352=DIRECTION('',(-4.60660647524438E-53,-1.88079096131566E-37,1.0));
#4353=DIRECTION('',(-1.22464605849178E-16,-1.0,-1.88079096131566E-37));
#4354=SURFACE_STYLE_FILL_AREA(#7933);
#4355=ORIENTED_EDGE('',*,*,#7893,.T.);
#4356=ORIENTED_EDGE('',*,*,#7932,.F.);
#4357=ORIENTED_EDGE('',*,*,#7891,.F.);
#4358=ORIENTED_EDGE('',*,*,#7930,.T.);
#4359=CARTESIAN_POINT('',(2.49999970661738,3.99999999999999,9.7));
#4360=DIRECTION('',(-4.60660647524438E-53,-1.88079096131566E-37,1.0));
#4361=DIRECTION('',(1.22464605849178E-16,1.0,1.88079096131566E-37));
#4362=SURFACE_STYLE_FILL_AREA(#7934);
#4363=ORIENTED_EDGE('',*,*,#7935,.F.);
#4364=ORIENTED_EDGE('',*,*,#7936,.T.);
#4365=ORIENTED_EDGE('',*,*,#7814,.F.);
#4366=ORIENTED_EDGE('',*,*,#7810,.F.);
#4367=ORIENTED_EDGE('',*,*,#7805,.T.);
#4368=ORIENTED_EDGE('',*,*,#7914,.F.);
#4369=ORIENTED_EDGE('',*,*,#7855,.F.);
#4370=ORIENTED_EDGE('',*,*,#7937,.T.);
#4371=ORIENTED_EDGE('',*,*,#7938,.F.);
#4372=ORIENTED_EDGE('',*,*,#7908,.T.);
#4373=ORIENTED_EDGE('',*,*,#7903,.T.);
#4374=ORIENTED_EDGE('',*,*,#7939,.T.);
#4375=ORIENTED_EDGE('',*,*,#7940,.F.);
#4376=ORIENTED_EDGE('',*,*,#7941,.T.);
#4377=CARTESIAN_POINT('',(0.474999706617375,0.0,7.1));
#4378=DIRECTION('',(-1.0,1.22464605849178E-16,-2.30330323762219E-53));
#4379=DIRECTION('',(-1.22464605849178E-16,-1.0,-1.88079096131566E-37));
#4380=SURFACE_STYLE_FILL_AREA(#7942);
#4381=ORIENTED_EDGE('',*,*,#7665,.T.);
#4382=ORIENTED_EDGE('',*,*,#7859,.T.);
#4383=ORIENTED_EDGE('',*,*,#7943,.F.);
#4384=CARTESIAN_POINT('',(2.49999970661738,4.0,6.75));
#4385=DIRECTION('',(4.60660647524438E-53,1.88079096131566E-37,-1.0));
#4386=DIRECTION('',(1.0,-1.22464605849178E-16,2.30330323762219E-53));
#4387=SURFACE_STYLE_FILL_AREA(#7944);
#4388=ORIENTED_EDGE('',*,*,#7938,.T.);
#4389=ORIENTED_EDGE('',*,*,#7945,.F.);
#4390=ORIENTED_EDGE('',*,*,#7860,.T.);
#4391=ORIENTED_EDGE('',*,*,#7666,.T.);
#4392=ORIENTED_EDGE('',*,*,#7943,.T.);
#4393=ORIENTED_EDGE('',*,*,#7858,.T.);
#4394=ORIENTED_EDGE('',*,*,#7905,.F.);
#4395=CARTESIAN_POINT('',(4.35499970661738,2.30000000000002,6.05));
#4396=DIRECTION('',(1.22464679914735E-16,-1.49977768352999E-32,1.0));
#4397=DIRECTION('',(1.0,-1.22464605849178E-16,-1.22464679914735E-16));
#4398=SURFACE_STYLE_FILL_AREA(#7946);
#4399=ORIENTED_EDGE('',*,*,#7861,.F.);
#4400=ORIENTED_EDGE('',*,*,#7945,.T.);
#4401=ORIENTED_EDGE('',*,*,#7937,.F.);
#4402=CARTESIAN_POINT('',(0.999999706617376,6.5,0.389997600000001));
#4403=DIRECTION('',(-1.22464605849178E-16,-1.0,-1.88079096131566E-37));
#4404=DIRECTION('',(-4.60660647524438E-53,-1.88079096131566E-37,1.0));
#4405=SURFACE_STYLE_FILL_AREA(#7947);
#4406=ORIENTED_EDGE('',*,*,#7948,.F.);
#4407=ORIENTED_EDGE('',*,*,#7949,.T.);
#4408=ORIENTED_EDGE('',*,*,#7950,.T.);
#4409=ORIENTED_EDGE('',*,*,#7727,.T.);
#4410=CARTESIAN_POINT('',(3.16427126766752,4.0,5.58927156105018));
#4411=DIRECTION('',(0.323615577118185,-0.889126490715988,0.323615577118185));
#4412=DIRECTION('',(4.18853620448574E-17,0.342020143325669,0.939692620785908));
#4413=SURFACE_STYLE_FILL_AREA(#7951);
#4414=ORIENTED_EDGE('',*,*,#7952,.F.);
#4415=ORIENTED_EDGE('',*,*,#7953,.T.);
#4416=ORIENTED_EDGE('',*,*,#7954,.T.);
#4417=ORIENTED_EDGE('',*,*,#7955,.F.);
#4418=ORIENTED_EDGE('',*,*,#7956,.T.);
#4419=ORIENTED_EDGE('',*,*,#7957,.T.);
#4420=CARTESIAN_POINT('',(3.72499970661738,6.50000000000002,6.15000000000003));
#4421=DIRECTION('',(2.78699986494956E-15,1.0,-3.60370767039784E-31));
#4422=DIRECTION('',(-1.0,2.78699986494956E-15,6.12323399573677E-17));
#4423=SURFACE_STYLE_FILL_AREA(#7958);
#4424=ORIENTED_EDGE('',*,*,#7959,.F.);
#4425=ORIENTED_EDGE('',*,*,#7960,.F.);
#4426=ORIENTED_EDGE('',*,*,#7777,.T.);
#4427=ORIENTED_EDGE('',*,*,#7729,.T.);
#4428=CARTESIAN_POINT('',(2.47255571555818,4.0,1.8));
#4429=DIRECTION('',(-0.342020143325669,0.939692620785908,1.76736538758916E-37));
#4430=DIRECTION('',(0.939692620785908,0.342020143325669,6.43268394154805E-38));
#4431=SURFACE_STYLE_FILL_AREA(#7961);
#4432=ORIENTED_EDGE('',*,*,#7962,.T.);
#4433=ORIENTED_EDGE('',*,*,#7960,.T.);
#4434=ORIENTED_EDGE('',*,*,#7963,.F.);
#4435=ORIENTED_EDGE('',*,*,#7964,.F.);
#4436=CARTESIAN_POINT('',(3.72499970661738,4.0,1.8));
#4437=DIRECTION('',(1.22464605849178E-16,1.0,1.88079096131566E-37));
#4438=DIRECTION('',(4.60660647524438E-53,1.88079096131566E-37,-1.0));
#4439=SURFACE_STYLE_FILL_AREA(#7965);
#4440=ORIENTED_EDGE('',*,*,#7966,.F.);
#4441=ORIENTED_EDGE('',*,*,#7967,.T.);
#4442=ORIENTED_EDGE('',*,*,#7968,.T.);
#4443=ORIENTED_EDGE('',*,*,#7952,.T.);
#4444=ORIENTED_EDGE('',*,*,#7969,.T.);
#4445=ORIENTED_EDGE('',*,*,#7963,.T.);
#4446=CARTESIAN_POINT('',(4.52499970661738,-8.88178419700125E-16,7.1));
#4447=DIRECTION('',(1.0,-1.22464605849178E-16,2.30330323762219E-53));
#4448=DIRECTION('',(4.60660647524438E-53,1.88079096131566E-37,-1.0));
#4449=SURFACE_STYLE_FILL_AREA(#7970);
#4450=ORIENTED_EDGE('',*,*,#7953,.F.);
#4451=ORIENTED_EDGE('',*,*,#7968,.F.);
#4452=ORIENTED_EDGE('',*,*,#7971,.F.);
#4453=ORIENTED_EDGE('',*,*,#7972,.T.);
#4454=CARTESIAN_POINT('',(5.79999970661738,6.5,0.389997600000001));
#4455=DIRECTION('',(-1.22464605849178E-16,-1.0,-1.88079096131566E-37));
#4456=DIRECTION('',(-4.60660647524438E-53,-1.88079096131566E-37,1.0));
#4457=SURFACE_STYLE_FILL_AREA(#7973);
#4458=ORIENTED_EDGE('',*,*,#7959,.T.);
#4459=ORIENTED_EDGE('',*,*,#7728,.F.);
#4460=ORIENTED_EDGE('',*,*,#7950,.F.);
#4461=ORIENTED_EDGE('',*,*,#7974,.F.);
#4462=ORIENTED_EDGE('',*,*,#7966,.T.);
#4463=CARTESIAN_POINT('',(4.65238928861055,0.35,4.10238958199319));
#4464=DIRECTION('',(-0.939692620785908,-0.342020143325669,-6.43268394154805E-38));
#4465=DIRECTION('',(4.60660647524438E-53,1.88079096131566E-37,-1.0));
#4466=SURFACE_STYLE_FILL_AREA(#7975);
#4467=ORIENTED_EDGE('',*,*,#7976,.T.);
#4468=ORIENTED_EDGE('',*,*,#7971,.T.);
#4469=ORIENTED_EDGE('',*,*,#7967,.F.);
#4470=ORIENTED_EDGE('',*,*,#7974,.T.);
#4471=ORIENTED_EDGE('',*,*,#7949,.F.);
#4472=ORIENTED_EDGE('',*,*,#7977,.T.);
#4473=CARTESIAN_POINT('',(4.37499970661738,4.0,6.80000000000003));
#4474=DIRECTION('',(-1.22464605849178E-16,-1.0,-1.88079096131566E-37));
#4475=DIRECTION('',(-4.60660647524438E-53,-1.88079096131566E-37,1.0));
#4476=SURFACE_STYLE_FILL_AREA(#7978);
#4477=ORIENTED_EDGE('',*,*,#7976,.F.);
#4478=ORIENTED_EDGE('',*,*,#7979,.F.);
#4479=ORIENTED_EDGE('',*,*,#7940,.T.);
#4480=ORIENTED_EDGE('',*,*,#7980,.T.);
#4481=ORIENTED_EDGE('',*,*,#7956,.F.);
#4482=ORIENTED_EDGE('',*,*,#7955,.T.);
#4483=ORIENTED_EDGE('',*,*,#7954,.F.);
#4484=ORIENTED_EDGE('',*,*,#7972,.F.);
#4485=CARTESIAN_POINT('',(0.399999706617375,0.0,6.95000000000003));
#4486=DIRECTION('',(-4.60660647524438E-53,-1.88079096131566E-37,1.0));
#4487=DIRECTION('',(-1.22464605849178E-16,-1.0,-1.88079096131566E-37));
#4488=SURFACE_STYLE_FILL_AREA(#7981);
#4489=ORIENTED_EDGE('',*,*,#7948,.T.);
#4490=ORIENTED_EDGE('',*,*,#7726,.F.);
#4491=ORIENTED_EDGE('',*,*,#7982,.T.);
#4492=ORIENTED_EDGE('',*,*,#7979,.T.);
#4493=ORIENTED_EDGE('',*,*,#7977,.F.);
#4494=CARTESIAN_POINT('',(2.49999970661738,0.35,7.0773895819932));
#4495=DIRECTION('',(-4.18853620448574E-17,-0.342020143325669,-0.939692620785908));
#4496=DIRECTION('',(1.0,-1.22464605849178E-16,2.6943529581188E-54));
#4497=SURFACE_STYLE_FILL_AREA(#7983);
#4498=ORIENTED_EDGE('',*,*,#7984,.T.);
#4499=ORIENTED_EDGE('',*,*,#7941,.F.);
#4500=ORIENTED_EDGE('',*,*,#7982,.F.);
#4501=ORIENTED_EDGE('',*,*,#7725,.T.);
#4502=CARTESIAN_POINT('',(0.347610124624205,0.35,4.10238958199319));
#4503=DIRECTION('',(0.939692620785908,-0.342020143325669,-6.43268394154805E-38));
#4504=DIRECTION('',(4.60660647524438E-53,1.88079096131566E-37,-1.0));
#4505=SURFACE_STYLE_FILL_AREA(#7985);
#4506=ORIENTED_EDGE('',*,*,#7984,.F.);
#4507=ORIENTED_EDGE('',*,*,#7724,.T.);
#4508=ORIENTED_EDGE('',*,*,#7986,.T.);
#4509=ORIENTED_EDGE('',*,*,#7987,.T.);
#4510=CARTESIAN_POINT('',(2.52744369767658,4.0,1.8));
#4511=DIRECTION('',(-0.342020143325669,-0.939692620785908,-1.76736538758916E-37));
#4512=DIRECTION('',(-0.939692620785908,0.342020143325669,6.43268394154805E-38));
#4513=SURFACE_STYLE_FILL_AREA(#7988);
#4514=ORIENTED_EDGE('',*,*,#7935,.T.);
#4515=ORIENTED_EDGE('',*,*,#7987,.F.);
#4516=ORIENTED_EDGE('',*,*,#7989,.F.);
#4517=ORIENTED_EDGE('',*,*,#7990,.F.);
#4518=CARTESIAN_POINT('',(1.27499970661738,4.0,1.8));
#4519=DIRECTION('',(1.22464605849178E-16,1.0,1.88079096131566E-37));
#4520=DIRECTION('',(4.60660647524438E-53,1.88079096131566E-37,-1.0));
#4521=SURFACE_STYLE_FILL_AREA(#7991);
#4522=ORIENTED_EDGE('',*,*,#7980,.F.);
#4523=ORIENTED_EDGE('',*,*,#7939,.F.);
#4524=ORIENTED_EDGE('',*,*,#7902,.F.);
#4525=ORIENTED_EDGE('',*,*,#7849,.T.);
#4526=ORIENTED_EDGE('',*,*,#7842,.T.);
#4527=ORIENTED_EDGE('',*,*,#7828,.T.);
#4528=ORIENTED_EDGE('',*,*,#7853,.F.);
#4529=ORIENTED_EDGE('',*,*,#7824,.F.);
#4530=ORIENTED_EDGE('',*,*,#7821,.T.);
#4531=ORIENTED_EDGE('',*,*,#7815,.F.);
#4532=ORIENTED_EDGE('',*,*,#7936,.F.);
#4533=ORIENTED_EDGE('',*,*,#7990,.T.);
#4534=ORIENTED_EDGE('',*,*,#7992,.T.);
#4535=ORIENTED_EDGE('',*,*,#7964,.T.);
#4536=ORIENTED_EDGE('',*,*,#7969,.F.);
#4537=ORIENTED_EDGE('',*,*,#7957,.F.);
#4538=CARTESIAN_POINT('',(17.2074333805509,1.50000000000002,7.61158561496481));
#4539=DIRECTION('',(-1.22464605849178E-16,-1.0,-1.88079096131566E-37));
#4540=DIRECTION('',(-4.60660647524438E-53,-1.88079096131566E-37,1.0));
#4541=SURFACE_STYLE_FILL_AREA(#7993);
#4542=ORIENTED_EDGE('',*,*,#7994,.T.);
#4543=ORIENTED_EDGE('',*,*,#7995,.F.);
#4544=ORIENTED_EDGE('',*,*,#7992,.F.);
#4545=ORIENTED_EDGE('',*,*,#7996,.T.);
#4546=ORIENTED_EDGE('',*,*,#7997,.T.);
#4547=ORIENTED_EDGE('',*,*,#7998,.F.);
#4548=ORIENTED_EDGE('',*,*,#7999,.F.);
#4549=ORIENTED_EDGE('',*,*,#8000,.F.);
#4550=CARTESIAN_POINT('',(1.61982828347301,7.95130634301441,0.999999999999998));
#4551=DIRECTION('',(4.60660647524438E-53,1.88079096131566E-37,-1.0));
#4552=DIRECTION('',(1.0,-1.22464605849178E-16,2.30330323762219E-53));
#4553=SURFACE_STYLE_FILL_AREA(#8001);
#4554=ORIENTED_EDGE('',*,*,#7997,.F.);
#4555=ORIENTED_EDGE('',*,*,#8002,.F.);
#4556=ORIENTED_EDGE('',*,*,#8003,.F.);
#4557=ORIENTED_EDGE('',*,*,#8004,.F.);
#4558=CARTESIAN_POINT('',(1.89999970661738,4.50000000000004,1.03397576569128E-22));
#4559=DIRECTION('',(1.22464605849178E-16,1.0,1.88079096131566E-37));
#4560=DIRECTION('',(-1.0,1.22464605849178E-16,-2.30330323762219E-53));
#4561=SURFACE_STYLE_FILL_AREA(#8005);
#4562=ORIENTED_EDGE('',*,*,#7998,.T.);
#4563=ORIENTED_EDGE('',*,*,#8004,.T.);
#4564=ORIENTED_EDGE('',*,*,#8006,.T.);
#4565=ORIENTED_EDGE('',*,*,#8007,.F.);
#4566=CARTESIAN_POINT('',(2.14999970661738,3.50000000000004,-4.6590024));
#4567=DIRECTION('',(-1.0,1.22464605849178E-16,-2.30330323762219E-53));
#4568=DIRECTION('',(-1.22464605849178E-16,-1.0,-1.88079096131566E-37));
#4569=SURFACE_STYLE_FILL_AREA(#8008);
#4570=ORIENTED_EDGE('',*,*,#8009,.T.);
#4571=ORIENTED_EDGE('',*,*,#8010,.T.);
#4572=ORIENTED_EDGE('',*,*,#8000,.T.);
#4573=ORIENTED_EDGE('',*,*,#8011,.T.);
#4574=CARTESIAN_POINT('',(2.84999970661738,3.50000000000004,0.999999999999999));
#4575=DIRECTION('',(1.0,-1.22464605849178E-16,-6.12323399573677E-17));
#4576=DIRECTION('',(-6.12323399573677E-17,7.49898245719804E-33,-1.0));
#4577=SURFACE_STYLE_FILL_AREA(#8012);
#4578=ORIENTED_EDGE('',*,*,#8013,.F.);
#4579=ORIENTED_EDGE('',*,*,#8014,.F.);
#4580=ORIENTED_EDGE('',*,*,#7994,.F.);
#4581=ORIENTED_EDGE('',*,*,#8010,.F.);
#4582=CARTESIAN_POINT('',(1.89999970661738,4.50000000000004,1.03397576569128E-22));
#4583=DIRECTION('',(1.22464605849178E-16,1.0,1.88079096131566E-37));
#4584=DIRECTION('',(-1.0,1.22464605849178E-16,-2.30330323762219E-53));
#4585=SURFACE_STYLE_FILL_AREA(#8015);
#4586=ORIENTED_EDGE('',*,*,#7731,.F.);
#4587=ORIENTED_EDGE('',*,*,#7776,.T.);
#4588=ORIENTED_EDGE('',*,*,#7962,.F.);
#4589=ORIENTED_EDGE('',*,*,#7995,.T.);
#4590=ORIENTED_EDGE('',*,*,#8014,.T.);
#4591=ORIENTED_EDGE('',*,*,#8016,.T.);
#4592=ORIENTED_EDGE('',*,*,#8017,.T.);
#4593=CARTESIAN_POINT('',(3.72499970661738,-8.88178419700125E-16,1.0));
#4594=DIRECTION('',(-0.488603368931843,5.98366189928187E-17,0.87250601594972));
#4595=DIRECTION('',(-1.22464605849178E-16,-1.0,-4.49007342774506E-38));
#4596=SURFACE_STYLE_FILL_AREA(#8018);
#4597=ORIENTED_EDGE('',*,*,#7691,.T.);
#4598=ORIENTED_EDGE('',*,*,#7732,.T.);
#4599=ORIENTED_EDGE('',*,*,#8017,.F.);
#4600=ORIENTED_EDGE('',*,*,#8019,.F.);
#4601=CARTESIAN_POINT('',(3.09999970661738,4.659437,1.03397576569128E-22));
#4602=DIRECTION('',(1.0,-1.22464605849178E-16,2.30330323762219E-53));
#4603=DIRECTION('',(4.60660647524438E-53,1.88079096131566E-37,-1.0));
#4604=SURFACE_STYLE_FILL_AREA(#8020);
#4605=ORIENTED_EDGE('',*,*,#7753,.F.);
#4606=ORIENTED_EDGE('',*,*,#7692,.T.);
#4607=ORIENTED_EDGE('',*,*,#8019,.T.);
#4608=ORIENTED_EDGE('',*,*,#8021,.F.);
#4609=ORIENTED_EDGE('',*,*,#8022,.T.);
#4610=ORIENTED_EDGE('',*,*,#8023,.F.);
#4611=CARTESIAN_POINT('',(3.09999970661738,1.6,0.65));
#4612=DIRECTION('',(0.955285890691349,0.29568372807112,5.5611928316428E-38));
#4613=DIRECTION('',(-0.29568372807112,0.955285890691349,1.79669306868467E-37));
#4614=SURFACE_STYLE_FILL_AREA(#8024);
#4615=ORIENTED_EDGE('',*,*,#8025,.F.);
#4616=ORIENTED_EDGE('',*,*,#8022,.F.);
#4617=ORIENTED_EDGE('',*,*,#8026,.F.);
#4618=ORIENTED_EDGE('',*,*,#8027,.T.);
#4619=CARTESIAN_POINT('',(2.77499970661738,2.65000000000004,0.65));
#4620=DIRECTION('',(1.0,-4.55531513236725E-16,-3.9609890516564E-53));
#4621=DIRECTION('',(4.60660647524438E-53,1.88079096131566E-37,-1.0));
#4622=SURFACE_STYLE_FILL_AREA(#8028);
#4623=ORIENTED_EDGE('',*,*,#8025,.T.);
#4624=ORIENTED_EDGE('',*,*,#8029,.T.);
#4625=ORIENTED_EDGE('',*,*,#7754,.T.);
#4626=ORIENTED_EDGE('',*,*,#8023,.T.);
#4627=CARTESIAN_POINT('',(7.49999970661738,6.10000000000002,0.2));
#4628=DIRECTION('',(4.60660647524438E-53,1.88079096131566E-37,-1.0));
#4629=DIRECTION('',(1.0,-1.22464605849178E-16,2.30330323762219E-53));
#4630=SURFACE_STYLE_FILL_AREA(#8030);
#4631=ORIENTED_EDGE('',*,*,#8031,.F.);
#4632=ORIENTED_EDGE('',*,*,#8011,.F.);
#4633=ORIENTED_EDGE('',*,*,#7999,.T.);
#4634=ORIENTED_EDGE('',*,*,#8007,.T.);
#4635=ORIENTED_EDGE('',*,*,#8032,.F.);
#4636=ORIENTED_EDGE('',*,*,#8033,.T.);
#4637=ORIENTED_EDGE('',*,*,#7767,.F.);
#4638=ORIENTED_EDGE('',*,*,#7771,.F.);
#4639=ORIENTED_EDGE('',*,*,#7759,.T.);
#4640=ORIENTED_EDGE('',*,*,#7764,.F.);
#4641=ORIENTED_EDGE('',*,*,#7774,.F.);
#4642=ORIENTED_EDGE('',*,*,#7755,.T.);
#4643=ORIENTED_EDGE('',*,*,#8029,.F.);
#4644=ORIENTED_EDGE('',*,*,#8027,.F.);
#4645=CARTESIAN_POINT('',(3.02539052533771,3.50000000000004,-4.65900240000001));
#4646=DIRECTION('',(-1.22464605849178E-16,-1.0,-1.88079096131566E-37));
#4647=DIRECTION('',(-4.60660647524438E-53,-1.88079096131566E-37,1.0));
#4648=SURFACE_STYLE_FILL_AREA(#8034);
#4649=ORIENTED_EDGE('',*,*,#8003,.T.);
#4650=ORIENTED_EDGE('',*,*,#8035,.T.);
#4651=ORIENTED_EDGE('',*,*,#8036,.T.);
#4652=ORIENTED_EDGE('',*,*,#8037,.T.);
#4653=ORIENTED_EDGE('',*,*,#8032,.T.);
#4654=ORIENTED_EDGE('',*,*,#8006,.F.);
#4655=CARTESIAN_POINT('',(1.92767827804595,2.42500000000002,0.65));
#4656=DIRECTION('',(-4.60660647524438E-53,-1.88079096131566E-37,1.0));
#4657=DIRECTION('',(-1.22464605849178E-16,-1.0,-1.88079096131566E-37));
#4658=SURFACE_STYLE_FILL_AREA(#8038);
#4659=ORIENTED_EDGE('',*,*,#7699,.T.);
#4660=ORIENTED_EDGE('',*,*,#8039,.F.);
#4661=ORIENTED_EDGE('',*,*,#8040,.T.);
#4662=ORIENTED_EDGE('',*,*,#7721,.T.);
#4663=CARTESIAN_POINT('',(1.89999970661738,4.1323095866414,1.03397576569128E-22));
#4664=DIRECTION('',(-1.0,1.22464605849178E-16,-2.30330323762219E-53));
#4665=DIRECTION('',(-1.22464605849178E-16,-1.0,-1.88079096131566E-37));
#4666=SURFACE_STYLE_FILL_AREA(#8041);
#4667=ORIENTED_EDGE('',*,*,#8042,.F.);
#4668=ORIENTED_EDGE('',*,*,#7986,.F.);
#4669=ORIENTED_EDGE('',*,*,#7723,.T.);
#4670=CARTESIAN_POINT('',(4.59999970661737,-8.88178419700125E-16,1.0));
#4671=DIRECTION('',(4.60660647524438E-53,1.88079096131566E-37,-1.0));
#4672=DIRECTION('',(1.0,-1.22464605849178E-16,2.30330323762219E-53));
#4673=SURFACE_STYLE_FILL_AREA(#8043);
#4674=ORIENTED_EDGE('',*,*,#7722,.F.);
#4675=ORIENTED_EDGE('',*,*,#8040,.F.);
#4676=ORIENTED_EDGE('',*,*,#8035,.F.);
#4677=ORIENTED_EDGE('',*,*,#8002,.T.);
#4678=ORIENTED_EDGE('',*,*,#7996,.F.);
#4679=ORIENTED_EDGE('',*,*,#7989,.T.);
#4680=ORIENTED_EDGE('',*,*,#8042,.T.);
#4681=CARTESIAN_POINT('',(1.89999970661738,0.0,0.650000000000001));
#4682=DIRECTION('',(0.48860336893184,-5.98366189928183E-17,0.872506015949722));
#4683=DIRECTION('',(1.22464605849178E-16,1.0,4.490073427745E-38));
#4684=SURFACE_STYLE_FILL_AREA(#8044);
#4685=ORIENTED_EDGE('',*,*,#7701,.T.);
#4686=ORIENTED_EDGE('',*,*,#7720,.T.);
#4687=ORIENTED_EDGE('',*,*,#7686,.T.);
#4688=ORIENTED_EDGE('',*,*,#7713,.T.);
#4689=ORIENTED_EDGE('',*,*,#7751,.T.);
#4690=ORIENTED_EDGE('',*,*,#7716,.F.);
#4691=ORIENTED_EDGE('',*,*,#7706,.T.);
#4692=ORIENTED_EDGE('',*,*,#7709,.F.);
#4693=CARTESIAN_POINT('',(-2.93382623576972E-07,8.5,-5.1100024));
#4694=DIRECTION('',(1.0,-1.22464605849178E-16,2.30330323762219E-53));
#4695=DIRECTION('',(4.60660647524438E-53,1.88079096131566E-37,-1.0));
#4696=SURFACE_STYLE_FILL_AREA(#8045);
#4697=ORIENTED_EDGE('',*,*,#7768,.F.);
#4698=ORIENTED_EDGE('',*,*,#8033,.F.);
#4699=ORIENTED_EDGE('',*,*,#8037,.F.);
#4700=ORIENTED_EDGE('',*,*,#8046,.T.);
#4701=CARTESIAN_POINT('',(2.22499970661738,3.35000000000004,0.65));
#4702=DIRECTION('',(-1.0,-2.10602301538369E-16,-8.56759552690077E-53));
#4703=DIRECTION('',(2.10602301538369E-16,-1.0,-1.88079096131566E-37));
#4704=SURFACE_STYLE_FILL_AREA(#8047);
#4705=ORIENTED_EDGE('',*,*,#8016,.F.);
#4706=ORIENTED_EDGE('',*,*,#8013,.T.);
#4707=ORIENTED_EDGE('',*,*,#8009,.F.);
#4708=ORIENTED_EDGE('',*,*,#8031,.T.);
#4709=ORIENTED_EDGE('',*,*,#8026,.T.);
#4710=ORIENTED_EDGE('',*,*,#8021,.T.);
#4711=CARTESIAN_POINT('',(1.92767827804595,2.42500000000002,0.65));
#4712=DIRECTION('',(-4.60660647524438E-53,-1.88079096131566E-37,1.0));
#4713=DIRECTION('',(-1.22464605849178E-16,-1.0,-1.88079096131566E-37));
#4714=SURFACE_STYLE_FILL_AREA(#8048);
#4715=ORIENTED_EDGE('',*,*,#8039,.T.);
#4716=ORIENTED_EDGE('',*,*,#7698,.T.);
#4717=ORIENTED_EDGE('',*,*,#7772,.F.);
#4718=ORIENTED_EDGE('',*,*,#7769,.F.);
#4719=ORIENTED_EDGE('',*,*,#8046,.F.);
#4720=ORIENTED_EDGE('',*,*,#8036,.F.);
#4721=CARTESIAN_POINT('',(2.22499970661738,2.65000000000004,0.65));
#4722=DIRECTION('',(-0.955285890691349,0.295683728071119,5.56119283164278E-38));
#4723=DIRECTION('',(-4.60660647524438E-53,-1.88079096131566E-37,1.0));
#4724=SURFACE_STYLE_FILL_AREA(#8049);
#4725=ORIENTED_EDGE('',*,*,#7708,.T.);
#4726=ORIENTED_EDGE('',*,*,#7704,.F.);
#4727=ORIENTED_EDGE('',*,*,#7715,.T.);
#4728=ORIENTED_EDGE('',*,*,#7750,.T.);
#4729=ORIENTED_EDGE('',*,*,#7711,.F.);
#4730=ORIENTED_EDGE('',*,*,#7684,.F.);
#4731=ORIENTED_EDGE('',*,*,#7719,.T.);
#4732=ORIENTED_EDGE('',*,*,#7689,.F.);
#4733=CARTESIAN_POINT('',(4.99999970661738,4.0,1.03397576569128E-22));
#4734=DIRECTION('',(1.0,-1.22464605849178E-16,2.30330323762219E-53));
#4735=DIRECTION('',(4.60660647524438E-53,1.88079096131566E-37,-1.0));
#4736=SURFACE_STYLE_FILL_AREA(#8050);
#4737=ORIENTED_EDGE('',*,*,#8051,.F.);
#4738=ORIENTED_EDGE('',*,*,#8052,.F.);
#4739=ORIENTED_EDGE('',*,*,#8053,.T.);
#4740=CARTESIAN_POINT('',(17.4999997066174,3.99999999999994,6.7499999999999));
#4741=DIRECTION('',(-1.15052781508094E-15,2.33146835171283E-15,-1.0));
#4742=DIRECTION('',(1.0,-1.46607561895284E-15,-1.15052781508094E-15));
#4743=SURFACE_STYLE_FILL_AREA(#8054);
#4744=ORIENTED_EDGE('',*,*,#8055,.F.);
#4745=ORIENTED_EDGE('',*,*,#8056,.F.);
#4746=ORIENTED_EDGE('',*,*,#8057,.F.);
#4747=ORIENTED_EDGE('',*,*,#8058,.F.);
#4748=CARTESIAN_POINT('',(24.8146827174001,4.0,-3.10000000000011));
#4749=DIRECTION('',(1.0,-1.46607561895284E-15,-1.21176015503831E-15));
#4750=DIRECTION('',(1.2117601550383E-15,-2.33146835171283E-15,1.0));
#4751=SURFACE_STYLE_FILL_AREA(#8059);
#4752=ORIENTED_EDGE('',*,*,#8060,.F.);
#4753=ORIENTED_EDGE('',*,*,#8061,.T.);
#4754=ORIENTED_EDGE('',*,*,#8062,.F.);
#4755=ORIENTED_EDGE('',*,*,#8063,.F.);
#4756=ORIENTED_EDGE('',*,*,#8064,.F.);
#4757=ORIENTED_EDGE('',*,*,#8065,.F.);
#4758=ORIENTED_EDGE('',*,*,#8066,.T.);
#4759=ORIENTED_EDGE('',*,*,#8067,.F.);
#4760=CARTESIAN_POINT('',(17.4999997066174,3.99999999999993,11.4999999999999));
#4761=DIRECTION('',(-1.15052781508094E-15,2.33146835171283E-15,-1.0));
#4762=DIRECTION('',(0.866025403784439,0.499999999999999,1.69347860235715E-16));
#4763=SURFACE_STYLE_FILL_AREA(#8068);
#4764=ORIENTED_EDGE('',*,*,#8069,.F.);
#4765=ORIENTED_EDGE('',*,*,#8070,.T.);
#4766=ORIENTED_EDGE('',*,*,#8071,.T.);
#4767=ORIENTED_EDGE('',*,*,#8072,.F.);
#4768=ORIENTED_EDGE('',*,*,#8073,.T.);
#4769=ORIENTED_EDGE('',*,*,#8074,.F.);
#4770=ORIENTED_EDGE('',*,*,#8075,.F.);
#4771=ORIENTED_EDGE('',*,*,#8076,.F.);
#4772=ORIENTED_EDGE('',*,*,#8077,.T.);
#4773=ORIENTED_EDGE('',*,*,#8078,.F.);
#4774=ORIENTED_EDGE('',*,*,#8079,.T.);
#4775=ORIENTED_EDGE('',*,*,#8080,.F.);
#4776=ORIENTED_EDGE('',*,*,#8081,.F.);
#4777=ORIENTED_EDGE('',*,*,#8082,.T.);
#4778=ORIENTED_EDGE('',*,*,#8083,.F.);
#4779=ORIENTED_EDGE('',*,*,#8084,.T.);
#4780=ORIENTED_EDGE('',*,*,#8085,.F.);
#4781=CARTESIAN_POINT('',(9.99999970661741,-3.50830475781549E-14,-1.01929474059576E-13));
#4782=DIRECTION('',(-1.46607561895284E-15,-1.0,-2.33146835171283E-15));
#4783=DIRECTION('',(1.15052781508094E-15,-2.33146835171283E-15,1.0));
#4784=SURFACE_STYLE_FILL_AREA(#8086);
#4785=ORIENTED_EDGE('',*,*,#8061,.F.);
#4786=ORIENTED_EDGE('',*,*,#8087,.F.);
#4787=ORIENTED_EDGE('',*,*,#8088,.F.);
#4788=ORIENTED_EDGE('',*,*,#8089,.T.);
#4789=ORIENTED_EDGE('',*,*,#8090,.T.);
#4790=ORIENTED_EDGE('',*,*,#8091,.T.);
#4791=CARTESIAN_POINT('',(4.99999970661742,1.30803866893942,11.4999999999999));
#4792=DIRECTION('',(1.15052781508094E-15,-2.33146835171283E-15,1.0));
#4793=DIRECTION('',(-1.46607561895284E-15,-1.0,-2.33146835171283E-15));
#4794=SURFACE_STYLE_FILL_AREA(#8092);
#4795=ORIENTED_EDGE('',*,*,#8093,.F.);
#4796=ORIENTED_EDGE('',*,*,#8094,.T.);
#4797=ORIENTED_EDGE('',*,*,#8095,.F.);
#4798=ORIENTED_EDGE('',*,*,#8096,.T.);
#4799=CARTESIAN_POINT('',(18.9999997066174,6.49999999999995,0.389997599999904));
#4800=DIRECTION('',(-1.0,1.46607561895284E-15,1.15052781508094E-15));
#4801=DIRECTION('',(-1.46607561895284E-15,-1.0,-2.33146835171283E-15));
#4802=SURFACE_STYLE_FILL_AREA(#8097);
#4803=ORIENTED_EDGE('',*,*,#8098,.T.);
#4804=ORIENTED_EDGE('',*,*,#8094,.F.);
#4805=ORIENTED_EDGE('',*,*,#8099,.T.);
#4806=ORIENTED_EDGE('',*,*,#8100,.F.);
#4807=CARTESIAN_POINT('',(14.9999997066174,6.79999999999995,3.99999999999991));
#4808=DIRECTION('',(1.46607561895284E-15,1.0,2.33146835171283E-15));
#4809=DIRECTION('',(-1.0,1.46607561895284E-15,1.15052781508094E-15));
#4810=SURFACE_STYLE_FILL_AREA(#8101);
#4811=ORIENTED_EDGE('',*,*,#8099,.F.);
#4812=ORIENTED_EDGE('',*,*,#8093,.T.);
#4813=ORIENTED_EDGE('',*,*,#8102,.F.);
#4814=ORIENTED_EDGE('',*,*,#8103,.T.);
#4815=CARTESIAN_POINT('',(15.9999997066174,6.79999999999994,5.59999999999991));
#4816=DIRECTION('',(-1.15052781508094E-15,2.33146835171283E-15,-1.0));
#4817=DIRECTION('',(1.0,-1.46607561895284E-15,-1.15052781508094E-15));
#4818=SURFACE_STYLE_FILL_AREA(#8104);
#4819=ORIENTED_EDGE('',*,*,#8105,.T.);
#4820=ORIENTED_EDGE('',*,*,#8106,.T.);
#4821=ORIENTED_EDGE('',*,*,#8107,.F.);
#4822=ORIENTED_EDGE('',*,*,#8108,.F.);
#4823=ORIENTED_EDGE('',*,*,#8109,.T.);
#4824=ORIENTED_EDGE('',*,*,#8110,.F.);
#4825=ORIENTED_EDGE('',*,*,#8111,.F.);
#4826=ORIENTED_EDGE('',*,*,#8112,.T.);
#4827=CARTESIAN_POINT('',(33.8499997066174,6.49999999999994,6.24999999999992));
#4828=DIRECTION('',(-1.27299249499567E-15,2.33146835171283E-15,-1.0));
#4829=DIRECTION('',(1.46607561895284E-15,1.0,2.33146835171283E-15));
#4830=SURFACE_STYLE_FILL_AREA(#8113);
#4831=ORIENTED_EDGE('',*,*,#8114,.T.);
#4832=ORIENTED_EDGE('',*,*,#8115,.F.);
#4833=ORIENTED_EDGE('',*,*,#8116,.T.);
#4834=ORIENTED_EDGE('',*,*,#8117,.T.);
#4835=ORIENTED_EDGE('',*,*,#8118,.F.);
#4836=ORIENTED_EDGE('',*,*,#8119,.F.);
#4837=ORIENTED_EDGE('',*,*,#8120,.T.);
#4838=ORIENTED_EDGE('',*,*,#8121,.F.);
#4839=ORIENTED_EDGE('',*,*,#8122,.F.);
#4840=ORIENTED_EDGE('',*,*,#8106,.F.);
#4841=ORIENTED_EDGE('',*,*,#8123,.T.);
#4842=ORIENTED_EDGE('',*,*,#8124,.F.);
#4843=ORIENTED_EDGE('',*,*,#8125,.T.);
#4844=ORIENTED_EDGE('',*,*,#8126,.T.);
#4845=ORIENTED_EDGE('',*,*,#8127,.T.);
#4846=ORIENTED_EDGE('',*,*,#8128,.T.);
#4847=CARTESIAN_POINT('',(18.5999997066174,6.79125386128572,3.15341599999975));
#4848=DIRECTION('',(-1.0,1.46607561895284E-15,1.15052781508094E-15));
#4849=DIRECTION('',(-1.46607561895284E-15,-1.0,-2.33146835171283E-15));
#4850=SURFACE_STYLE_FILL_AREA(#8129);
#4851=ORIENTED_EDGE('',*,*,#8122,.T.);
#4852=ORIENTED_EDGE('',*,*,#8130,.T.);
#4853=ORIENTED_EDGE('',*,*,#8131,.T.);
#4854=ORIENTED_EDGE('',*,*,#8132,.F.);
#4855=ORIENTED_EDGE('',*,*,#8107,.T.);
#4856=CARTESIAN_POINT('',(19.1749997066174,2.29999999999996,3.97499999999991));
#4857=DIRECTION('',(-1.46607561895284E-15,-1.0,-2.33146835171283E-15));
#4858=DIRECTION('',(1.15052781508094E-15,-2.33146835171283E-15,1.0));
#4859=SURFACE_STYLE_FILL_AREA(#8133);
#4860=ORIENTED_EDGE('',*,*,#8105,.F.);
#4861=ORIENTED_EDGE('',*,*,#8134,.T.);
#4862=ORIENTED_EDGE('',*,*,#8135,.T.);
#4863=ORIENTED_EDGE('',*,*,#8123,.F.);
#4864=CARTESIAN_POINT('',(19.5249997066174,1.7,6.04999999999989));
#4865=DIRECTION('',(-1.0,1.46607561895284E-15,1.15052781508094E-15));
#4866=DIRECTION('',(1.46607561895284E-15,1.0,2.33146835171283E-15));
#4867=SURFACE_STYLE_FILL_AREA(#8136);
#4868=ORIENTED_EDGE('',*,*,#8137,.F.);
#4869=ORIENTED_EDGE('',*,*,#8124,.T.);
#4870=ORIENTED_EDGE('',*,*,#8135,.F.);
#4871=ORIENTED_EDGE('',*,*,#8138,.T.);
#4872=CARTESIAN_POINT('',(24.5249997066174,1.49999999999999,6.04999999999986));
#4873=DIRECTION('',(-1.46607561895281E-15,-1.0,2.55827105531482E-14));
#4874=DIRECTION('',(1.15052781508098E-15,2.55827105531482E-14,1.0));
#4875=SURFACE_STYLE_FILL_AREA(#8139);
#4876=ORIENTED_EDGE('',*,*,#8140,.F.);
#4877=ORIENTED_EDGE('',*,*,#8125,.F.);
#4878=ORIENTED_EDGE('',*,*,#8137,.T.);
#4879=ORIENTED_EDGE('',*,*,#8141,.T.);
#4880=CARTESIAN_POINT('',(19.5249997066174,1.69999999999998,5.39565677580967));
#4881=DIRECTION('',(-1.0,1.46607561895284E-15,1.15052781508094E-15));
#4882=DIRECTION('',(1.46607561895284E-15,1.0,2.33146835171283E-15));
#4883=SURFACE_STYLE_FILL_AREA(#8142);
#4884=ORIENTED_EDGE('',*,*,#8126,.F.);
#4885=ORIENTED_EDGE('',*,*,#8140,.T.);
#4886=ORIENTED_EDGE('',*,*,#8143,.F.);
#4887=ORIENTED_EDGE('',*,*,#8144,.F.);
#4888=CARTESIAN_POINT('',(19.5249997066174,1.61513871421426,5.20230966992976));
#4889=DIRECTION('',(-1.83819337897618E-15,-0.674306428928572,-0.738451650350649));
#4890=DIRECTION('',(1.0,-1.46607561895284E-15,-1.15052781508094E-15));
#4891=SURFACE_STYLE_FILL_AREA(#8145);
#4892=ORIENTED_EDGE('',*,*,#8127,.F.);
#4893=ORIENTED_EDGE('',*,*,#8144,.T.);
#4894=ORIENTED_EDGE('',*,*,#8146,.T.);
#4895=ORIENTED_EDGE('',*,*,#8147,.F.);
#4896=CARTESIAN_POINT('',(19.5249997066174,3.97713350653414,4.39967313539746));
#4897=DIRECTION('',(-1.0,1.46607561895284E-15,1.15052781508094E-15));
#4898=DIRECTION('',(1.46607561895284E-15,1.0,2.33146835171283E-15));
#4899=SURFACE_STYLE_FILL_AREA(#8148);
#4900=ORIENTED_EDGE('',*,*,#8128,.F.);
#4901=ORIENTED_EDGE('',*,*,#8147,.T.);
#4902=ORIENTED_EDGE('',*,*,#8149,.F.);
#4903=ORIENTED_EDGE('',*,*,#8150,.F.);
#4904=CARTESIAN_POINT('',(19.5249997066174,4.5396187906751,3.57286583915192));
#4905=DIRECTION('',(-1.26618830943545E-16,0.562485284140959,-0.826807296245543));
#4906=DIRECTION('',(1.85931698357579E-15,0.826807296245543,0.562485284140959));
#4907=SURFACE_STYLE_FILL_AREA(#8151);
#4908=ORIENTED_EDGE('',*,*,#8152,.T.);
#4909=ORIENTED_EDGE('',*,*,#8153,.F.);
#4910=ORIENTED_EDGE('',*,*,#8154,.T.);
#4911=ORIENTED_EDGE('',*,*,#8155,.T.);
#4912=ORIENTED_EDGE('',*,*,#8114,.F.);
#4913=ORIENTED_EDGE('',*,*,#8150,.T.);
#4914=ORIENTED_EDGE('',*,*,#8156,.F.);
#4915=ORIENTED_EDGE('',*,*,#8157,.T.);
#4916=ORIENTED_EDGE('',*,*,#8158,.F.);
#4917=ORIENTED_EDGE('',*,*,#8159,.F.);
#4918=ORIENTED_EDGE('',*,*,#8160,.T.);
#4919=ORIENTED_EDGE('',*,*,#8161,.T.);
#4920=ORIENTED_EDGE('',*,*,#8162,.F.);
#4921=ORIENTED_EDGE('',*,*,#8102,.T.);
#4922=ORIENTED_EDGE('',*,*,#8096,.F.);
#4923=CARTESIAN_POINT('',(20.1865853215822,6.49999999999998,-2.05433627811565));
#4924=DIRECTION('',(-1.46607561895284E-15,-1.0,-2.33146835171283E-15));
#4925=DIRECTION('',(1.15052781508094E-15,-2.33146835171283E-15,1.0));
#4926=SURFACE_STYLE_FILL_AREA(#8163);
#4927=ORIENTED_EDGE('',*,*,#8164,.F.);
#4928=ORIENTED_EDGE('',*,*,#8165,.F.);
#4929=ORIENTED_EDGE('',*,*,#8153,.T.);
#4930=ORIENTED_EDGE('',*,*,#8166,.F.);
#4931=CARTESIAN_POINT('',(18.7249997066174,3.49999999999999,1.7999999999999));
#4932=DIRECTION('',(-1.46607561895284E-15,-1.0,-2.33146835171283E-15));
#4933=DIRECTION('',(-1.2117601550383E-15,2.33146835171283E-15,-1.0));
#4934=SURFACE_STYLE_FILL_AREA(#8167);
#4935=ORIENTED_EDGE('',*,*,#8130,.F.);
#4936=ORIENTED_EDGE('',*,*,#8121,.T.);
#4937=ORIENTED_EDGE('',*,*,#8168,.F.);
#4938=ORIENTED_EDGE('',*,*,#8169,.T.);
#4939=CARTESIAN_POINT('',(16.0874585394831,2.34254319230314,6.0499999999999));
#4940=DIRECTION('',(1.15052781508094E-15,-2.33146835171283E-15,1.0));
#4941=DIRECTION('',(-1.46607561895284E-15,-1.0,-2.33146835171283E-15));
#4942=SURFACE_STYLE_FILL_AREA(#8170);
#4943=ORIENTED_EDGE('',*,*,#8120,.F.);
#4944=ORIENTED_EDGE('',*,*,#8171,.F.);
#4945=ORIENTED_EDGE('',*,*,#8172,.T.);
#4946=ORIENTED_EDGE('',*,*,#8168,.T.);
#4947=CARTESIAN_POINT('',(18.4081635182662,1.74999999999996,6.12000239999992));
#4948=DIRECTION('',(-5.80957061847215E-15,1.0,2.33146835171284E-15));
#4949=DIRECTION('',(1.15052781508094E-15,-2.33146835171283E-15,1.0));
#4950=SURFACE_STYLE_FILL_AREA(#8173);
#4951=ORIENTED_EDGE('',*,*,#8174,.F.);
#4952=ORIENTED_EDGE('',*,*,#8175,.T.);
#4953=ORIENTED_EDGE('',*,*,#8131,.F.);
#4954=ORIENTED_EDGE('',*,*,#8169,.F.);
#4955=ORIENTED_EDGE('',*,*,#8172,.F.);
#4956=ORIENTED_EDGE('',*,*,#8176,.F.);
#4957=ORIENTED_EDGE('',*,*,#8154,.F.);
#4958=ORIENTED_EDGE('',*,*,#8165,.T.);
#4959=CARTESIAN_POINT('',(18.8249997066174,6.49999999999999,-8.69690260418216));
#4960=DIRECTION('',(-1.0,1.46607561895284E-15,1.21176015503831E-15));
#4961=DIRECTION('',(-1.2117601550383E-15,2.33146835171283E-15,-1.0));
#4962=SURFACE_STYLE_FILL_AREA(#8177);
#4963=ORIENTED_EDGE('',*,*,#8132,.T.);
#4964=ORIENTED_EDGE('',*,*,#8175,.F.);
#4965=ORIENTED_EDGE('',*,*,#8178,.F.);
#4966=ORIENTED_EDGE('',*,*,#8108,.T.);
#4967=CARTESIAN_POINT('',(18.7249997066174,6.49999999999996,6.14999999999993));
#4968=DIRECTION('',(-1.46607561895284E-15,-1.0,-2.33146835171283E-15));
#4969=DIRECTION('',(-1.2117601550383E-15,2.33146835171283E-15,-1.0));
#4970=SURFACE_STYLE_FILL_AREA(#8179);
#4971=ORIENTED_EDGE('',*,*,#8166,.T.);
#4972=ORIENTED_EDGE('',*,*,#8152,.F.);
#4973=ORIENTED_EDGE('',*,*,#8180,.T.);
#4974=ORIENTED_EDGE('',*,*,#8181,.T.);
#4975=CARTESIAN_POINT('',(8.82499970661742,6.49999999999998,1.69999999999991));
#4976=DIRECTION('',(1.15052781508094E-15,-2.33146835171283E-15,1.0));
#4977=DIRECTION('',(-1.46607561895284E-15,-1.0,-2.33146835171283E-15));
#4978=SURFACE_STYLE_FILL_AREA(#8182);
#4979=ORIENTED_EDGE('',*,*,#8115,.T.);
#4980=ORIENTED_EDGE('',*,*,#8155,.F.);
#4981=ORIENTED_EDGE('',*,*,#8176,.T.);
#4982=ORIENTED_EDGE('',*,*,#8171,.T.);
#4983=ORIENTED_EDGE('',*,*,#8119,.T.);
#4984=ORIENTED_EDGE('',*,*,#8183,.F.);
#4985=CARTESIAN_POINT('',(19.0811944982532,6.49999999999998,5.34999999999993));
#4986=DIRECTION('',(-1.02806313516619E-15,9.43689570931383E-15,-1.0));
#4987=DIRECTION('',(1.46607561895285E-15,1.0,9.43689570931383E-15));
#4988=SURFACE_STYLE_FILL_AREA(#8184);
#4989=ORIENTED_EDGE('',*,*,#8117,.F.);
#4990=ORIENTED_EDGE('',*,*,#8185,.T.);
#4991=CARTESIAN_POINT('',(17.4999997066174,3.99999999999994,4.3999999999999));
#4992=DIRECTION('',(1.15052781508094E-15,-2.33146835171283E-15,1.0));
#4993=DIRECTION('',(-1.46607561895284E-15,-1.0,-2.33146835171283E-15));
#4994=SURFACE_STYLE_FILL_AREA(#8186);
#4995=ORIENTED_EDGE('',*,*,#8118,.T.);
#4996=ORIENTED_EDGE('',*,*,#8185,.F.);
#4997=ORIENTED_EDGE('',*,*,#8116,.F.);
#4998=ORIENTED_EDGE('',*,*,#8183,.T.);
#4999=CARTESIAN_POINT('',(17.4999997066174,3.99999999999992,9.6999999999999));
#5000=DIRECTION('',(1.15052781508094E-15,-2.33146835171283E-15,1.0));
#5001=DIRECTION('',(1.46607561895284E-15,1.0,2.33146835171283E-15));
#5002=SURFACE_STYLE_FILL_AREA(#8187);
#5003=ORIENTED_EDGE('',*,*,#8188,.F.);
#5004=ORIENTED_EDGE('',*,*,#8189,.F.);
#5005=ORIENTED_EDGE('',*,*,#8109,.F.);
#5006=ORIENTED_EDGE('',*,*,#8178,.T.);
#5007=ORIENTED_EDGE('',*,*,#8174,.T.);
#5008=ORIENTED_EDGE('',*,*,#8164,.T.);
#5009=ORIENTED_EDGE('',*,*,#8181,.F.);
#5010=ORIENTED_EDGE('',*,*,#8190,.F.);
#5011=ORIENTED_EDGE('',*,*,#8191,.T.);
#5012=ORIENTED_EDGE('',*,*,#8192,.F.);
#5013=ORIENTED_EDGE('',*,*,#8193,.F.);
#5014=ORIENTED_EDGE('',*,*,#8194,.T.);
#5015=ORIENTED_EDGE('',*,*,#8195,.T.);
#5016=ORIENTED_EDGE('',*,*,#8196,.T.);
#5017=ORIENTED_EDGE('',*,*,#8197,.F.);
#5018=ORIENTED_EDGE('',*,*,#8198,.F.);
#5019=CARTESIAN_POINT('',(32.2074333805509,1.49999999999994,7.61158561496469));
#5020=DIRECTION('',(-1.46607561895284E-15,-1.0,-2.33146835171283E-15));
#5021=DIRECTION('',(1.15052781508094E-15,-2.33146835171283E-15,1.0));
#5022=SURFACE_STYLE_FILL_AREA(#8199);
#5023=ORIENTED_EDGE('',*,*,#8200,.T.);
#5024=ORIENTED_EDGE('',*,*,#8201,.T.);
#5025=ORIENTED_EDGE('',*,*,#8202,.F.);
#5026=ORIENTED_EDGE('',*,*,#8203,.T.);
#5027=ORIENTED_EDGE('',*,*,#8204,.F.);
#5028=ORIENTED_EDGE('',*,*,#8205,.T.);
#5029=CARTESIAN_POINT('',(19.3749997066174,3.99999999999994,6.79999999999993));
#5030=DIRECTION('',(-1.46607561895284E-15,-1.0,-2.33146835171283E-15));
#5031=DIRECTION('',(1.15052781508094E-15,-2.33146835171283E-15,1.0));
#5032=SURFACE_STYLE_FILL_AREA(#8206);
#5033=ORIENTED_EDGE('',*,*,#8207,.F.);
#5034=ORIENTED_EDGE('',*,*,#8208,.F.);
#5035=ORIENTED_EDGE('',*,*,#8201,.F.);
#5036=ORIENTED_EDGE('',*,*,#8209,.T.);
#5037=CARTESIAN_POINT('',(20.7999997066174,6.49999999999995,0.389997599999902));
#5038=DIRECTION('',(-1.46607561895284E-15,-1.0,-2.33146835171283E-15));
#5039=DIRECTION('',(1.15052781508094E-15,-2.33146835171283E-15,1.0));
#5040=SURFACE_STYLE_FILL_AREA(#8210);
#5041=ORIENTED_EDGE('',*,*,#8211,.F.);
#5042=ORIENTED_EDGE('',*,*,#8207,.T.);
#5043=ORIENTED_EDGE('',*,*,#8212,.T.);
#5044=ORIENTED_EDGE('',*,*,#8213,.F.);
#5045=ORIENTED_EDGE('',*,*,#8214,.T.);
#5046=ORIENTED_EDGE('',*,*,#8198,.T.);
#5047=CARTESIAN_POINT('',(18.7249997066174,6.49999999999996,6.14999999999993));
#5048=DIRECTION('',(4.13061087805322E-15,1.0,2.33146835171283E-15));
#5049=DIRECTION('',(-1.0,4.13061087805322E-15,1.21176015503831E-15));
#5050=SURFACE_STYLE_FILL_AREA(#8215);
#5051=ORIENTED_EDGE('',*,*,#8200,.F.);
#5052=ORIENTED_EDGE('',*,*,#8216,.F.);
#5053=ORIENTED_EDGE('',*,*,#8217,.T.);
#5054=ORIENTED_EDGE('',*,*,#8188,.T.);
#5055=ORIENTED_EDGE('',*,*,#8214,.F.);
#5056=ORIENTED_EDGE('',*,*,#8213,.T.);
#5057=ORIENTED_EDGE('',*,*,#8212,.F.);
#5058=ORIENTED_EDGE('',*,*,#8209,.F.);
#5059=CARTESIAN_POINT('',(15.3999997066174,-5.81756864903582E-14,6.94999999999992));
#5060=DIRECTION('',(1.15052781508094E-15,-2.33146835171283E-15,1.0));
#5061=DIRECTION('',(-1.46607561895284E-15,-1.0,-2.33146835171283E-15));
#5062=SURFACE_STYLE_FILL_AREA(#8218);
#5063=ORIENTED_EDGE('',*,*,#8219,.T.);
#5064=ORIENTED_EDGE('',*,*,#8077,.F.);
#5065=ORIENTED_EDGE('',*,*,#8220,.T.);
#5066=ORIENTED_EDGE('',*,*,#8216,.T.);
#5067=ORIENTED_EDGE('',*,*,#8205,.F.);
#5068=CARTESIAN_POINT('',(17.4999997066174,0.349999999999938,7.07738958199309));
#5069=DIRECTION('',(-1.58256989116101E-15,-0.342020143325667,-0.939692620785909));
#5070=DIRECTION('',(1.0,-1.46607561895284E-15,-1.15052781508094E-15));
#5071=SURFACE_STYLE_FILL_AREA(#8221);
#5072=ORIENTED_EDGE('',*,*,#8222,.F.);
#5073=ORIENTED_EDGE('',*,*,#8069,.T.);
#5074=ORIENTED_EDGE('',*,*,#8223,.F.);
#5075=ORIENTED_EDGE('',*,*,#8224,.F.);
#5076=CARTESIAN_POINT('',(4.99999970661742,-4.57411886145564E-14,7.9999999999999));
#5077=DIRECTION('',(1.15052781508094E-15,-2.33146835171283E-15,1.0));
#5078=DIRECTION('',(-1.46607561895284E-15,-1.0,-2.33146835171283E-15));
#5079=SURFACE_STYLE_FILL_AREA(#8225);
#5080=ORIENTED_EDGE('',*,*,#8226,.F.);
#5081=ORIENTED_EDGE('',*,*,#8227,.F.);
#5082=ORIENTED_EDGE('',*,*,#8064,.T.);
#5083=ORIENTED_EDGE('',*,*,#8228,.T.);
#5084=CARTESIAN_POINT('',(7.49999970661743,3.59999999999994,10.5999999999999));
#5085=DIRECTION('',(-1.46607561895284E-15,-1.0,-2.33146835171283E-15));
#5086=DIRECTION('',(1.15052781508094E-15,-2.33146835171283E-15,1.0));
#5087=SURFACE_STYLE_FILL_AREA(#8229);
#5088=ORIENTED_EDGE('',*,*,#8230,.F.);
#5089=ORIENTED_EDGE('',*,*,#8231,.F.);
#5090=ORIENTED_EDGE('',*,*,#8057,.T.);
#5091=ORIENTED_EDGE('',*,*,#8232,.F.);
#5092=CARTESIAN_POINT('',(17.1499997066174,4.50000000000001,-4.6590024000001));
#5093=DIRECTION('',(1.46607561895284E-15,1.0,2.33146835171283E-15));
#5094=DIRECTION('',(-1.0,1.46607561895284E-15,1.15052781508094E-15));
#5095=SURFACE_STYLE_FILL_AREA(#8233);
#5096=ORIENTED_EDGE('',*,*,#8234,.T.);
#5097=ORIENTED_EDGE('',*,*,#8235,.F.);
#5098=ORIENTED_EDGE('',*,*,#8195,.F.);
#5099=ORIENTED_EDGE('',*,*,#8236,.T.);
#5100=ORIENTED_EDGE('',*,*,#8237,.T.);
#5101=ORIENTED_EDGE('',*,*,#8238,.F.);
#5102=ORIENTED_EDGE('',*,*,#8239,.F.);
#5103=ORIENTED_EDGE('',*,*,#8240,.F.);
#5104=CARTESIAN_POINT('',(16.619828283473,7.95130634301436,0.999999999999907));
#5105=DIRECTION('',(-1.15052781508094E-15,2.33146835171283E-15,-1.0));
#5106=DIRECTION('',(1.0,-1.46607561895284E-15,-1.15052781508094E-15));
#5107=SURFACE_STYLE_FILL_AREA(#8241);
#5108=ORIENTED_EDGE('',*,*,#8242,.T.);
#5109=ORIENTED_EDGE('',*,*,#8243,.T.);
#5110=ORIENTED_EDGE('',*,*,#8244,.F.);
#5111=ORIENTED_EDGE('',*,*,#8196,.F.);
#5112=CARTESIAN_POINT('',(18.7249997066174,3.99999999999995,1.7999999999999));
#5113=DIRECTION('',(1.46607561895284E-15,1.0,2.33146835171283E-15));
#5114=DIRECTION('',(-1.15052781508094E-15,2.33146835171283E-15,-1.0));
#5115=SURFACE_STYLE_FILL_AREA(#8245);
#5116=ORIENTED_EDGE('',*,*,#8246,.F.);
#5117=ORIENTED_EDGE('',*,*,#8247,.F.);
#5118=ORIENTED_EDGE('',*,*,#8248,.F.);
#5119=ORIENTED_EDGE('',*,*,#8084,.F.);
#5120=ORIENTED_EDGE('',*,*,#8249,.F.);
#5121=ORIENTED_EDGE('',*,*,#8250,.F.);
#5122=ORIENTED_EDGE('',*,*,#8251,.T.);
#5123=ORIENTED_EDGE('',*,*,#8252,.F.);
#5124=ORIENTED_EDGE('',*,*,#8230,.T.);
#5125=ORIENTED_EDGE('',*,*,#8253,.F.);
#5126=ORIENTED_EDGE('',*,*,#8254,.T.);
#5127=ORIENTED_EDGE('',*,*,#8255,.F.);
#5128=ORIENTED_EDGE('',*,*,#8256,.F.);
#5129=ORIENTED_EDGE('',*,*,#8071,.F.);
#5130=CARTESIAN_POINT('',(-2.93382576521542E-07,8.99999999999998,-6.94409807433516E-14));
#5131=DIRECTION('',(-1.15052781508094E-15,2.33146835171283E-15,-1.0));
#5132=DIRECTION('',(1.0,-1.46607561895284E-15,-1.15052781508094E-15));
#5133=SURFACE_STYLE_FILL_AREA(#8257);
#5134=ORIENTED_EDGE('',*,*,#8161,.F.);
#5135=ORIENTED_EDGE('',*,*,#8095,.T.);
#5136=ORIENTED_EDGE('',*,*,#8098,.F.);
#5137=ORIENTED_EDGE('',*,*,#8258,.T.);
#5138=CARTESIAN_POINT('',(15.9999997066174,6.49999999999997,1.64999999999991));
#5139=DIRECTION('',(1.15052781508094E-15,-2.33146835171283E-15,1.0));
#5140=DIRECTION('',(-1.46607561895284E-15,-1.0,-2.33146835171283E-15));
#5141=SURFACE_STYLE_FILL_AREA(#8259);
#5142=ORIENTED_EDGE('',*,*,#8260,.F.);
#5143=ORIENTED_EDGE('',*,*,#8261,.F.);
#5144=ORIENTED_EDGE('',*,*,#8239,.T.);
#5145=ORIENTED_EDGE('',*,*,#8262,.T.);
#5146=ORIENTED_EDGE('',*,*,#8263,.F.);
#5147=ORIENTED_EDGE('',*,*,#8264,.T.);
#5148=ORIENTED_EDGE('',*,*,#8265,.F.);
#5149=ORIENTED_EDGE('',*,*,#8266,.F.);
#5150=ORIENTED_EDGE('',*,*,#8267,.T.);
#5151=ORIENTED_EDGE('',*,*,#8268,.F.);
#5152=ORIENTED_EDGE('',*,*,#8269,.F.);
#5153=ORIENTED_EDGE('',*,*,#8270,.T.);
#5154=ORIENTED_EDGE('',*,*,#8271,.F.);
#5155=ORIENTED_EDGE('',*,*,#8272,.F.);
#5156=CARTESIAN_POINT('',(18.0253905253377,3.50000000000001,-4.65900240000011));
#5157=DIRECTION('',(-1.46607561895284E-15,-1.0,-2.33146835171283E-15));
#5158=DIRECTION('',(1.15052781508094E-15,-2.33146835171283E-15,1.0));
#5159=SURFACE_STYLE_FILL_AREA(#8273);
#5160=ORIENTED_EDGE('',*,*,#8274,.F.);
#5161=ORIENTED_EDGE('',*,*,#8275,.T.);
#5162=ORIENTED_EDGE('',*,*,#8276,.F.);
#5163=ORIENTED_EDGE('',*,*,#8277,.F.);
#5164=CARTESIAN_POINT('',(9.99999970661742,-5.37347943918576E-14,7.9999999999999));
#5165=DIRECTION('',(1.15052781508094E-15,-2.33146835171283E-15,1.0));
#5166=DIRECTION('',(-1.46607561895284E-15,-1.0,-2.33146835171283E-15));
#5167=SURFACE_STYLE_FILL_AREA(#8278);
#5168=ORIENTED_EDGE('',*,*,#8060,.T.);
#5169=ORIENTED_EDGE('',*,*,#8279,.F.);
#5170=ORIENTED_EDGE('',*,*,#8280,.F.);
#5171=ORIENTED_EDGE('',*,*,#8281,.F.);
#5172=ORIENTED_EDGE('',*,*,#8226,.T.);
#5173=ORIENTED_EDGE('',*,*,#8282,.F.);
#5174=ORIENTED_EDGE('',*,*,#8062,.T.);
#5175=ORIENTED_EDGE('',*,*,#8087,.T.);
#5176=CARTESIAN_POINT('',(17.4999997066174,3.99999999999993,11.4999999999999));
#5177=DIRECTION('',(-1.15052781508094E-15,2.33146835171283E-15,-1.0));
#5178=DIRECTION('',(0.866025403784439,0.499999999999999,1.69347860235715E-16));
#5179=SURFACE_STYLE_FILL_AREA(#8283);
#5180=ORIENTED_EDGE('',*,*,#8247,.T.);
#5181=ORIENTED_EDGE('',*,*,#8284,.T.);
#5182=ORIENTED_EDGE('',*,*,#8277,.T.);
#5183=ORIENTED_EDGE('',*,*,#8285,.F.);
#5184=CARTESIAN_POINT('',(16.0000021066174,7.49999999999994,7.99999999999991));
#5185=DIRECTION('',(-1.46607561895284E-15,-1.0,-2.33146835171283E-15));
#5186=DIRECTION('',(1.15052781508094E-15,-2.33146835171283E-15,1.0));
#5187=SURFACE_STYLE_FILL_AREA(#8286);
#5188=ORIENTED_EDGE('',*,*,#8287,.F.);
#5189=ORIENTED_EDGE('',*,*,#8075,.T.);
#5190=ORIENTED_EDGE('',*,*,#8288,.T.);
#5191=ORIENTED_EDGE('',*,*,#8289,.T.);
#5192=CARTESIAN_POINT('',(17.5274436976766,3.99999999999995,1.7999999999999));
#5193=DIRECTION('',(-0.342020143325671,-0.939692620785908,-1.79735991748628E-15));
#5194=DIRECTION('',(-0.939692620785908,0.342020143325671,1.87855163765258E-15));
#5195=SURFACE_STYLE_FILL_AREA(#8290);
#5196=ORIENTED_EDGE('',*,*,#8287,.T.);
#5197=ORIENTED_EDGE('',*,*,#8291,.F.);
#5198=ORIENTED_EDGE('',*,*,#8220,.F.);
#5199=ORIENTED_EDGE('',*,*,#8076,.T.);
#5200=CARTESIAN_POINT('',(15.3476101246242,0.349999999999948,4.10238958199308));
#5201=DIRECTION('',(0.939692620785908,-0.34202014332567,-1.87855163765258E-15));
#5202=DIRECTION('',(-1.15052781508094E-15,2.33146835171283E-15,-1.0));
#5203=SURFACE_STYLE_FILL_AREA(#8292);
#5204=ORIENTED_EDGE('',*,*,#8293,.T.);
#5205=ORIENTED_EDGE('',*,*,#8294,.T.);
#5206=ORIENTED_EDGE('',*,*,#8240,.T.);
#5207=ORIENTED_EDGE('',*,*,#8261,.T.);
#5208=CARTESIAN_POINT('',(17.8499997066174,3.5,0.999999999999896));
#5209=DIRECTION('',(1.0,-1.46607561895284E-15,-1.21176015503831E-15));
#5210=DIRECTION('',(-1.2117601550383E-15,2.33146835171283E-15,-1.0));
#5211=SURFACE_STYLE_FILL_AREA(#8295);
#5212=ORIENTED_EDGE('',*,*,#8296,.F.);
#5213=ORIENTED_EDGE('',*,*,#8250,.T.);
#5214=ORIENTED_EDGE('',*,*,#8297,.T.);
#5215=ORIENTED_EDGE('',*,*,#8298,.F.);
#5216=ORIENTED_EDGE('',*,*,#8299,.T.);
#5217=ORIENTED_EDGE('',*,*,#8300,.F.);
#5218=CARTESIAN_POINT('',(18.0999997066174,1.59999999999995,0.649999999999893));
#5219=DIRECTION('',(0.95528589069135,0.295683728071119,-4.09705734480489E-16));
#5220=DIRECTION('',(-0.295683728071119,0.95528589069135,2.56741117459734E-15));
#5221=SURFACE_STYLE_FILL_AREA(#8301);
#5222=ORIENTED_EDGE('',*,*,#8055,.T.);
#5223=ORIENTED_EDGE('',*,*,#8302,.F.);
#5224=ORIENTED_EDGE('',*,*,#8268,.T.);
#5225=ORIENTED_EDGE('',*,*,#8303,.F.);
#5226=CARTESIAN_POINT('',(24.8146827174001,4.0,-3.10000000000011));
#5227=DIRECTION('',(1.0,-1.46607561895284E-15,-1.21176015503831E-15));
#5228=DIRECTION('',(1.2117601550383E-15,-2.33146835171283E-15,1.0));
#5229=SURFACE_STYLE_FILL_AREA(#8304);
#5230=ORIENTED_EDGE('',*,*,#8296,.T.);
#5231=ORIENTED_EDGE('',*,*,#8305,.F.);
#5232=ORIENTED_EDGE('',*,*,#8270,.F.);
#5233=ORIENTED_EDGE('',*,*,#8251,.F.);
#5234=CARTESIAN_POINT('',(17.8499997066174,1.95615384615382,-1.06400406624573E-13));
#5235=DIRECTION('',(-1.0,1.46607561895284E-15,1.15052781508094E-15));
#5236=DIRECTION('',(-1.46607561895284E-15,-1.0,-2.33146835171283E-15));
#5237=SURFACE_STYLE_FILL_AREA(#8306);
#5238=ORIENTED_EDGE('',*,*,#8307,.T.);
#5239=ORIENTED_EDGE('',*,*,#8192,.T.);
#5240=ORIENTED_EDGE('',*,*,#8308,.F.);
#5241=ORIENTED_EDGE('',*,*,#8309,.F.);
#5242=CARTESIAN_POINT('',(15.4049973066174,1.69999999999995,4.62245855833121));
#5243=DIRECTION('',(-1.0,1.46607561895284E-15,1.08929547512357E-15));
#5244=DIRECTION('',(-1.46607561895284E-15,-1.0,-2.3927006916702E-15));
#5245=SURFACE_STYLE_FILL_AREA(#8310);
#5246=ORIENTED_EDGE('',*,*,#8311,.T.);
#5247=ORIENTED_EDGE('',*,*,#8309,.T.);
#5248=ORIENTED_EDGE('',*,*,#8312,.T.);
#5249=ORIENTED_EDGE('',*,*,#8313,.F.);
#5250=CARTESIAN_POINT('',(15.4049973066174,1.64999999999995,4.82453115254758));
#5251=DIRECTION('',(-2.1031974420797E-16,0.500000000000031,-0.866025403784421));
#5252=DIRECTION('',(1.84492263742263E-15,0.866025403784421,0.500000000000031));
#5253=SURFACE_STYLE_FILL_AREA(#8314);
#5254=ORIENTED_EDGE('',*,*,#8315,.F.);
#5255=ORIENTED_EDGE('',*,*,#8313,.T.);
#5256=ORIENTED_EDGE('',*,*,#8316,.T.);
#5257=ORIENTED_EDGE('',*,*,#8317,.F.);
#5258=CARTESIAN_POINT('',(15.4049973066174,1.54999999999995,4.99773623330447));
#5259=DIRECTION('',(-1.0,1.46607561895284E-15,1.08929547512357E-15));
#5260=DIRECTION('',(-1.46607561895284E-15,-1.0,-2.3927006916702E-15));
#5261=SURFACE_STYLE_FILL_AREA(#8318);
#5262=ORIENTED_EDGE('',*,*,#8319,.T.);
#5263=ORIENTED_EDGE('',*,*,#8320,.T.);
#5264=ORIENTED_EDGE('',*,*,#8321,.F.);
#5265=ORIENTED_EDGE('',*,*,#8322,.F.);
#5266=ORIENTED_EDGE('',*,*,#8323,.F.);
#5267=ORIENTED_EDGE('',*,*,#8053,.F.);
#5268=ORIENTED_EDGE('',*,*,#8324,.F.);
#5269=ORIENTED_EDGE('',*,*,#8325,.T.);
#5270=CARTESIAN_POINT('',(16.2749997066174,1.74999999999994,5.24999999999993));
#5271=DIRECTION('',(1.46607561895284E-15,1.0,2.33146835171283E-15));
#5272=DIRECTION('',(1.2117601550383E-15,-2.33146835171283E-15,1.0));
#5273=SURFACE_STYLE_FILL_AREA(#8326);
#5274=ORIENTED_EDGE('',*,*,#8327,.F.);
#5275=ORIENTED_EDGE('',*,*,#8328,.F.);
#5276=ORIENTED_EDGE('',*,*,#8321,.T.);
#5277=ORIENTED_EDGE('',*,*,#8329,.F.);
#5278=CARTESIAN_POINT('',(16.0874585394831,2.34254319230314,6.0499999999999));
#5279=DIRECTION('',(1.15052781508094E-15,-2.33146835171283E-15,1.0));
#5280=DIRECTION('',(-1.46607561895284E-15,-1.0,-2.33146835171283E-15));
#5281=SURFACE_STYLE_FILL_AREA(#8330);
#5282=ORIENTED_EDGE('',*,*,#8331,.F.);
#5283=ORIENTED_EDGE('',*,*,#8332,.T.);
#5284=ORIENTED_EDGE('',*,*,#8329,.T.);
#5285=ORIENTED_EDGE('',*,*,#8320,.F.);
#5286=ORIENTED_EDGE('',*,*,#8333,.T.);
#5287=ORIENTED_EDGE('',*,*,#8317,.T.);
#5288=ORIENTED_EDGE('',*,*,#8334,.T.);
#5289=ORIENTED_EDGE('',*,*,#8335,.T.);
#5290=CARTESIAN_POINT('',(18.4081635182662,1.74999999999996,6.12000239999992));
#5291=DIRECTION('',(-5.80957061847215E-15,1.0,2.33146835171284E-15));
#5292=DIRECTION('',(1.15052781508094E-15,-2.33146835171283E-15,1.0));
#5293=SURFACE_STYLE_FILL_AREA(#8336);
#5294=ORIENTED_EDGE('',*,*,#8337,.T.);
#5295=ORIENTED_EDGE('',*,*,#8157,.F.);
#5296=ORIENTED_EDGE('',*,*,#8338,.F.);
#5297=ORIENTED_EDGE('',*,*,#8339,.F.);
#5298=CARTESIAN_POINT('',(19.0811944982532,6.49999999999998,5.34999999999993));
#5299=DIRECTION('',(-1.02806313516619E-15,9.43689570931383E-15,-1.0));
#5300=DIRECTION('',(1.46607561895285E-15,1.0,9.43689570931383E-15));
#5301=SURFACE_STYLE_FILL_AREA(#8340);
#5302=ORIENTED_EDGE('',*,*,#8337,.F.);
#5303=ORIENTED_EDGE('',*,*,#8341,.T.);
#5304=ORIENTED_EDGE('',*,*,#8342,.F.);
#5305=ORIENTED_EDGE('',*,*,#8335,.F.);
#5306=ORIENTED_EDGE('',*,*,#8343,.T.);
#5307=ORIENTED_EDGE('',*,*,#8158,.T.);
#5308=CARTESIAN_POINT('',(16.2749997066174,1.74999999999994,5.24999999999993));
#5309=DIRECTION('',(1.46607561895284E-15,1.0,2.33146835171283E-15));
#5310=DIRECTION('',(1.2117601550383E-15,-2.33146835171283E-15,1.0));
#5311=SURFACE_STYLE_FILL_AREA(#8344);
#5312=ORIENTED_EDGE('',*,*,#8345,.F.);
#5313=ORIENTED_EDGE('',*,*,#8346,.F.);
#5314=ORIENTED_EDGE('',*,*,#8331,.T.);
#5315=ORIENTED_EDGE('',*,*,#8342,.T.);
#5316=CARTESIAN_POINT('',(19.0811944982532,6.49999999999998,5.34999999999993));
#5317=DIRECTION('',(-1.02806313516619E-15,9.43689570931383E-15,-1.0));
#5318=DIRECTION('',(1.46607561895285E-15,1.0,9.43689570931383E-15));
#5319=SURFACE_STYLE_FILL_AREA(#8347);
#5320=ORIENTED_EDGE('',*,*,#8348,.F.);
#5321=ORIENTED_EDGE('',*,*,#8349,.T.);
#5322=CARTESIAN_POINT('',(17.4999997066174,3.99999999999994,4.3999999999999));
#5323=DIRECTION('',(1.15052781508094E-15,-2.33146835171283E-15,1.0));
#5324=DIRECTION('',(-1.46607561895284E-15,-1.0,-2.33146835171283E-15));
#5325=SURFACE_STYLE_FILL_AREA(#8350);
#5326=ORIENTED_EDGE('',*,*,#8351,.T.);
#5327=ORIENTED_EDGE('',*,*,#8349,.F.);
#5328=ORIENTED_EDGE('',*,*,#8352,.F.);
#5329=ORIENTED_EDGE('',*,*,#8345,.T.);
#5330=ORIENTED_EDGE('',*,*,#8341,.F.);
#5331=ORIENTED_EDGE('',*,*,#8339,.T.);
#5332=CARTESIAN_POINT('',(17.4999997066174,3.99999999999992,9.6999999999999));
#5333=DIRECTION('',(1.15052781508094E-15,-2.33146835171283E-15,1.0));
#5334=DIRECTION('',(1.46607561895284E-15,1.0,2.33146835171283E-15));
#5335=SURFACE_STYLE_FILL_AREA(#8353);
#5336=ORIENTED_EDGE('',*,*,#8354,.T.);
#5337=ORIENTED_EDGE('',*,*,#8328,.T.);
#5338=ORIENTED_EDGE('',*,*,#8355,.T.);
#5339=ORIENTED_EDGE('',*,*,#8111,.T.);
#5340=ORIENTED_EDGE('',*,*,#8356,.F.);
#5341=CARTESIAN_POINT('',(19.1749997066174,2.29999999999996,3.97499999999991));
#5342=DIRECTION('',(-1.46607561895284E-15,-1.0,-2.33146835171283E-15));
#5343=DIRECTION('',(1.15052781508094E-15,-2.33146835171283E-15,1.0));
#5344=SURFACE_STYLE_FILL_AREA(#8357);
#5345=ORIENTED_EDGE('',*,*,#8358,.T.);
#5346=ORIENTED_EDGE('',*,*,#8289,.F.);
#5347=ORIENTED_EDGE('',*,*,#8359,.F.);
#5348=ORIENTED_EDGE('',*,*,#8194,.F.);
#5349=CARTESIAN_POINT('',(16.2749997066174,3.99999999999995,1.7999999999999));
#5350=DIRECTION('',(1.46607561895284E-15,1.0,2.33146835171283E-15));
#5351=DIRECTION('',(-1.15052781508094E-15,2.33146835171283E-15,-1.0));
#5352=SURFACE_STYLE_FILL_AREA(#8360);
#5353=ORIENTED_EDGE('',*,*,#8358,.F.);
#5354=ORIENTED_EDGE('',*,*,#8193,.T.);
#5355=ORIENTED_EDGE('',*,*,#8307,.F.);
#5356=ORIENTED_EDGE('',*,*,#8311,.F.);
#5357=ORIENTED_EDGE('',*,*,#8315,.T.);
#5358=ORIENTED_EDGE('',*,*,#8333,.F.);
#5359=ORIENTED_EDGE('',*,*,#8319,.F.);
#5360=ORIENTED_EDGE('',*,*,#8361,.T.);
#5361=ORIENTED_EDGE('',*,*,#8362,.F.);
#5362=ORIENTED_EDGE('',*,*,#8356,.T.);
#5363=ORIENTED_EDGE('',*,*,#8110,.T.);
#5364=ORIENTED_EDGE('',*,*,#8189,.T.);
#5365=ORIENTED_EDGE('',*,*,#8217,.F.);
#5366=ORIENTED_EDGE('',*,*,#8291,.T.);
#5367=CARTESIAN_POINT('',(15.4749997066174,-5.99520433297585E-14,7.09999999999989));
#5368=DIRECTION('',(-1.0,1.46607561895284E-15,1.15052781508094E-15));
#5369=DIRECTION('',(-1.46607561895284E-15,-1.0,-2.33146835171283E-15));
#5370=SURFACE_STYLE_FILL_AREA(#8363);
#5371=ORIENTED_EDGE('',*,*,#8051,.T.);
#5372=ORIENTED_EDGE('',*,*,#8323,.T.);
#5373=ORIENTED_EDGE('',*,*,#8364,.F.);
#5374=CARTESIAN_POINT('',(17.4999997066174,3.99999999999994,6.7499999999999));
#5375=DIRECTION('',(-1.15052781508094E-15,2.33146835171283E-15,-1.0));
#5376=DIRECTION('',(1.0,-1.46607561895284E-15,-1.15052781508094E-15));
#5377=SURFACE_STYLE_FILL_AREA(#8365);
#5378=ORIENTED_EDGE('',*,*,#8362,.T.);
#5379=ORIENTED_EDGE('',*,*,#8366,.F.);
#5380=ORIENTED_EDGE('',*,*,#8324,.T.);
#5381=ORIENTED_EDGE('',*,*,#8052,.T.);
#5382=ORIENTED_EDGE('',*,*,#8364,.T.);
#5383=ORIENTED_EDGE('',*,*,#8322,.T.);
#5384=ORIENTED_EDGE('',*,*,#8354,.F.);
#5385=CARTESIAN_POINT('',(19.3549997066174,2.29999999999996,6.04999999999989));
#5386=DIRECTION('',(1.27299249499567E-15,-2.33146835171283E-15,1.0));
#5387=DIRECTION('',(1.0,-1.46607561895284E-15,-1.27299249499568E-15));
#5388=SURFACE_STYLE_FILL_AREA(#8367);
#5389=ORIENTED_EDGE('',*,*,#8325,.F.);
#5390=ORIENTED_EDGE('',*,*,#8366,.T.);
#5391=ORIENTED_EDGE('',*,*,#8361,.F.);
#5392=CARTESIAN_POINT('',(15.9999997066174,6.49999999999996,0.389997599999907));
#5393=DIRECTION('',(-1.46607561895284E-15,-1.0,-2.33146835171283E-15));
#5394=DIRECTION('',(1.15052781508094E-15,-2.33146835171283E-15,1.0));
#5395=SURFACE_STYLE_FILL_AREA(#8368);
#5396=ORIENTED_EDGE('',*,*,#8159,.T.);
#5397=ORIENTED_EDGE('',*,*,#8343,.F.);
#5398=ORIENTED_EDGE('',*,*,#8334,.F.);
#5399=ORIENTED_EDGE('',*,*,#8316,.F.);
#5400=ORIENTED_EDGE('',*,*,#8312,.F.);
#5401=ORIENTED_EDGE('',*,*,#8308,.T.);
#5402=ORIENTED_EDGE('',*,*,#8191,.F.);
#5403=ORIENTED_EDGE('',*,*,#8369,.F.);
#5404=CARTESIAN_POINT('',(16.1749997066174,3.99999999999997,3.52499999999992));
#5405=DIRECTION('',(1.0,-1.46607561895284E-15,-1.15052781508094E-15));
#5406=DIRECTION('',(-1.15052781508094E-15,2.33146835171283E-15,-1.0));
#5407=SURFACE_STYLE_FILL_AREA(#8370);
#5408=ORIENTED_EDGE('',*,*,#8190,.T.);
#5409=ORIENTED_EDGE('',*,*,#8180,.F.);
#5410=ORIENTED_EDGE('',*,*,#8160,.F.);
#5411=ORIENTED_EDGE('',*,*,#8369,.T.);
#5412=CARTESIAN_POINT('',(16.2749997066174,1.74999999999993,1.7999999999999));
#5413=DIRECTION('',(1.46607561895284E-15,1.0,2.33146835171283E-15));
#5414=DIRECTION('',(1.2117601550383E-15,-2.33146835171283E-15,1.0));
#5415=SURFACE_STYLE_FILL_AREA(#8371);
#5416=ORIENTED_EDGE('',*,*,#8156,.T.);
#5417=ORIENTED_EDGE('',*,*,#8149,.T.);
#5418=ORIENTED_EDGE('',*,*,#8146,.F.);
#5419=ORIENTED_EDGE('',*,*,#8143,.T.);
#5420=ORIENTED_EDGE('',*,*,#8141,.F.);
#5421=ORIENTED_EDGE('',*,*,#8138,.F.);
#5422=ORIENTED_EDGE('',*,*,#8134,.F.);
#5423=ORIENTED_EDGE('',*,*,#8112,.F.);
#5424=ORIENTED_EDGE('',*,*,#8355,.F.);
#5425=ORIENTED_EDGE('',*,*,#8327,.T.);
#5426=ORIENTED_EDGE('',*,*,#8332,.F.);
#5427=ORIENTED_EDGE('',*,*,#8346,.T.);
#5428=ORIENTED_EDGE('',*,*,#8352,.T.);
#5429=ORIENTED_EDGE('',*,*,#8348,.T.);
#5430=ORIENTED_EDGE('',*,*,#8351,.F.);
#5431=ORIENTED_EDGE('',*,*,#8338,.T.);
#5432=CARTESIAN_POINT('',(16.3999997066174,2.29999999999997,3.11463804893722));
#5433=DIRECTION('',(1.0,-1.46607561895284E-15,-1.15052781508094E-15));
#5434=DIRECTION('',(-1.15052781508094E-15,2.33146835171283E-15,-1.0));
#5435=SURFACE_STYLE_FILL_AREA(#8372);
#5436=ORIENTED_EDGE('',*,*,#8223,.T.);
#5437=ORIENTED_EDGE('',*,*,#8085,.T.);
#5438=ORIENTED_EDGE('',*,*,#8248,.T.);
#5439=ORIENTED_EDGE('',*,*,#8285,.T.);
#5440=ORIENTED_EDGE('',*,*,#8276,.T.);
#5441=ORIENTED_EDGE('',*,*,#8373,.T.);
#5442=ORIENTED_EDGE('',*,*,#8091,.F.);
#5443=ORIENTED_EDGE('',*,*,#8374,.F.);
#5444=CARTESIAN_POINT('',(19.9999997066174,-1.20000000000004,-5.26000240000012));
#5445=DIRECTION('',(-1.0,1.46607561895284E-15,1.15052781508094E-15));
#5446=DIRECTION('',(-1.46607561895284E-15,-1.0,-2.33146835171283E-15));
#5447=SURFACE_STYLE_FILL_AREA(#8375);
#5448=ORIENTED_EDGE('',*,*,#8376,.T.);
#5449=ORIENTED_EDGE('',*,*,#8271,.T.);
#5450=ORIENTED_EDGE('',*,*,#8305,.T.);
#5451=ORIENTED_EDGE('',*,*,#8300,.T.);
#5452=CARTESIAN_POINT('',(22.4999997066174,6.09999999999997,0.199999999999898));
#5453=DIRECTION('',(-1.15052781508094E-15,2.33146835171283E-15,-1.0));
#5454=DIRECTION('',(1.0,-1.46607561895284E-15,-1.15052781508094E-15));
#5455=SURFACE_STYLE_FILL_AREA(#8377);
#5456=ORIENTED_EDGE('',*,*,#8378,.F.);
#5457=ORIENTED_EDGE('',*,*,#8279,.T.);
#5458=ORIENTED_EDGE('',*,*,#8067,.T.);
#5459=CARTESIAN_POINT('',(17.4999997066174,3.99999999999992,10.5999999999999));
#5460=DIRECTION('',(1.15052781508094E-15,-2.33146835171283E-15,1.0));
#5461=DIRECTION('',(-1.46607561895284E-15,-1.0,-2.33146835171283E-15));
#5462=SURFACE_STYLE_FILL_AREA(#8379);
#5463=ORIENTED_EDGE('',*,*,#8380,.F.);
#5464=ORIENTED_EDGE('',*,*,#8381,.F.);
#5465=ORIENTED_EDGE('',*,*,#8234,.F.);
#5466=ORIENTED_EDGE('',*,*,#8294,.F.);
#5467=CARTESIAN_POINT('',(16.8999997066174,4.5,-9.93765084009271E-14));
#5468=DIRECTION('',(1.46607561895284E-15,1.0,2.33146835171283E-15));
#5469=DIRECTION('',(-1.0,1.46607561895284E-15,1.15052781508094E-15));
#5470=SURFACE_STYLE_FILL_AREA(#8382);
#5471=ORIENTED_EDGE('',*,*,#8383,.F.);
#5472=ORIENTED_EDGE('',*,*,#8224,.T.);
#5473=ORIENTED_EDGE('',*,*,#8374,.T.);
#5474=ORIENTED_EDGE('',*,*,#8090,.F.);
#5475=CARTESIAN_POINT('',(9.99999970661742,0.499999999999947,7.9999999999999));
#5476=DIRECTION('',(-1.16968775076473E-15,-0.974370064785236,0.224951054343863));
#5477=DIRECTION('',(1.0,-1.46607561895284E-15,-1.15052781508094E-15));
#5478=SURFACE_STYLE_FILL_AREA(#8384);
#5479=ORIENTED_EDGE('',*,*,#8258,.F.);
#5480=ORIENTED_EDGE('',*,*,#8100,.T.);
#5481=ORIENTED_EDGE('',*,*,#8103,.F.);
#5482=ORIENTED_EDGE('',*,*,#8162,.T.);
#5483=CARTESIAN_POINT('',(15.9999997066174,8.79999999999996,0.389997599999913));
#5484=DIRECTION('',(1.0,-1.46607561895284E-15,-1.15052781508094E-15));
#5485=DIRECTION('',(-1.15052781508094E-15,2.33146835171283E-15,-1.0));
#5486=SURFACE_STYLE_FILL_AREA(#8385);
#5487=ORIENTED_EDGE('',*,*,#8063,.T.);
#5488=ORIENTED_EDGE('',*,*,#8282,.T.);
#5489=ORIENTED_EDGE('',*,*,#8228,.F.);
#5490=CARTESIAN_POINT('',(17.4999997066174,3.99999999999992,10.5999999999999));
#5491=DIRECTION('',(1.15052781508094E-15,-2.33146835171283E-15,1.0));
#5492=DIRECTION('',(-1.46607561895284E-15,-1.0,-2.33146835171283E-15));
#5493=SURFACE_STYLE_FILL_AREA(#8386);
#5494=ORIENTED_EDGE('',*,*,#8269,.T.);
#5495=ORIENTED_EDGE('',*,*,#8302,.T.);
#5496=ORIENTED_EDGE('',*,*,#8058,.T.);
#5497=ORIENTED_EDGE('',*,*,#8231,.T.);
#5498=ORIENTED_EDGE('',*,*,#8252,.T.);
#5499=CARTESIAN_POINT('',(17.8499997066174,3.5,0.999999999999896));
#5500=DIRECTION('',(1.0,-1.46607561895284E-15,-1.21176015503831E-15));
#5501=DIRECTION('',(-1.2117601550383E-15,2.33146835171283E-15,-1.0));
#5502=SURFACE_STYLE_FILL_AREA(#8387);
#5503=ORIENTED_EDGE('',*,*,#8388,.F.);
#5504=ORIENTED_EDGE('',*,*,#8280,.T.);
#5505=ORIENTED_EDGE('',*,*,#8378,.T.);
#5506=ORIENTED_EDGE('',*,*,#8066,.F.);
#5507=CARTESIAN_POINT('',(7.49999970661743,4.39999999999993,10.5999999999999));
#5508=DIRECTION('',(1.46607561895284E-15,1.0,2.33146835171283E-15));
#5509=DIRECTION('',(-1.0,1.46607561895284E-15,1.15052781508094E-15));
#5510=SURFACE_STYLE_FILL_AREA(#8389);
#5511=ORIENTED_EDGE('',*,*,#8390,.F.);
#5512=ORIENTED_EDGE('',*,*,#8081,.T.);
#5513=ORIENTED_EDGE('',*,*,#8391,.F.);
#5514=CARTESIAN_POINT('',(19.5999997066174,-5.10702591327572E-14,0.999999999999887));
#5515=DIRECTION('',(-1.15052781508094E-15,2.33146835171283E-15,-1.0));
#5516=DIRECTION('',(1.0,-1.46607561895284E-15,-1.15052781508094E-15));
#5517=SURFACE_STYLE_FILL_AREA(#8392);
#5518=ORIENTED_EDGE('',*,*,#8393,.F.);
#5519=ORIENTED_EDGE('',*,*,#8264,.F.);
#5520=ORIENTED_EDGE('',*,*,#8394,.F.);
#5521=ORIENTED_EDGE('',*,*,#8395,.T.);
#5522=CARTESIAN_POINT('',(17.2249997066174,3.35,0.649999999999898));
#5523=DIRECTION('',(-1.0,1.13300871156529E-15,1.15052781508094E-15));
#5524=DIRECTION('',(-1.1330087115653E-15,-1.0,-2.33146835171283E-15));
#5525=SURFACE_STYLE_FILL_AREA(#8396);
#5526=ORIENTED_EDGE('',*,*,#8397,.T.);
#5527=ORIENTED_EDGE('',*,*,#8255,.T.);
#5528=ORIENTED_EDGE('',*,*,#8398,.F.);
#5529=ORIENTED_EDGE('',*,*,#8399,.F.);
#5530=ORIENTED_EDGE('',*,*,#8395,.F.);
#5531=ORIENTED_EDGE('',*,*,#8400,.F.);
#5532=CARTESIAN_POINT('',(17.2249997066174,2.64999999999999,0.649999999999896));
#5533=DIRECTION('',(-0.955285890691349,0.29568372807112,1.78846024270904E-15));
#5534=DIRECTION('',(1.15052781508094E-15,-2.33146835171283E-15,1.0));
#5535=SURFACE_STYLE_FILL_AREA(#8401);
#5536=ORIENTED_EDGE('',*,*,#8376,.F.);
#5537=ORIENTED_EDGE('',*,*,#8299,.F.);
#5538=ORIENTED_EDGE('',*,*,#8402,.F.);
#5539=ORIENTED_EDGE('',*,*,#8272,.T.);
#5540=CARTESIAN_POINT('',(17.7749997066174,2.64999999999999,0.649999999999895));
#5541=DIRECTION('',(1.0,-1.79914252634039E-15,-1.15052781508094E-15));
#5542=DIRECTION('',(-1.15052781508094E-15,2.33146835171283E-15,-1.0));
#5543=SURFACE_STYLE_FILL_AREA(#8403);
#5544=ORIENTED_EDGE('',*,*,#8253,.T.);
#5545=ORIENTED_EDGE('',*,*,#8232,.T.);
#5546=ORIENTED_EDGE('',*,*,#8056,.T.);
#5547=ORIENTED_EDGE('',*,*,#8303,.T.);
#5548=ORIENTED_EDGE('',*,*,#8267,.F.);
#5549=CARTESIAN_POINT('',(17.1499997066174,3.50000000000001,-4.6590024000001));
#5550=DIRECTION('',(-1.0,1.46607561895284E-15,1.15052781508094E-15));
#5551=DIRECTION('',(-1.46607561895284E-15,-1.0,-2.33146835171283E-15));
#5552=SURFACE_STYLE_FILL_AREA(#8404);
#5553=ORIENTED_EDGE('',*,*,#8082,.F.);
#5554=ORIENTED_EDGE('',*,*,#8390,.T.);
#5555=ORIENTED_EDGE('',*,*,#8242,.F.);
#5556=ORIENTED_EDGE('',*,*,#8235,.T.);
#5557=ORIENTED_EDGE('',*,*,#8381,.T.);
#5558=ORIENTED_EDGE('',*,*,#8405,.T.);
#5559=ORIENTED_EDGE('',*,*,#8406,.T.);
#5560=CARTESIAN_POINT('',(18.7249997066174,-5.01820807130571E-14,0.999999999999888));
#5561=DIRECTION('',(-0.488603368931842,-1.31789067633663E-15,0.872506015949721));
#5562=DIRECTION('',(-1.46607561895284E-15,-1.0,-2.33146835171283E-15));
#5563=SURFACE_STYLE_FILL_AREA(#8407);
#5564=ORIENTED_EDGE('',*,*,#8254,.F.);
#5565=ORIENTED_EDGE('',*,*,#8266,.T.);
#5566=ORIENTED_EDGE('',*,*,#8408,.F.);
#5567=ORIENTED_EDGE('',*,*,#8398,.T.);
#5568=CARTESIAN_POINT('',(17.1499997066174,3.5,-1.0199560870641E-13));
#5569=DIRECTION('',(1.0,-1.46607561895284E-15,-1.15052781508094E-15));
#5570=DIRECTION('',(-1.15052781508094E-15,2.33146835171283E-15,-1.0));
#5571=SURFACE_STYLE_FILL_AREA(#8409);
#5572=ORIENTED_EDGE('',*,*,#8408,.T.);
#5573=ORIENTED_EDGE('',*,*,#8265,.T.);
#5574=ORIENTED_EDGE('',*,*,#8393,.T.);
#5575=ORIENTED_EDGE('',*,*,#8399,.T.);
#5576=CARTESIAN_POINT('',(22.4999997066174,6.09999999999997,0.199999999999898));
#5577=DIRECTION('',(-1.15052781508094E-15,2.33146835171283E-15,-1.0));
#5578=DIRECTION('',(1.0,-1.46607561895284E-15,-1.15052781508094E-15));
#5579=SURFACE_STYLE_FILL_AREA(#8410);
#5580=ORIENTED_EDGE('',*,*,#8237,.F.);
#5581=ORIENTED_EDGE('',*,*,#8411,.F.);
#5582=ORIENTED_EDGE('',*,*,#8412,.F.);
#5583=ORIENTED_EDGE('',*,*,#8413,.F.);
#5584=CARTESIAN_POINT('',(16.8999997066174,4.5,-9.93765084009271E-14));
#5585=DIRECTION('',(1.46607561895284E-15,1.0,2.33146835171283E-15));
#5586=DIRECTION('',(-1.0,1.46607561895284E-15,1.15052781508094E-15));
#5587=SURFACE_STYLE_FILL_AREA(#8414);
#5588=ORIENTED_EDGE('',*,*,#8238,.T.);
#5589=ORIENTED_EDGE('',*,*,#8413,.T.);
#5590=ORIENTED_EDGE('',*,*,#8415,.T.);
#5591=ORIENTED_EDGE('',*,*,#8262,.F.);
#5592=CARTESIAN_POINT('',(17.1499997066174,3.50000000000001,-4.6590024000001));
#5593=DIRECTION('',(-1.0,1.46607561895284E-15,1.15052781508094E-15));
#5594=DIRECTION('',(-1.46607561895284E-15,-1.0,-2.33146835171283E-15));
#5595=SURFACE_STYLE_FILL_AREA(#8416);
#5596=ORIENTED_EDGE('',*,*,#8417,.F.);
#5597=ORIENTED_EDGE('',*,*,#8202,.T.);
#5598=ORIENTED_EDGE('',*,*,#8208,.T.);
#5599=ORIENTED_EDGE('',*,*,#8211,.T.);
#5600=ORIENTED_EDGE('',*,*,#8197,.T.);
#5601=ORIENTED_EDGE('',*,*,#8244,.T.);
#5602=CARTESIAN_POINT('',(19.5249997066174,-6.52811138479592E-14,7.09999999999989));
#5603=DIRECTION('',(1.0,-1.46607561895284E-15,-1.15052781508094E-15));
#5604=DIRECTION('',(-1.15052781508094E-15,2.33146835171283E-15,-1.0));
#5605=SURFACE_STYLE_FILL_AREA(#8418);
#5606=ORIENTED_EDGE('',*,*,#8412,.T.);
#5607=ORIENTED_EDGE('',*,*,#8419,.T.);
#5608=ORIENTED_EDGE('',*,*,#8400,.T.);
#5609=ORIENTED_EDGE('',*,*,#8394,.T.);
#5610=ORIENTED_EDGE('',*,*,#8263,.T.);
#5611=ORIENTED_EDGE('',*,*,#8415,.F.);
#5612=CARTESIAN_POINT('',(16.927678278046,2.42499999999997,0.649999999999896));
#5613=DIRECTION('',(1.15052781508094E-15,-2.33146835171283E-15,1.0));
#5614=DIRECTION('',(-1.46607561895284E-15,-1.0,-2.33146835171283E-15));
#5615=SURFACE_STYLE_FILL_AREA(#8420);
#5616=ORIENTED_EDGE('',*,*,#8256,.T.);
#5617=ORIENTED_EDGE('',*,*,#8397,.F.);
#5618=ORIENTED_EDGE('',*,*,#8421,.T.);
#5619=ORIENTED_EDGE('',*,*,#8072,.T.);
#5620=CARTESIAN_POINT('',(16.8999997066174,4.13230958664135,-1.00233766962901E-13));
#5621=DIRECTION('',(-1.0,1.46607561895284E-15,1.15052781508094E-15));
#5622=DIRECTION('',(-1.46607561895284E-15,-1.0,-2.33146835171283E-15));
#5623=SURFACE_STYLE_FILL_AREA(#8422);
#5624=ORIENTED_EDGE('',*,*,#8423,.F.);
#5625=ORIENTED_EDGE('',*,*,#8288,.F.);
#5626=ORIENTED_EDGE('',*,*,#8074,.T.);
#5627=CARTESIAN_POINT('',(19.5999997066174,-5.10702591327572E-14,0.999999999999887));
#5628=DIRECTION('',(-1.15052781508094E-15,2.33146835171283E-15,-1.0));
#5629=DIRECTION('',(1.0,-1.46607561895284E-15,-1.15052781508094E-15));
#5630=SURFACE_STYLE_FILL_AREA(#8424);
#5631=ORIENTED_EDGE('',*,*,#8073,.F.);
#5632=ORIENTED_EDGE('',*,*,#8421,.F.);
#5633=ORIENTED_EDGE('',*,*,#8419,.F.);
#5634=ORIENTED_EDGE('',*,*,#8411,.T.);
#5635=ORIENTED_EDGE('',*,*,#8236,.F.);
#5636=ORIENTED_EDGE('',*,*,#8359,.T.);
#5637=ORIENTED_EDGE('',*,*,#8423,.T.);
#5638=CARTESIAN_POINT('',(16.8999997066174,-4.66293670342566E-14,0.649999999999891));
#5639=DIRECTION('',(0.488603368931841,-2.75054964939502E-15,0.872506015949721));
#5640=DIRECTION('',(1.46607561895284E-15,1.0,2.33146835171283E-15));
#5641=SURFACE_STYLE_FILL_AREA(#8425);
#5642=ORIENTED_EDGE('',*,*,#8275,.F.);
#5643=ORIENTED_EDGE('',*,*,#8426,.T.);
#5644=ORIENTED_EDGE('',*,*,#8088,.T.);
#5645=ORIENTED_EDGE('',*,*,#8373,.F.);
#5646=CARTESIAN_POINT('',(16.0000021066174,6.49999999999993,12.1813739999999));
#5647=DIRECTION('',(-1.46607561895284E-15,-1.0,-2.33146835171283E-15));
#5648=DIRECTION('',(1.15052781508094E-15,-2.33146835171283E-15,1.0));
#5649=SURFACE_STYLE_FILL_AREA(#8427);
#5650=ORIENTED_EDGE('',*,*,#8428,.T.);
#5651=ORIENTED_EDGE('',*,*,#8079,.F.);
#5652=ORIENTED_EDGE('',*,*,#8429,.F.);
#5653=ORIENTED_EDGE('',*,*,#8203,.F.);
#5654=ORIENTED_EDGE('',*,*,#8417,.T.);
#5655=CARTESIAN_POINT('',(19.6523892886106,0.349999999999941,4.10238958199308));
#5656=DIRECTION('',(-0.939692620785909,-0.342020143325668,2.8373335802841E-16));
#5657=DIRECTION('',(-1.15052781508094E-15,2.33146835171283E-15,-1.0));
#5658=SURFACE_STYLE_FILL_AREA(#8430);
#5659=ORIENTED_EDGE('',*,*,#8428,.F.);
#5660=ORIENTED_EDGE('',*,*,#8243,.F.);
#5661=ORIENTED_EDGE('',*,*,#8391,.T.);
#5662=ORIENTED_EDGE('',*,*,#8080,.T.);
#5663=CARTESIAN_POINT('',(17.4725557155582,3.99999999999995,1.7999999999999));
#5664=DIRECTION('',(-0.342020143325668,0.939692620785909,2.58436729391458E-15));
#5665=DIRECTION('',(0.939692620785909,0.342020143325668,-2.83733358028409E-16));
#5666=SURFACE_STYLE_FILL_AREA(#8431);
#5667=ORIENTED_EDGE('',*,*,#8249,.T.);
#5668=ORIENTED_EDGE('',*,*,#8083,.T.);
#5669=ORIENTED_EDGE('',*,*,#8406,.F.);
#5670=ORIENTED_EDGE('',*,*,#8297,.F.);
#5671=CARTESIAN_POINT('',(18.0999997066174,4.65943699999995,-1.00385419459432E-13));
#5672=DIRECTION('',(1.0,-1.46607561895284E-15,-1.15052781508094E-15));
#5673=DIRECTION('',(-1.15052781508094E-15,2.33146835171283E-15,-1.0));
#5674=SURFACE_STYLE_FILL_AREA(#8432);
#5675=ORIENTED_EDGE('',*,*,#8227,.T.);
#5676=ORIENTED_EDGE('',*,*,#8281,.T.);
#5677=ORIENTED_EDGE('',*,*,#8388,.T.);
#5678=ORIENTED_EDGE('',*,*,#8065,.T.);
#5679=CARTESIAN_POINT('',(17.4999997066174,3.99999999999992,9.69999999999991));
#5680=DIRECTION('',(1.15052781508094E-15,-2.33146835171283E-15,1.0));
#5681=DIRECTION('',(-1.46607561895284E-15,-1.0,-2.33146835171283E-15));
#5682=SURFACE_STYLE_FILL_AREA(#8433);
#5683=ORIENTED_EDGE('',*,*,#8405,.F.);
#5684=ORIENTED_EDGE('',*,*,#8380,.T.);
#5685=ORIENTED_EDGE('',*,*,#8293,.F.);
#5686=ORIENTED_EDGE('',*,*,#8260,.T.);
#5687=ORIENTED_EDGE('',*,*,#8402,.T.);
#5688=ORIENTED_EDGE('',*,*,#8298,.T.);
#5689=CARTESIAN_POINT('',(16.927678278046,2.42499999999997,0.649999999999896));
#5690=DIRECTION('',(1.15052781508094E-15,-2.33146835171283E-15,1.0));
#5691=DIRECTION('',(-1.46607561895284E-15,-1.0,-2.33146835171283E-15));
#5692=SURFACE_STYLE_FILL_AREA(#8434);
#5693=ORIENTED_EDGE('',*,*,#8219,.F.);
#5694=ORIENTED_EDGE('',*,*,#8204,.T.);
#5695=ORIENTED_EDGE('',*,*,#8429,.T.);
#5696=ORIENTED_EDGE('',*,*,#8078,.T.);
#5697=CARTESIAN_POINT('',(18.1642712676675,3.99999999999994,5.58927156105008));
#5698=DIRECTION('',(0.323615577118184,-0.889126490715989,0.323615577118183));
#5699=DIRECTION('',(1.59754011886284E-15,0.342020143325667,0.939692620785909));
#5700=SURFACE_STYLE_FILL_AREA(#8435);
#5701=ORIENTED_EDGE('',*,*,#8246,.T.);
#5702=ORIENTED_EDGE('',*,*,#8070,.F.);
#5703=ORIENTED_EDGE('',*,*,#8222,.T.);
#5704=ORIENTED_EDGE('',*,*,#8383,.T.);
#5705=ORIENTED_EDGE('',*,*,#8089,.F.);
#5706=ORIENTED_EDGE('',*,*,#8426,.F.);
#5707=ORIENTED_EDGE('',*,*,#8274,.T.);
#5708=ORIENTED_EDGE('',*,*,#8284,.F.);
#5709=CARTESIAN_POINT('',(14.9999997066174,3.99999999999996,-9.83562397281298E-14));
#5710=DIRECTION('',(1.0,-1.46607561895284E-15,-1.15052781508094E-15));
#5711=DIRECTION('',(-1.15052781508094E-15,2.33146835171283E-15,-1.0));
#5712=SURFACE_STYLE_FILL_AREA(#8436);
#5713=ORIENTED_EDGE('',*,*,#8437,.F.);
#5714=ORIENTED_EDGE('',*,*,#8438,.T.);
#5715=ORIENTED_EDGE('',*,*,#8439,.F.);
#5716=ORIENTED_EDGE('',*,*,#8440,.F.);
#5717=ORIENTED_EDGE('',*,*,#8441,.F.);
#5718=ORIENTED_EDGE('',*,*,#8442,.F.);
#5719=ORIENTED_EDGE('',*,*,#8443,.T.);
#5720=ORIENTED_EDGE('',*,*,#8444,.F.);
#5721=CARTESIAN_POINT('',(7.49999822821026,3.99999999999993,11.5));
#5722=DIRECTION('',(-3.46845168824059E-16,1.52655665885959E-16,-1.0));
#5723=DIRECTION('',(0.866025403784439,0.5,-2.24048894438558E-16));
#5724=SURFACE_STYLE_FILL_AREA(#8445);
#5725=ORIENTED_EDGE('',*,*,#8446,.F.);
#5726=ORIENTED_EDGE('',*,*,#8447,.F.);
#5727=ORIENTED_EDGE('',*,*,#8448,.F.);
#5728=ORIENTED_EDGE('',*,*,#8449,.F.);
#5729=CARTESIAN_POINT('',(14.814681238993,3.99999999999997,-3.10000000000005));
#5730=DIRECTION('',(1.0,-1.22464592890134E-16,-4.08077508781427E-16));
#5731=DIRECTION('',(4.08077508781427E-16,-1.52655665885959E-16,1.0));
#5732=SURFACE_STYLE_FILL_AREA(#8450);
#5733=ORIENTED_EDGE('',*,*,#8451,.F.);
#5734=ORIENTED_EDGE('',*,*,#8452,.F.);
#5735=ORIENTED_EDGE('',*,*,#8453,.T.);
#5736=CARTESIAN_POINT('',(7.49999822821026,3.99999999999993,6.74999999999995));
#5737=DIRECTION('',(-3.46845168824059E-16,1.52655665885959E-16,-1.0));
#5738=DIRECTION('',(1.0,-1.22464592890134E-16,-3.46845168824059E-16));
#5739=SURFACE_STYLE_FILL_AREA(#8454);
#5740=ORIENTED_EDGE('',*,*,#8455,.F.);
#5741=ORIENTED_EDGE('',*,*,#8456,.T.);
#5742=ORIENTED_EDGE('',*,*,#8457,.T.);
#5743=ORIENTED_EDGE('',*,*,#8458,.F.);
#5744=ORIENTED_EDGE('',*,*,#8459,.T.);
#5745=ORIENTED_EDGE('',*,*,#8460,.F.);
#5746=ORIENTED_EDGE('',*,*,#8461,.F.);
#5747=ORIENTED_EDGE('',*,*,#8462,.F.);
#5748=ORIENTED_EDGE('',*,*,#8463,.T.);
#5749=ORIENTED_EDGE('',*,*,#8464,.F.);
#5750=ORIENTED_EDGE('',*,*,#8465,.T.);
#5751=ORIENTED_EDGE('',*,*,#8466,.F.);
#5752=ORIENTED_EDGE('',*,*,#8467,.F.);
#5753=ORIENTED_EDGE('',*,*,#8468,.T.);
#5754=ORIENTED_EDGE('',*,*,#8469,.F.);
#5755=ORIENTED_EDGE('',*,*,#8470,.T.);
#5756=ORIENTED_EDGE('',*,*,#8471,.F.);
#5757=CARTESIAN_POINT('',(9.99999822821026,-7.105427357601E-14,-4.91818839000008E-14));
#5758=DIRECTION('',(-1.22464592890134E-16,-1.0,-1.52655665885959E-16));
#5759=DIRECTION('',(3.46845168824059E-16,-1.52655665885959E-16,1.0));
#5760=SURFACE_STYLE_FILL_AREA(#8472);
#5761=ORIENTED_EDGE('',*,*,#8438,.F.);
#5762=ORIENTED_EDGE('',*,*,#8473,.F.);
#5763=ORIENTED_EDGE('',*,*,#8474,.F.);
#5764=ORIENTED_EDGE('',*,*,#8475,.T.);
#5765=ORIENTED_EDGE('',*,*,#8476,.T.);
#5766=ORIENTED_EDGE('',*,*,#8477,.F.);
#5767=CARTESIAN_POINT('',(4.99999822821026,1.3080386689394,11.5));
#5768=DIRECTION('',(3.46845168824059E-16,-1.52655665885959E-16,1.0));
#5769=DIRECTION('',(-1.22464592890134E-16,-1.0,-1.52655665885959E-16));
#5770=SURFACE_STYLE_FILL_AREA(#8478);
#5771=ORIENTED_EDGE('',*,*,#8479,.F.);
#5772=ORIENTED_EDGE('',*,*,#8455,.T.);
#5773=ORIENTED_EDGE('',*,*,#8480,.T.);
#5774=ORIENTED_EDGE('',*,*,#8481,.F.);
#5775=CARTESIAN_POINT('',(4.99999822821026,-7.19424519957101E-14,7.99999999999995));
#5776=DIRECTION('',(3.46845168824059E-16,-1.52655665885959E-16,1.0));
#5777=DIRECTION('',(-1.22464592890134E-16,-1.0,-1.52655665885959E-16));
#5778=SURFACE_STYLE_FILL_AREA(#8482);
#5779=ORIENTED_EDGE('',*,*,#8483,.F.);
#5780=ORIENTED_EDGE('',*,*,#8484,.F.);
#5781=ORIENTED_EDGE('',*,*,#8485,.T.);
#5782=ORIENTED_EDGE('',*,*,#8470,.F.);
#5783=ORIENTED_EDGE('',*,*,#8486,.F.);
#5784=ORIENTED_EDGE('',*,*,#8487,.F.);
#5785=ORIENTED_EDGE('',*,*,#8488,.T.);
#5786=ORIENTED_EDGE('',*,*,#8489,.F.);
#5787=ORIENTED_EDGE('',*,*,#8490,.T.);
#5788=ORIENTED_EDGE('',*,*,#8491,.F.);
#5789=ORIENTED_EDGE('',*,*,#8492,.T.);
#5790=ORIENTED_EDGE('',*,*,#8493,.F.);
#5791=ORIENTED_EDGE('',*,*,#8494,.F.);
#5792=ORIENTED_EDGE('',*,*,#8457,.F.);
#5793=CARTESIAN_POINT('',(-1.77178974079849E-06,8.99999999999993,-4.43395312187866E-14));
#5794=DIRECTION('',(-3.46845168824059E-16,1.52655665885959E-16,-1.0));
#5795=DIRECTION('',(1.0,-1.22464592890134E-16,-3.46845168824059E-16));
#5796=SURFACE_STYLE_FILL_AREA(#8495);
#5797=ORIENTED_EDGE('',*,*,#8496,.F.);
#5798=ORIENTED_EDGE('',*,*,#8497,.T.);
#5799=ORIENTED_EDGE('',*,*,#8498,.T.);
#5800=ORIENTED_EDGE('',*,*,#8499,.F.);
#5801=CARTESIAN_POINT('',(9.99999822821026,-7.19424519957101E-14,7.99999999999995));
#5802=DIRECTION('',(3.46845168824059E-16,-1.52655665885959E-16,1.0));
#5803=DIRECTION('',(-1.22464592890134E-16,-1.0,-1.52655665885959E-16));
#5804=SURFACE_STYLE_FILL_AREA(#8500);
#5805=ORIENTED_EDGE('',*,*,#8484,.T.);
#5806=ORIENTED_EDGE('',*,*,#8501,.T.);
#5807=ORIENTED_EDGE('',*,*,#8499,.T.);
#5808=ORIENTED_EDGE('',*,*,#8502,.F.);
#5809=CARTESIAN_POINT('',(16.0000006282103,7.49999999999993,7.99999999999995));
#5810=DIRECTION('',(-1.22464592890134E-16,-1.0,-1.52655665885959E-16));
#5811=DIRECTION('',(3.46845168824059E-16,-1.52655665885959E-16,1.0));
#5812=SURFACE_STYLE_FILL_AREA(#8503);
#5813=ORIENTED_EDGE('',*,*,#8504,.F.);
#5814=ORIENTED_EDGE('',*,*,#8481,.T.);
#5815=ORIENTED_EDGE('',*,*,#8505,.T.);
#5816=ORIENTED_EDGE('',*,*,#8476,.F.);
#5817=CARTESIAN_POINT('',(9.99999822821026,0.499999999999927,7.99999999999995));
#5818=DIRECTION('',(-4.13026468872094E-17,-0.974370064785235,0.224951054343865));
#5819=DIRECTION('',(1.0,-1.22464592890134E-16,-3.46845168824059E-16));
#5820=SURFACE_STYLE_FILL_AREA(#8506);
#5821=ORIENTED_EDGE('',*,*,#8497,.F.);
#5822=ORIENTED_EDGE('',*,*,#8507,.T.);
#5823=ORIENTED_EDGE('',*,*,#8474,.T.);
#5824=ORIENTED_EDGE('',*,*,#8508,.F.);
#5825=CARTESIAN_POINT('',(16.0000006282103,6.49999999999993,12.181374));
#5826=DIRECTION('',(-1.22464592890134E-16,-1.0,-1.52655665885959E-16));
#5827=DIRECTION('',(3.46845168824059E-16,-1.52655665885959E-16,1.0));
#5828=SURFACE_STYLE_FILL_AREA(#8509);
#5829=ORIENTED_EDGE('',*,*,#8451,.T.);
#5830=ORIENTED_EDGE('',*,*,#8510,.T.);
#5831=ORIENTED_EDGE('',*,*,#8511,.F.);
#5832=CARTESIAN_POINT('',(7.49999822821026,3.99999999999993,6.74999999999995));
#5833=DIRECTION('',(-3.46845168824059E-16,1.52655665885959E-16,-1.0));
#5834=DIRECTION('',(1.0,-1.22464592890134E-16,-3.46845168824059E-16));
#5835=SURFACE_STYLE_FILL_AREA(#8512);
#5836=ORIENTED_EDGE('',*,*,#8513,.T.);
#5837=ORIENTED_EDGE('',*,*,#8514,.F.);
#5838=ORIENTED_EDGE('',*,*,#8515,.T.);
#5839=ORIENTED_EDGE('',*,*,#8452,.T.);
#5840=ORIENTED_EDGE('',*,*,#8511,.T.);
#5841=ORIENTED_EDGE('',*,*,#8516,.T.);
#5842=ORIENTED_EDGE('',*,*,#8517,.F.);
#5843=CARTESIAN_POINT('',(9.35499822821026,2.29999999999995,6.04999999999995));
#5844=DIRECTION('',(4.69309848738794E-16,-1.52655665885959E-16,1.0));
#5845=DIRECTION('',(1.0,-1.22464592890134E-16,-4.69309848738794E-16));
#5846=SURFACE_STYLE_FILL_AREA(#8518);
#5847=ORIENTED_EDGE('',*,*,#8519,.F.);
#5848=ORIENTED_EDGE('',*,*,#8514,.T.);
#5849=ORIENTED_EDGE('',*,*,#8520,.F.);
#5850=CARTESIAN_POINT('',(5.99999822821026,6.49999999999993,0.389997599999954));
#5851=DIRECTION('',(-1.22464592890134E-16,-1.0,-1.52655665885959E-16));
#5852=DIRECTION('',(3.46845168824059E-16,-1.52655665885959E-16,1.0));
#5853=SURFACE_STYLE_FILL_AREA(#8521);
#5854=ORIENTED_EDGE('',*,*,#8522,.T.);
#5855=ORIENTED_EDGE('',*,*,#8523,.F.);
#5856=ORIENTED_EDGE('',*,*,#8524,.F.);
#5857=ORIENTED_EDGE('',*,*,#8525,.F.);
#5858=ORIENTED_EDGE('',*,*,#8526,.F.);
#5859=ORIENTED_EDGE('',*,*,#8527,.T.);
#5860=ORIENTED_EDGE('',*,*,#8528,.F.);
#5861=ORIENTED_EDGE('',*,*,#8529,.F.);
#5862=CARTESIAN_POINT('',(6.17499822821026,3.99999999999996,3.52499999999997));
#5863=DIRECTION('',(1.0,-1.22464592890134E-16,-3.46845168824059E-16));
#5864=DIRECTION('',(-3.46845168824059E-16,1.52655665885959E-16,-1.0));
#5865=SURFACE_STYLE_FILL_AREA(#8530);
#5866=ORIENTED_EDGE('',*,*,#8531,.T.);
#5867=ORIENTED_EDGE('',*,*,#8532,.F.);
#5868=ORIENTED_EDGE('',*,*,#8533,.F.);
#5869=ORIENTED_EDGE('',*,*,#8529,.T.);
#5870=CARTESIAN_POINT('',(6.27499822821026,1.74999999999991,1.79999999999995));
#5871=DIRECTION('',(1.22464592890134E-16,1.0,1.52655665885959E-16));
#5872=DIRECTION('',(4.08077508781427E-16,-1.52655665885959E-16,1.0));
#5873=SURFACE_STYLE_FILL_AREA(#8534);
#5874=ORIENTED_EDGE('',*,*,#8535,.T.);
#5875=ORIENTED_EDGE('',*,*,#8536,.T.);
#5876=ORIENTED_EDGE('',*,*,#8537,.F.);
#5877=ORIENTED_EDGE('',*,*,#8538,.T.);
#5878=ORIENTED_EDGE('',*,*,#8539,.F.);
#5879=ORIENTED_EDGE('',*,*,#8540,.F.);
#5880=ORIENTED_EDGE('',*,*,#8541,.F.);
#5881=ORIENTED_EDGE('',*,*,#8542,.F.);
#5882=ORIENTED_EDGE('',*,*,#8543,.F.);
#5883=ORIENTED_EDGE('',*,*,#8544,.T.);
#5884=ORIENTED_EDGE('',*,*,#8545,.F.);
#5885=ORIENTED_EDGE('',*,*,#8546,.T.);
#5886=ORIENTED_EDGE('',*,*,#8547,.T.);
#5887=ORIENTED_EDGE('',*,*,#8548,.T.);
#5888=ORIENTED_EDGE('',*,*,#8549,.F.);
#5889=ORIENTED_EDGE('',*,*,#8550,.T.);
#5890=CARTESIAN_POINT('',(6.39999822821026,2.29999999999995,3.11463804893727));
#5891=DIRECTION('',(1.0,-1.22464592890134E-16,-3.46845168824059E-16));
#5892=DIRECTION('',(-3.46845168824059E-16,1.52655665885959E-16,-1.0));
#5893=SURFACE_STYLE_FILL_AREA(#8551);
#5894=ORIENTED_EDGE('',*,*,#8552,.T.);
#5895=ORIENTED_EDGE('',*,*,#8538,.F.);
#5896=ORIENTED_EDGE('',*,*,#8553,.F.);
#5897=ORIENTED_EDGE('',*,*,#8554,.F.);
#5898=CARTESIAN_POINT('',(9.52499822821026,1.61513871421425,5.20230966992982));
#5899=DIRECTION('',(-3.38707049636213E-16,-0.674306428928574,-0.738451650350647));
#5900=DIRECTION('',(1.0,-1.22464592890134E-16,-3.46845168824059E-16));
#5901=SURFACE_STYLE_FILL_AREA(#8555);
#5902=ORIENTED_EDGE('',*,*,#8556,.T.);
#5903=ORIENTED_EDGE('',*,*,#8536,.F.);
#5904=ORIENTED_EDGE('',*,*,#8557,.F.);
#5905=ORIENTED_EDGE('',*,*,#8558,.F.);
#5906=CARTESIAN_POINT('',(9.52499822821026,4.53961879067508,3.57286583915197));
#5907=DIRECTION('',(-2.17889584922236E-16,0.562485284140957,-0.826807296245544));
#5908=DIRECTION('',(2.96349922272222E-16,0.826807296245544,0.562485284140957));
#5909=SURFACE_STYLE_FILL_AREA(#8559);
#5910=ORIENTED_EDGE('',*,*,#8553,.T.);
#5911=ORIENTED_EDGE('',*,*,#8537,.T.);
#5912=ORIENTED_EDGE('',*,*,#8556,.F.);
#5913=ORIENTED_EDGE('',*,*,#8560,.F.);
#5914=CARTESIAN_POINT('',(9.52499822821026,3.97713350653413,4.39967313539751));
#5915=DIRECTION('',(-1.0,1.22464592890134E-16,3.46845168824059E-16));
#5916=DIRECTION('',(1.22464592890134E-16,1.0,1.52655665885959E-16));
#5917=SURFACE_STYLE_FILL_AREA(#8561);
#5918=ORIENTED_EDGE('',*,*,#8562,.T.);
#5919=ORIENTED_EDGE('',*,*,#8563,.F.);
#5920=ORIENTED_EDGE('',*,*,#8564,.T.);
#5921=ORIENTED_EDGE('',*,*,#8565,.F.);
#5922=CARTESIAN_POINT('',(4.99999822821026,6.79999999999993,3.99999999999995));
#5923=DIRECTION('',(1.22464592890134E-16,1.0,1.52655665885959E-16));
#5924=DIRECTION('',(-1.0,1.22464592890134E-16,3.46845168824059E-16));
#5925=SURFACE_STYLE_FILL_AREA(#8566);
#5926=ORIENTED_EDGE('',*,*,#8567,.T.);
#5927=ORIENTED_EDGE('',*,*,#8568,.F.);
#5928=ORIENTED_EDGE('',*,*,#8569,.T.);
#5929=ORIENTED_EDGE('',*,*,#8564,.F.);
#5930=CARTESIAN_POINT('',(5.99999822821026,6.49999999999995,1.64999999999995));
#5931=DIRECTION('',(3.46845168824059E-16,-1.52655665885959E-16,1.0));
#5932=DIRECTION('',(-1.22464592890134E-16,-1.0,-1.52655665885959E-16));
#5933=SURFACE_STYLE_FILL_AREA(#8570);
#5934=ORIENTED_EDGE('',*,*,#8567,.F.);
#5935=ORIENTED_EDGE('',*,*,#8563,.T.);
#5936=ORIENTED_EDGE('',*,*,#8571,.F.);
#5937=ORIENTED_EDGE('',*,*,#8572,.T.);
#5938=CARTESIAN_POINT('',(5.99999822821026,8.79999999999993,0.389997599999955));
#5939=DIRECTION('',(1.0,-1.22464592890134E-16,-3.46845168824059E-16));
#5940=DIRECTION('',(-3.46845168824059E-16,1.52655665885959E-16,-1.0));
#5941=SURFACE_STYLE_FILL_AREA(#8573);
#5942=ORIENTED_EDGE('',*,*,#8571,.T.);
#5943=ORIENTED_EDGE('',*,*,#8562,.F.);
#5944=ORIENTED_EDGE('',*,*,#8574,.T.);
#5945=ORIENTED_EDGE('',*,*,#8575,.F.);
#5946=CARTESIAN_POINT('',(5.99999822821026,6.79999999999993,5.59999999999995));
#5947=DIRECTION('',(-3.46845168824059E-16,1.52655665885959E-16,-1.0));
#5948=DIRECTION('',(1.0,-1.22464592890134E-16,-3.46845168824059E-16));
#5949=SURFACE_STYLE_FILL_AREA(#8576);
#5950=ORIENTED_EDGE('',*,*,#8577,.T.);
#5951=ORIENTED_EDGE('',*,*,#8578,.F.);
#5952=ORIENTED_EDGE('',*,*,#8579,.T.);
#5953=ORIENTED_EDGE('',*,*,#8580,.T.);
#5954=ORIENTED_EDGE('',*,*,#8581,.F.);
#5955=ORIENTED_EDGE('',*,*,#8557,.T.);
#5956=ORIENTED_EDGE('',*,*,#8535,.F.);
#5957=ORIENTED_EDGE('',*,*,#8582,.T.);
#5958=ORIENTED_EDGE('',*,*,#8583,.F.);
#5959=ORIENTED_EDGE('',*,*,#8522,.F.);
#5960=ORIENTED_EDGE('',*,*,#8533,.T.);
#5961=ORIENTED_EDGE('',*,*,#8568,.T.);
#5962=ORIENTED_EDGE('',*,*,#8572,.F.);
#5963=ORIENTED_EDGE('',*,*,#8575,.T.);
#5964=ORIENTED_EDGE('',*,*,#8584,.F.);
#5965=CARTESIAN_POINT('',(10.1865838431751,6.49999999999995,-2.0543362781156));
#5966=DIRECTION('',(-1.22464592890134E-16,-1.0,-1.52655665885959E-16));
#5967=DIRECTION('',(3.46845168824059E-16,-1.52655665885959E-16,1.0));
#5968=SURFACE_STYLE_FILL_AREA(#8585);
#5969=ORIENTED_EDGE('',*,*,#8577,.F.);
#5970=ORIENTED_EDGE('',*,*,#8532,.T.);
#5971=ORIENTED_EDGE('',*,*,#8586,.T.);
#5972=ORIENTED_EDGE('',*,*,#8587,.T.);
#5973=CARTESIAN_POINT('',(-1.17500177178974,6.49999999999995,1.69999999999996));
#5974=DIRECTION('',(3.46845168824059E-16,-1.52655665885959E-16,1.0));
#5975=DIRECTION('',(-1.22464592890134E-16,-1.0,-1.52655665885959E-16));
#5976=SURFACE_STYLE_FILL_AREA(#8588);
#5977=ORIENTED_EDGE('',*,*,#8586,.F.);
#5978=ORIENTED_EDGE('',*,*,#8531,.F.);
#5979=ORIENTED_EDGE('',*,*,#8528,.T.);
#5980=ORIENTED_EDGE('',*,*,#8589,.F.);
#5981=ORIENTED_EDGE('',*,*,#8590,.F.);
#5982=ORIENTED_EDGE('',*,*,#8591,.T.);
#5983=ORIENTED_EDGE('',*,*,#8592,.T.);
#5984=ORIENTED_EDGE('',*,*,#8593,.T.);
#5985=ORIENTED_EDGE('',*,*,#8594,.F.);
#5986=ORIENTED_EDGE('',*,*,#8595,.F.);
#5987=ORIENTED_EDGE('',*,*,#8596,.F.);
#5988=ORIENTED_EDGE('',*,*,#8597,.F.);
#5989=ORIENTED_EDGE('',*,*,#8598,.F.);
#5990=ORIENTED_EDGE('',*,*,#8599,.T.);
#5991=ORIENTED_EDGE('',*,*,#8600,.T.);
#5992=ORIENTED_EDGE('',*,*,#8601,.T.);
#5993=CARTESIAN_POINT('',(22.2074319021438,1.49999999999995,7.61158561496476));
#5994=DIRECTION('',(-1.22464592890134E-16,-1.0,-1.52655665885959E-16));
#5995=DIRECTION('',(3.46845168824059E-16,-1.52655665885959E-16,1.0));
#5996=SURFACE_STYLE_FILL_AREA(#8602);
#5997=ORIENTED_EDGE('',*,*,#8603,.F.);
#5998=ORIENTED_EDGE('',*,*,#8604,.F.);
#5999=ORIENTED_EDGE('',*,*,#8605,.F.);
#6000=ORIENTED_EDGE('',*,*,#8606,.T.);
#6001=CARTESIAN_POINT('',(7.22499822821026,3.34999999999997,0.649999999999952));
#6002=DIRECTION('',(-1.0,-2.10602314497413E-16,3.46845168824059E-16));
#6003=DIRECTION('',(2.10602314497413E-16,-1.0,-1.52655665885959E-16));
#6004=SURFACE_STYLE_FILL_AREA(#8607);
#6005=ORIENTED_EDGE('',*,*,#8608,.T.);
#6006=ORIENTED_EDGE('',*,*,#8493,.T.);
#6007=ORIENTED_EDGE('',*,*,#8609,.F.);
#6008=ORIENTED_EDGE('',*,*,#8610,.F.);
#6009=ORIENTED_EDGE('',*,*,#8606,.F.);
#6010=ORIENTED_EDGE('',*,*,#8611,.F.);
#6011=CARTESIAN_POINT('',(7.22499822821026,2.64999999999997,0.649999999999952));
#6012=DIRECTION('',(-0.955285890691349,0.295683728071119,3.76474092432422E-16));
#6013=DIRECTION('',(3.46845168824059E-16,-1.52655665885959E-16,1.0));
#6014=SURFACE_STYLE_FILL_AREA(#8612);
#6015=ORIENTED_EDGE('',*,*,#8446,.T.);
#6016=ORIENTED_EDGE('',*,*,#8613,.F.);
#6017=ORIENTED_EDGE('',*,*,#8614,.T.);
#6018=ORIENTED_EDGE('',*,*,#8615,.F.);
#6019=CARTESIAN_POINT('',(14.814681238993,3.99999999999997,-3.10000000000005));
#6020=DIRECTION('',(1.0,-1.22464592890134E-16,-4.08077508781427E-16));
#6021=DIRECTION('',(4.08077508781427E-16,-1.52655665885959E-16,1.0));
#6022=SURFACE_STYLE_FILL_AREA(#8616);
#6023=ORIENTED_EDGE('',*,*,#8491,.T.);
#6024=ORIENTED_EDGE('',*,*,#8617,.T.);
#6025=ORIENTED_EDGE('',*,*,#8447,.T.);
#6026=ORIENTED_EDGE('',*,*,#8615,.T.);
#6027=ORIENTED_EDGE('',*,*,#8618,.F.);
#6028=CARTESIAN_POINT('',(7.14999822821026,3.49999999999997,-4.65900240000005));
#6029=DIRECTION('',(-1.0,1.22464592890134E-16,3.46845168824059E-16));
#6030=DIRECTION('',(-1.22464592890134E-16,-1.0,-1.52655665885959E-16));
#6031=SURFACE_STYLE_FILL_AREA(#8619);
#6032=ORIENTED_EDGE('',*,*,#8490,.F.);
#6033=ORIENTED_EDGE('',*,*,#8620,.F.);
#6034=ORIENTED_EDGE('',*,*,#8448,.T.);
#6035=ORIENTED_EDGE('',*,*,#8617,.F.);
#6036=CARTESIAN_POINT('',(7.14999822821026,4.49999999999997,-4.65900240000005));
#6037=DIRECTION('',(1.22464592890134E-16,1.0,1.52655665885959E-16));
#6038=DIRECTION('',(-1.0,1.22464592890134E-16,3.46845168824059E-16));
#6039=SURFACE_STYLE_FILL_AREA(#8621);
#6040=ORIENTED_EDGE('',*,*,#8622,.F.);
#6041=ORIENTED_EDGE('',*,*,#8441,.T.);
#6042=ORIENTED_EDGE('',*,*,#8623,.T.);
#6043=ORIENTED_EDGE('',*,*,#8624,.F.);
#6044=CARTESIAN_POINT('',(-2.50000177178974,3.59999999999993,10.6));
#6045=DIRECTION('',(-1.22464592890134E-16,-1.0,-1.52655665885959E-16));
#6046=DIRECTION('',(3.46845168824059E-16,-1.52655665885959E-16,1.0));
#6047=SURFACE_STYLE_FILL_AREA(#8625);
#6048=ORIENTED_EDGE('',*,*,#8623,.F.);
#6049=ORIENTED_EDGE('',*,*,#8440,.T.);
#6050=ORIENTED_EDGE('',*,*,#8626,.T.);
#6051=CARTESIAN_POINT('',(7.49999822821026,3.99999999999992,10.6));
#6052=DIRECTION('',(3.46845168824059E-16,-1.52655665885959E-16,1.0));
#6053=DIRECTION('',(-1.22464592890134E-16,-1.0,-1.52655665885959E-16));
#6054=SURFACE_STYLE_FILL_AREA(#8627);
#6055=ORIENTED_EDGE('',*,*,#8442,.T.);
#6056=ORIENTED_EDGE('',*,*,#8622,.T.);
#6057=ORIENTED_EDGE('',*,*,#8628,.T.);
#6058=ORIENTED_EDGE('',*,*,#8629,.T.);
#6059=CARTESIAN_POINT('',(7.49999822821026,3.99999999999992,9.69999999999996));
#6060=DIRECTION('',(3.46845168824059E-16,-1.52655665885959E-16,1.0));
#6061=DIRECTION('',(-1.22464592890134E-16,-1.0,-1.52655665885959E-16));
#6062=SURFACE_STYLE_FILL_AREA(#8630);
#6063=ORIENTED_EDGE('',*,*,#8443,.F.);
#6064=ORIENTED_EDGE('',*,*,#8629,.F.);
#6065=ORIENTED_EDGE('',*,*,#8631,.T.);
#6066=ORIENTED_EDGE('',*,*,#8632,.T.);
#6067=CARTESIAN_POINT('',(-2.50000177178974,4.39999999999991,10.6));
#6068=DIRECTION('',(1.22464592890134E-16,1.0,1.52655665885959E-16));
#6069=DIRECTION('',(-1.0,1.22464592890134E-16,3.46845168824059E-16));
#6070=SURFACE_STYLE_FILL_AREA(#8633);
#6071=ORIENTED_EDGE('',*,*,#8634,.T.);
#6072=ORIENTED_EDGE('',*,*,#8444,.T.);
#6073=ORIENTED_EDGE('',*,*,#8632,.F.);
#6074=CARTESIAN_POINT('',(7.49999822821026,3.99999999999992,10.6));
#6075=DIRECTION('',(3.46845168824059E-16,-1.52655665885959E-16,1.0));
#6076=DIRECTION('',(-1.22464592890134E-16,-1.0,-1.52655665885959E-16));
#6077=SURFACE_STYLE_FILL_AREA(#8635);
#6078=ORIENTED_EDGE('',*,*,#8437,.T.);
#6079=ORIENTED_EDGE('',*,*,#8634,.F.);
#6080=ORIENTED_EDGE('',*,*,#8631,.F.);
#6081=ORIENTED_EDGE('',*,*,#8628,.F.);
#6082=ORIENTED_EDGE('',*,*,#8624,.T.);
#6083=ORIENTED_EDGE('',*,*,#8626,.F.);
#6084=ORIENTED_EDGE('',*,*,#8439,.T.);
#6085=ORIENTED_EDGE('',*,*,#8473,.T.);
#6086=CARTESIAN_POINT('',(7.49999822821026,3.99999999999993,11.5));
#6087=DIRECTION('',(-3.46845168824059E-16,1.52655665885959E-16,-1.0));
#6088=DIRECTION('',(0.866025403784439,0.5,-2.24048894438558E-16));
#6089=SURFACE_STYLE_FILL_AREA(#8636);
#6090=ORIENTED_EDGE('',*,*,#8492,.F.);
#6091=ORIENTED_EDGE('',*,*,#8637,.T.);
#6092=ORIENTED_EDGE('',*,*,#8638,.F.);
#6093=ORIENTED_EDGE('',*,*,#8609,.T.);
#6094=CARTESIAN_POINT('',(7.14999822821026,3.49999999999997,-4.76590803382514E-14));
#6095=DIRECTION('',(1.0,-1.22464592890134E-16,-3.46845168824059E-16));
#6096=DIRECTION('',(-3.46845168824059E-16,1.52655665885959E-16,-1.0));
#6097=SURFACE_STYLE_FILL_AREA(#8639);
#6098=ORIENTED_EDGE('',*,*,#8638,.T.);
#6099=ORIENTED_EDGE('',*,*,#8640,.T.);
#6100=ORIENTED_EDGE('',*,*,#8603,.T.);
#6101=ORIENTED_EDGE('',*,*,#8610,.T.);
#6102=CARTESIAN_POINT('',(12.4999982282103,6.09999999999995,0.199999999999951));
#6103=DIRECTION('',(-3.46845168824059E-16,1.52655665885959E-16,-1.0));
#6104=DIRECTION('',(1.0,-1.22464592890134E-16,-3.46845168824059E-16));
#6105=SURFACE_STYLE_FILL_AREA(#8641);
#6106=ORIENTED_EDGE('',*,*,#8642,.F.);
#6107=ORIENTED_EDGE('',*,*,#8643,.F.);
#6108=ORIENTED_EDGE('',*,*,#8644,.F.);
#6109=ORIENTED_EDGE('',*,*,#8645,.F.);
#6110=CARTESIAN_POINT('',(6.89999822821026,4.49999999999997,-4.74197133801594E-14));
#6111=DIRECTION('',(1.22464592890134E-16,1.0,1.52655665885959E-16));
#6112=DIRECTION('',(-1.0,1.22464592890134E-16,3.46845168824059E-16));
#6113=SURFACE_STYLE_FILL_AREA(#8646);
#6114=ORIENTED_EDGE('',*,*,#8647,.T.);
#6115=ORIENTED_EDGE('',*,*,#8645,.T.);
#6116=ORIENTED_EDGE('',*,*,#8648,.T.);
#6117=ORIENTED_EDGE('',*,*,#8649,.F.);
#6118=CARTESIAN_POINT('',(7.14999822821026,3.49999999999997,-4.65900240000005));
#6119=DIRECTION('',(-1.0,1.22464592890134E-16,3.46845168824059E-16));
#6120=DIRECTION('',(-1.22464592890134E-16,-1.0,-1.52655665885959E-16));
#6121=SURFACE_STYLE_FILL_AREA(#8650);
#6122=ORIENTED_EDGE('',*,*,#8651,.T.);
#6123=ORIENTED_EDGE('',*,*,#8649,.T.);
#6124=ORIENTED_EDGE('',*,*,#8652,.F.);
#6125=ORIENTED_EDGE('',*,*,#8604,.T.);
#6126=ORIENTED_EDGE('',*,*,#8640,.F.);
#6127=ORIENTED_EDGE('',*,*,#8637,.F.);
#6128=ORIENTED_EDGE('',*,*,#8618,.T.);
#6129=ORIENTED_EDGE('',*,*,#8614,.F.);
#6130=ORIENTED_EDGE('',*,*,#8653,.F.);
#6131=ORIENTED_EDGE('',*,*,#8654,.T.);
#6132=ORIENTED_EDGE('',*,*,#8655,.F.);
#6133=ORIENTED_EDGE('',*,*,#8656,.F.);
#6134=ORIENTED_EDGE('',*,*,#8657,.F.);
#6135=ORIENTED_EDGE('',*,*,#8658,.F.);
#6136=CARTESIAN_POINT('',(8.02538904693059,3.49999999999997,-4.65900240000006));
#6137=DIRECTION('',(-1.22464592890134E-16,-1.0,-1.52655665885959E-16));
#6138=DIRECTION('',(3.46845168824059E-16,-1.52655665885959E-16,1.0));
#6139=SURFACE_STYLE_FILL_AREA(#8659);
#6140=ORIENTED_EDGE('',*,*,#8644,.T.);
#6141=ORIENTED_EDGE('',*,*,#8660,.T.);
#6142=ORIENTED_EDGE('',*,*,#8611,.T.);
#6143=ORIENTED_EDGE('',*,*,#8605,.T.);
#6144=ORIENTED_EDGE('',*,*,#8652,.T.);
#6145=ORIENTED_EDGE('',*,*,#8648,.F.);
#6146=CARTESIAN_POINT('',(6.92767679963883,2.42499999999995,0.649999999999952));
#6147=DIRECTION('',(3.46845168824059E-16,-1.52655665885959E-16,1.0));
#6148=DIRECTION('',(-1.22464592890134E-16,-1.0,-1.52655665885959E-16));
#6149=SURFACE_STYLE_FILL_AREA(#8661);
#6150=ORIENTED_EDGE('',*,*,#8494,.T.);
#6151=ORIENTED_EDGE('',*,*,#8608,.F.);
#6152=ORIENTED_EDGE('',*,*,#8662,.T.);
#6153=ORIENTED_EDGE('',*,*,#8458,.T.);
#6154=CARTESIAN_POINT('',(6.89999822821026,4.13230958664133,-4.74758434050506E-14));
#6155=DIRECTION('',(-1.0,1.22464592890134E-16,3.46845168824059E-16));
#6156=DIRECTION('',(-1.22464592890134E-16,-1.0,-1.52655665885959E-16));
#6157=SURFACE_STYLE_FILL_AREA(#8663);
#6158=ORIENTED_EDGE('',*,*,#8664,.F.);
#6159=ORIENTED_EDGE('',*,*,#8665,.F.);
#6160=ORIENTED_EDGE('',*,*,#8460,.T.);
#6161=CARTESIAN_POINT('',(9.59999822821026,-7.105427357601E-14,0.999999999999951));
#6162=DIRECTION('',(-3.46845168824059E-16,1.52655665885959E-16,-1.0));
#6163=DIRECTION('',(1.0,-1.22464592890134E-16,-3.46845168824059E-16));
#6164=SURFACE_STYLE_FILL_AREA(#8666);
#6165=ORIENTED_EDGE('',*,*,#8459,.F.);
#6166=ORIENTED_EDGE('',*,*,#8662,.F.);
#6167=ORIENTED_EDGE('',*,*,#8660,.F.);
#6168=ORIENTED_EDGE('',*,*,#8643,.T.);
#6169=ORIENTED_EDGE('',*,*,#8667,.F.);
#6170=ORIENTED_EDGE('',*,*,#8668,.T.);
#6171=ORIENTED_EDGE('',*,*,#8664,.T.);
#6172=CARTESIAN_POINT('',(6.89999822821026,-7.105427357601E-14,0.649999999999953));
#6173=DIRECTION('',(0.48860336893184,-1.93029599515296E-16,0.872506015949722));
#6174=DIRECTION('',(1.22464592890134E-16,1.0,1.52655665885959E-16));
#6175=SURFACE_STYLE_FILL_AREA(#8669);
#6176=ORIENTED_EDGE('',*,*,#8592,.F.);
#6177=ORIENTED_EDGE('',*,*,#8667,.T.);
#6178=ORIENTED_EDGE('',*,*,#8642,.T.);
#6179=ORIENTED_EDGE('',*,*,#8647,.F.);
#6180=ORIENTED_EDGE('',*,*,#8651,.F.);
#6181=ORIENTED_EDGE('',*,*,#8670,.F.);
#6182=ORIENTED_EDGE('',*,*,#8671,.T.);
#6183=ORIENTED_EDGE('',*,*,#8672,.F.);
#6184=CARTESIAN_POINT('',(6.61982680506589,7.95130634301434,0.999999999999951));
#6185=DIRECTION('',(-3.46845168824059E-16,1.52655665885959E-16,-1.0));
#6186=DIRECTION('',(1.0,-1.22464592890134E-16,-3.46845168824059E-16));
#6187=SURFACE_STYLE_FILL_AREA(#8673);
#6188=ORIENTED_EDGE('',*,*,#8468,.F.);
#6189=ORIENTED_EDGE('',*,*,#8674,.T.);
#6190=ORIENTED_EDGE('',*,*,#8675,.F.);
#6191=ORIENTED_EDGE('',*,*,#8672,.T.);
#6192=ORIENTED_EDGE('',*,*,#8676,.T.);
#6193=ORIENTED_EDGE('',*,*,#8677,.T.);
#6194=ORIENTED_EDGE('',*,*,#8678,.T.);
#6195=CARTESIAN_POINT('',(8.72499822821026,-7.105427357601E-14,0.999999999999951));
#6196=DIRECTION('',(-0.488603368931843,-7.33563741933236E-17,0.87250601594972));
#6197=DIRECTION('',(-1.22464592890134E-16,-1.0,-1.52655665885959E-16));
#6198=SURFACE_STYLE_FILL_AREA(#8679);
#6199=ORIENTED_EDGE('',*,*,#8674,.F.);
#6200=ORIENTED_EDGE('',*,*,#8467,.T.);
#6201=ORIENTED_EDGE('',*,*,#8680,.F.);
#6202=CARTESIAN_POINT('',(9.59999822821026,-7.105427357601E-14,0.999999999999951));
#6203=DIRECTION('',(-3.46845168824059E-16,1.52655665885959E-16,-1.0));
#6204=DIRECTION('',(1.0,-1.22464592890134E-16,-3.46845168824059E-16));
#6205=SURFACE_STYLE_FILL_AREA(#8681);
#6206=ORIENTED_EDGE('',*,*,#8675,.T.);
#6207=ORIENTED_EDGE('',*,*,#8682,.T.);
#6208=ORIENTED_EDGE('',*,*,#8683,.F.);
#6209=ORIENTED_EDGE('',*,*,#8593,.F.);
#6210=CARTESIAN_POINT('',(8.72499822821026,3.99999999999993,1.79999999999995));
#6211=DIRECTION('',(1.22464592890134E-16,1.0,1.52655665885959E-16));
#6212=DIRECTION('',(-3.46845168824059E-16,1.52655665885959E-16,-1.0));
#6213=SURFACE_STYLE_FILL_AREA(#8684);
#6214=ORIENTED_EDGE('',*,*,#8574,.F.);
#6215=ORIENTED_EDGE('',*,*,#8565,.T.);
#6216=ORIENTED_EDGE('',*,*,#8569,.F.);
#6217=ORIENTED_EDGE('',*,*,#8584,.T.);
#6218=CARTESIAN_POINT('',(8.99999822821026,6.49999999999993,0.389997599999953));
#6219=DIRECTION('',(-1.0,1.22464592890134E-16,3.46845168824059E-16));
#6220=DIRECTION('',(-1.22464592890134E-16,-1.0,-1.52655665885959E-16));
#6221=SURFACE_STYLE_FILL_AREA(#8685);
#6222=ORIENTED_EDGE('',*,*,#8581,.T.);
#6223=ORIENTED_EDGE('',*,*,#8686,.F.);
#6224=ORIENTED_EDGE('',*,*,#8687,.T.);
#6225=ORIENTED_EDGE('',*,*,#8688,.T.);
#6226=ORIENTED_EDGE('',*,*,#8689,.F.);
#6227=ORIENTED_EDGE('',*,*,#8690,.F.);
#6228=ORIENTED_EDGE('',*,*,#8691,.T.);
#6229=ORIENTED_EDGE('',*,*,#8692,.F.);
#6230=ORIENTED_EDGE('',*,*,#8693,.F.);
#6231=ORIENTED_EDGE('',*,*,#8694,.F.);
#6232=ORIENTED_EDGE('',*,*,#8695,.T.);
#6233=ORIENTED_EDGE('',*,*,#8696,.F.);
#6234=ORIENTED_EDGE('',*,*,#8697,.T.);
#6235=ORIENTED_EDGE('',*,*,#8554,.T.);
#6236=ORIENTED_EDGE('',*,*,#8560,.T.);
#6237=ORIENTED_EDGE('',*,*,#8558,.T.);
#6238=CARTESIAN_POINT('',(8.59999822821026,6.7912538612857,3.1534159999998));
#6239=DIRECTION('',(-1.0,1.22464592890134E-16,3.46845168824059E-16));
#6240=DIRECTION('',(-1.22464592890134E-16,-1.0,-1.52655665885959E-16));
#6241=SURFACE_STYLE_FILL_AREA(#8698);
#6242=ORIENTED_EDGE('',*,*,#8693,.T.);
#6243=ORIENTED_EDGE('',*,*,#8699,.T.);
#6244=ORIENTED_EDGE('',*,*,#8700,.T.);
#6245=ORIENTED_EDGE('',*,*,#8701,.F.);
#6246=ORIENTED_EDGE('',*,*,#8702,.T.);
#6247=CARTESIAN_POINT('',(9.17499822821026,2.29999999999995,3.97499999999997));
#6248=DIRECTION('',(-1.22464592890134E-16,-1.0,-1.52655665885959E-16));
#6249=DIRECTION('',(3.46845168824059E-16,-1.52655665885959E-16,1.0));
#6250=SURFACE_STYLE_FILL_AREA(#8703);
#6251=ORIENTED_EDGE('',*,*,#8704,.F.);
#6252=ORIENTED_EDGE('',*,*,#8542,.T.);
#6253=ORIENTED_EDGE('',*,*,#8705,.T.);
#6254=ORIENTED_EDGE('',*,*,#8694,.T.);
#6255=ORIENTED_EDGE('',*,*,#8702,.F.);
#6256=ORIENTED_EDGE('',*,*,#8706,.F.);
#6257=ORIENTED_EDGE('',*,*,#8598,.T.);
#6258=ORIENTED_EDGE('',*,*,#8707,.F.);
#6259=CARTESIAN_POINT('',(23.8499982282103,6.49999999999995,6.24999999999998));
#6260=DIRECTION('',(-4.69309848738794E-16,1.52655665885959E-16,-1.0));
#6261=DIRECTION('',(1.22464592890134E-16,1.0,1.52655665885959E-16));
#6262=SURFACE_STYLE_FILL_AREA(#8708);
#6263=ORIENTED_EDGE('',*,*,#8601,.F.);
#6264=ORIENTED_EDGE('',*,*,#8709,.F.);
#6265=ORIENTED_EDGE('',*,*,#8578,.T.);
#6266=ORIENTED_EDGE('',*,*,#8587,.F.);
#6267=CARTESIAN_POINT('',(8.72499822821026,3.49999999999997,1.79999999999995));
#6268=DIRECTION('',(-1.22464592890134E-16,-1.0,-1.52655665885959E-16));
#6269=DIRECTION('',(-4.08077508781427E-16,1.52655665885959E-16,-1.0));
#6270=SURFACE_STYLE_FILL_AREA(#8710);
#6271=ORIENTED_EDGE('',*,*,#8699,.F.);
#6272=ORIENTED_EDGE('',*,*,#8692,.T.);
#6273=ORIENTED_EDGE('',*,*,#8711,.F.);
#6274=ORIENTED_EDGE('',*,*,#8712,.T.);
#6275=CARTESIAN_POINT('',(6.08745706107594,2.34254319230313,6.04999999999995));
#6276=DIRECTION('',(3.46845168824059E-16,-1.52655665885959E-16,1.0));
#6277=DIRECTION('',(-1.22464592890134E-16,-1.0,-1.52655665885959E-16));
#6278=SURFACE_STYLE_FILL_AREA(#8713);
#6279=ORIENTED_EDGE('',*,*,#8691,.F.);
#6280=ORIENTED_EDGE('',*,*,#8714,.F.);
#6281=ORIENTED_EDGE('',*,*,#8715,.T.);
#6282=ORIENTED_EDGE('',*,*,#8711,.T.);
#6283=CARTESIAN_POINT('',(8.40816203985905,1.74999999999995,6.12000239999998));
#6284=DIRECTION('',(-7.15318164453486E-15,1.0,1.52655665885961E-16));
#6285=DIRECTION('',(3.46845168824059E-16,-1.52655665885959E-16,1.0));
#6286=SURFACE_STYLE_FILL_AREA(#8716);
#6287=ORIENTED_EDGE('',*,*,#8600,.F.);
#6288=ORIENTED_EDGE('',*,*,#8717,.T.);
#6289=ORIENTED_EDGE('',*,*,#8700,.F.);
#6290=ORIENTED_EDGE('',*,*,#8712,.F.);
#6291=ORIENTED_EDGE('',*,*,#8715,.F.);
#6292=ORIENTED_EDGE('',*,*,#8718,.F.);
#6293=ORIENTED_EDGE('',*,*,#8579,.F.);
#6294=ORIENTED_EDGE('',*,*,#8709,.T.);
#6295=CARTESIAN_POINT('',(8.82499822821026,6.49999999999995,-8.69690260418211));
#6296=DIRECTION('',(-1.0,1.22464592890134E-16,4.08077508781427E-16));
#6297=DIRECTION('',(-4.08077508781427E-16,1.52655665885959E-16,-1.0));
#6298=SURFACE_STYLE_FILL_AREA(#8719);
#6299=ORIENTED_EDGE('',*,*,#8701,.T.);
#6300=ORIENTED_EDGE('',*,*,#8717,.F.);
#6301=ORIENTED_EDGE('',*,*,#8599,.F.);
#6302=ORIENTED_EDGE('',*,*,#8706,.T.);
#6303=CARTESIAN_POINT('',(8.72499822821026,6.49999999999995,6.14999999999998));
#6304=DIRECTION('',(-1.22464592890134E-16,-1.0,-1.52655665885959E-16));
#6305=DIRECTION('',(-4.08077508781427E-16,1.52655665885959E-16,-1.0));
#6306=SURFACE_STYLE_FILL_AREA(#8720);
#6307=ORIENTED_EDGE('',*,*,#8721,.T.);
#6308=ORIENTED_EDGE('',*,*,#8722,.T.);
#6309=ORIENTED_EDGE('',*,*,#8526,.T.);
#6310=ORIENTED_EDGE('',*,*,#8723,.F.);
#6311=CARTESIAN_POINT('',(5.40499582821026,1.64999999999993,4.82453115254763));
#6312=DIRECTION('',(-1.86115669000217E-16,0.500000000000029,-0.866025403784422));
#6313=DIRECTION('',(2.79480032919013E-16,0.866025403784422,0.500000000000029));
#6314=SURFACE_STYLE_FILL_AREA(#8724);
#6315=ORIENTED_EDGE('',*,*,#8686,.T.);
#6316=ORIENTED_EDGE('',*,*,#8580,.F.);
#6317=ORIENTED_EDGE('',*,*,#8718,.T.);
#6318=ORIENTED_EDGE('',*,*,#8714,.T.);
#6319=ORIENTED_EDGE('',*,*,#8690,.T.);
#6320=ORIENTED_EDGE('',*,*,#8725,.F.);
#6321=CARTESIAN_POINT('',(9.0811930198461,6.49999999999997,5.34999999999998));
#6322=DIRECTION('',(-2.24380488909323E-16,7.25808302348696E-15,-1.0));
#6323=DIRECTION('',(1.22464592890136E-16,1.0,7.25808302348696E-15));
#6324=SURFACE_STYLE_FILL_AREA(#8726);
#6325=ORIENTED_EDGE('',*,*,#8688,.F.);
#6326=ORIENTED_EDGE('',*,*,#8727,.T.);
#6327=CARTESIAN_POINT('',(7.49999822821026,3.99999999999992,4.39999999999995));
#6328=DIRECTION('',(3.46845168824059E-16,-1.52655665885959E-16,1.0));
#6329=DIRECTION('',(-1.22464592890134E-16,-1.0,-1.52655665885959E-16));
#6330=SURFACE_STYLE_FILL_AREA(#8728);
#6331=ORIENTED_EDGE('',*,*,#8689,.T.);
#6332=ORIENTED_EDGE('',*,*,#8727,.F.);
#6333=ORIENTED_EDGE('',*,*,#8687,.F.);
#6334=ORIENTED_EDGE('',*,*,#8725,.T.);
#6335=CARTESIAN_POINT('',(7.49999822821026,3.99999999999992,9.69999999999995));
#6336=DIRECTION('',(3.46845168824059E-16,-1.52655665885959E-16,1.0));
#6337=DIRECTION('',(1.22464592890134E-16,1.0,1.52655665885959E-16));
#6338=SURFACE_STYLE_FILL_AREA(#8729);
#6339=ORIENTED_EDGE('',*,*,#8730,.F.);
#6340=ORIENTED_EDGE('',*,*,#8731,.T.);
#6341=ORIENTED_EDGE('',*,*,#8732,.T.);
#6342=ORIENTED_EDGE('',*,*,#8733,.T.);
#6343=ORIENTED_EDGE('',*,*,#8594,.T.);
#6344=ORIENTED_EDGE('',*,*,#8683,.T.);
#6345=CARTESIAN_POINT('',(9.52499822821026,-7.19424519957101E-14,7.09999999999995));
#6346=DIRECTION('',(1.0,-1.22464592890134E-16,-3.46845168824059E-16));
#6347=DIRECTION('',(-3.46845168824059E-16,1.52655665885959E-16,-1.0));
#6348=SURFACE_STYLE_FILL_AREA(#8734);
#6349=ORIENTED_EDGE('',*,*,#8735,.F.);
#6350=ORIENTED_EDGE('',*,*,#8732,.F.);
#6351=ORIENTED_EDGE('',*,*,#8736,.F.);
#6352=ORIENTED_EDGE('',*,*,#8737,.T.);
#6353=CARTESIAN_POINT('',(10.7999982282103,6.49999999999993,0.389997599999953));
#6354=DIRECTION('',(-1.22464592890134E-16,-1.0,-1.52655665885959E-16));
#6355=DIRECTION('',(3.46845168824059E-16,-1.52655665885959E-16,1.0));
#6356=SURFACE_STYLE_FILL_AREA(#8738);
#6357=ORIENTED_EDGE('',*,*,#8733,.F.);
#6358=ORIENTED_EDGE('',*,*,#8735,.T.);
#6359=ORIENTED_EDGE('',*,*,#8739,.T.);
#6360=ORIENTED_EDGE('',*,*,#8740,.T.);
#6361=ORIENTED_EDGE('',*,*,#8741,.T.);
#6362=ORIENTED_EDGE('',*,*,#8595,.T.);
#6363=CARTESIAN_POINT('',(8.72499822821026,6.49999999999995,6.14999999999998));
#6364=DIRECTION('',(2.78699985199051E-15,1.0,1.52655665885958E-16));
#6365=DIRECTION('',(-1.0,2.78699985199051E-15,4.08077508781427E-16));
#6366=SURFACE_STYLE_FILL_AREA(#8742);
#6367=ORIENTED_EDGE('',*,*,#8743,.F.);
#6368=ORIENTED_EDGE('',*,*,#8744,.T.);
#6369=ORIENTED_EDGE('',*,*,#8745,.T.);
#6370=ORIENTED_EDGE('',*,*,#8464,.T.);
#6371=CARTESIAN_POINT('',(8.1642697892604,3.99999999999993,5.58927156105013));
#6372=DIRECTION('',(0.323615577118185,-0.889126490715988,0.323615577118185));
#6373=DIRECTION('',(3.52842975609982E-16,0.342020143325669,0.939692620785908));
#6374=SURFACE_STYLE_FILL_AREA(#8746);
#6375=ORIENTED_EDGE('',*,*,#8747,.T.);
#6376=ORIENTED_EDGE('',*,*,#8736,.T.);
#6377=ORIENTED_EDGE('',*,*,#8731,.F.);
#6378=ORIENTED_EDGE('',*,*,#8748,.T.);
#6379=ORIENTED_EDGE('',*,*,#8744,.F.);
#6380=ORIENTED_EDGE('',*,*,#8749,.T.);
#6381=CARTESIAN_POINT('',(9.37499822821026,3.99999999999993,6.79999999999998));
#6382=DIRECTION('',(-1.22464592890134E-16,-1.0,-1.52655665885959E-16));
#6383=DIRECTION('',(3.46845168824059E-16,-1.52655665885959E-16,1.0));
#6384=SURFACE_STYLE_FILL_AREA(#8750);
#6385=ORIENTED_EDGE('',*,*,#8751,.T.);
#6386=ORIENTED_EDGE('',*,*,#8465,.F.);
#6387=ORIENTED_EDGE('',*,*,#8745,.F.);
#6388=ORIENTED_EDGE('',*,*,#8748,.F.);
#6389=ORIENTED_EDGE('',*,*,#8730,.T.);
#6390=CARTESIAN_POINT('',(9.65238781020343,0.349999999999928,4.10238958199314));
#6391=DIRECTION('',(-0.939692620785908,-0.342020143325669,2.7371653297342E-16));
#6392=DIRECTION('',(-3.46845168824059E-16,1.52655665885959E-16,-1.0));
#6393=SURFACE_STYLE_FILL_AREA(#8752);
#6394=ORIENTED_EDGE('',*,*,#8549,.T.);
#6395=ORIENTED_EDGE('',*,*,#8753,.F.);
#6396=ORIENTED_EDGE('',*,*,#8547,.F.);
#6397=ORIENTED_EDGE('',*,*,#8754,.T.);
#6398=ORIENTED_EDGE('',*,*,#8755,.F.);
#6399=ORIENTED_EDGE('',*,*,#8756,.T.);
#6400=CARTESIAN_POINT('',(7.49999822821026,3.99999999999992,9.69999999999995));
#6401=DIRECTION('',(3.46845168824059E-16,-1.52655665885959E-16,1.0));
#6402=DIRECTION('',(1.22464592890134E-16,1.0,1.52655665885959E-16));
#6403=SURFACE_STYLE_FILL_AREA(#8757);
#6404=ORIENTED_EDGE('',*,*,#8751,.F.);
#6405=ORIENTED_EDGE('',*,*,#8682,.F.);
#6406=ORIENTED_EDGE('',*,*,#8680,.T.);
#6407=ORIENTED_EDGE('',*,*,#8466,.T.);
#6408=CARTESIAN_POINT('',(7.47255423715106,3.99999999999993,1.79999999999995));
#6409=DIRECTION('',(-0.342020143325669,0.939692620785908,2.62077437107215E-16));
#6410=DIRECTION('',(0.939692620785908,0.342020143325669,-2.7371653297342E-16));
#6411=SURFACE_STYLE_FILL_AREA(#8758);
#6412=ORIENTED_EDGE('',*,*,#8759,.F.);
#6413=ORIENTED_EDGE('',*,*,#8676,.F.);
#6414=ORIENTED_EDGE('',*,*,#8671,.F.);
#6415=ORIENTED_EDGE('',*,*,#8760,.F.);
#6416=CARTESIAN_POINT('',(6.89999822821026,4.49999999999997,-4.74197133801594E-14));
#6417=DIRECTION('',(1.22464592890134E-16,1.0,1.52655665885959E-16));
#6418=DIRECTION('',(-1.0,1.22464592890134E-16,3.46845168824059E-16));
#6419=SURFACE_STYLE_FILL_AREA(#8761);
#6420=ORIENTED_EDGE('',*,*,#8762,.T.);
#6421=ORIENTED_EDGE('',*,*,#8760,.T.);
#6422=ORIENTED_EDGE('',*,*,#8670,.T.);
#6423=ORIENTED_EDGE('',*,*,#8658,.T.);
#6424=CARTESIAN_POINT('',(7.84999822821026,3.49999999999997,0.999999999999951));
#6425=DIRECTION('',(1.0,-1.22464592890134E-16,-4.08077508781427E-16));
#6426=DIRECTION('',(-4.08077508781427E-16,1.52655665885959E-16,-1.0));
#6427=SURFACE_STYLE_FILL_AREA(#8763);
#6428=ORIENTED_EDGE('',*,*,#8764,.T.);
#6429=ORIENTED_EDGE('',*,*,#8539,.T.);
#6430=ORIENTED_EDGE('',*,*,#8552,.F.);
#6431=ORIENTED_EDGE('',*,*,#8697,.F.);
#6432=CARTESIAN_POINT('',(9.52499822821026,1.69999999999997,5.39565677580973));
#6433=DIRECTION('',(-1.0,1.22464592890134E-16,3.46845168824059E-16));
#6434=DIRECTION('',(1.22464592890134E-16,1.0,1.52655665885959E-16));
#6435=SURFACE_STYLE_FILL_AREA(#8765);
#6436=ORIENTED_EDGE('',*,*,#8766,.F.);
#6437=ORIENTED_EDGE('',*,*,#8767,.F.);
#6438=ORIENTED_EDGE('',*,*,#8768,.F.);
#6439=ORIENTED_EDGE('',*,*,#8656,.T.);
#6440=CARTESIAN_POINT('',(7.77499822821026,2.64999999999997,0.649999999999952));
#6441=DIRECTION('',(1.0,-4.55531500277681E-16,-3.46845168824059E-16));
#6442=DIRECTION('',(-3.46845168824059E-16,1.52655665885959E-16,-1.0));
#6443=SURFACE_STYLE_FILL_AREA(#8769);
#6444=ORIENTED_EDGE('',*,*,#8770,.T.);
#6445=ORIENTED_EDGE('',*,*,#8771,.F.);
#6446=ORIENTED_EDGE('',*,*,#8654,.F.);
#6447=ORIENTED_EDGE('',*,*,#8488,.F.);
#6448=CARTESIAN_POINT('',(7.84999822821026,1.9561538461538,-4.81375488190691E-14));
#6449=DIRECTION('',(-1.0,1.22464592890134E-16,3.46845168824059E-16));
#6450=DIRECTION('',(-1.22464592890134E-16,-1.0,-1.52655665885959E-16));
#6451=SURFACE_STYLE_FILL_AREA(#8772);
#6452=ORIENTED_EDGE('',*,*,#8766,.T.);
#6453=ORIENTED_EDGE('',*,*,#8655,.T.);
#6454=ORIENTED_EDGE('',*,*,#8771,.T.);
#6455=ORIENTED_EDGE('',*,*,#8773,.T.);
#6456=CARTESIAN_POINT('',(12.4999982282103,6.09999999999995,0.199999999999951));
#6457=DIRECTION('',(-3.46845168824059E-16,1.52655665885959E-16,-1.0));
#6458=DIRECTION('',(1.0,-1.22464592890134E-16,-3.46845168824059E-16));
#6459=SURFACE_STYLE_FILL_AREA(#8774);
#6460=ORIENTED_EDGE('',*,*,#8653,.T.);
#6461=ORIENTED_EDGE('',*,*,#8613,.T.);
#6462=ORIENTED_EDGE('',*,*,#8449,.T.);
#6463=ORIENTED_EDGE('',*,*,#8620,.T.);
#6464=ORIENTED_EDGE('',*,*,#8489,.T.);
#6465=CARTESIAN_POINT('',(7.84999822821026,3.49999999999997,0.999999999999951));
#6466=DIRECTION('',(1.0,-1.22464592890134E-16,-4.08077508781427E-16));
#6467=DIRECTION('',(-4.08077508781427E-16,1.52655665885959E-16,-1.0));
#6468=SURFACE_STYLE_FILL_AREA(#8775);
#6469=ORIENTED_EDGE('',*,*,#8776,.T.);
#6470=ORIENTED_EDGE('',*,*,#8777,.T.);
#6471=ORIENTED_EDGE('',*,*,#8778,.F.);
#6472=ORIENTED_EDGE('',*,*,#8516,.F.);
#6473=ORIENTED_EDGE('',*,*,#8510,.F.);
#6474=ORIENTED_EDGE('',*,*,#8453,.F.);
#6475=ORIENTED_EDGE('',*,*,#8515,.F.);
#6476=ORIENTED_EDGE('',*,*,#8519,.T.);
#6477=CARTESIAN_POINT('',(6.27499822821026,1.74999999999993,5.24999999999998));
#6478=DIRECTION('',(1.22464592890134E-16,1.0,1.52655665885959E-16));
#6479=DIRECTION('',(4.08077508781427E-16,-1.52655665885959E-16,1.0));
#6480=SURFACE_STYLE_FILL_AREA(#8779);
#6481=ORIENTED_EDGE('',*,*,#8486,.T.);
#6482=ORIENTED_EDGE('',*,*,#8469,.T.);
#6483=ORIENTED_EDGE('',*,*,#8678,.F.);
#6484=ORIENTED_EDGE('',*,*,#8780,.F.);
#6485=CARTESIAN_POINT('',(8.09999822821026,4.65943699999993,-4.78115886213464E-14));
#6486=DIRECTION('',(1.0,-1.22464592890134E-16,-3.46845168824059E-16));
#6487=DIRECTION('',(-3.46845168824059E-16,1.52655665885959E-16,-1.0));
#6488=SURFACE_STYLE_FILL_AREA(#8781);
#6489=ORIENTED_EDGE('',*,*,#8770,.F.);
#6490=ORIENTED_EDGE('',*,*,#8487,.T.);
#6491=ORIENTED_EDGE('',*,*,#8780,.T.);
#6492=ORIENTED_EDGE('',*,*,#8782,.F.);
#6493=ORIENTED_EDGE('',*,*,#8767,.T.);
#6494=ORIENTED_EDGE('',*,*,#8773,.F.);
#6495=CARTESIAN_POINT('',(8.09999822821026,1.59999999999993,0.649999999999952));
#6496=DIRECTION('',(0.955285890691349,0.29568372807112,-2.86198499631743E-16));
#6497=DIRECTION('',(-0.29568372807112,0.955285890691349,2.48386276336304E-16));
#6498=SURFACE_STYLE_FILL_AREA(#8783);
#6499=ORIENTED_EDGE('',*,*,#8677,.F.);
#6500=ORIENTED_EDGE('',*,*,#8759,.T.);
#6501=ORIENTED_EDGE('',*,*,#8762,.F.);
#6502=ORIENTED_EDGE('',*,*,#8657,.T.);
#6503=ORIENTED_EDGE('',*,*,#8768,.T.);
#6504=ORIENTED_EDGE('',*,*,#8782,.T.);
#6505=CARTESIAN_POINT('',(6.92767679963883,2.42499999999995,0.649999999999952));
#6506=DIRECTION('',(3.46845168824059E-16,-1.52655665885959E-16,1.0));
#6507=DIRECTION('',(-1.22464592890134E-16,-1.0,-1.52655665885959E-16));
#6508=SURFACE_STYLE_FILL_AREA(#8784);
#6509=ORIENTED_EDGE('',*,*,#8785,.F.);
#6510=ORIENTED_EDGE('',*,*,#8545,.T.);
#6511=ORIENTED_EDGE('',*,*,#8786,.T.);
#6512=ORIENTED_EDGE('',*,*,#8777,.F.);
#6513=ORIENTED_EDGE('',*,*,#8787,.T.);
#6514=ORIENTED_EDGE('',*,*,#8788,.T.);
#6515=ORIENTED_EDGE('',*,*,#8524,.T.);
#6516=ORIENTED_EDGE('',*,*,#8789,.T.);
#6517=CARTESIAN_POINT('',(8.40816203985905,1.74999999999995,6.12000239999998));
#6518=DIRECTION('',(-7.15318164453486E-15,1.0,1.52655665885961E-16));
#6519=DIRECTION('',(3.46845168824059E-16,-1.52655665885959E-16,1.0));
#6520=SURFACE_STYLE_FILL_AREA(#8790);
#6521=ORIENTED_EDGE('',*,*,#8791,.T.);
#6522=ORIENTED_EDGE('',*,*,#8792,.F.);
#6523=ORIENTED_EDGE('',*,*,#8668,.F.);
#6524=ORIENTED_EDGE('',*,*,#8591,.F.);
#6525=CARTESIAN_POINT('',(6.27499822821026,3.99999999999993,1.79999999999995));
#6526=DIRECTION('',(1.22464592890134E-16,1.0,1.52655665885959E-16));
#6527=DIRECTION('',(-3.46845168824059E-16,1.52655665885959E-16,-1.0));
#6528=SURFACE_STYLE_FILL_AREA(#8793);
#6529=ORIENTED_EDGE('',*,*,#8754,.F.);
#6530=ORIENTED_EDGE('',*,*,#8546,.F.);
#6531=ORIENTED_EDGE('',*,*,#8785,.T.);
#6532=ORIENTED_EDGE('',*,*,#8794,.T.);
#6533=CARTESIAN_POINT('',(9.0811930198461,6.49999999999997,5.34999999999998));
#6534=DIRECTION('',(-2.24380488909323E-16,7.25808302348696E-15,-1.0));
#6535=DIRECTION('',(1.22464592890136E-16,1.0,7.25808302348696E-15));
#6536=SURFACE_STYLE_FILL_AREA(#8795);
#6537=ORIENTED_EDGE('',*,*,#8796,.T.);
#6538=ORIENTED_EDGE('',*,*,#8797,.F.);
#6539=ORIENTED_EDGE('',*,*,#8798,.F.);
#6540=ORIENTED_EDGE('',*,*,#8462,.T.);
#6541=CARTESIAN_POINT('',(5.34760864621709,0.349999999999929,4.10238958199314));
#6542=DIRECTION('',(0.939692620785908,-0.342020143325669,-3.78139158425002E-16));
#6543=DIRECTION('',(-3.46845168824059E-16,1.52655665885959E-16,-1.0));
#6544=SURFACE_STYLE_FILL_AREA(#8799);
#6545=ORIENTED_EDGE('',*,*,#8800,.T.);
#6546=ORIENTED_EDGE('',*,*,#8582,.F.);
#6547=ORIENTED_EDGE('',*,*,#8550,.F.);
#6548=ORIENTED_EDGE('',*,*,#8756,.F.);
#6549=CARTESIAN_POINT('',(9.0811930198461,6.49999999999997,5.34999999999998));
#6550=DIRECTION('',(-2.24380488909323E-16,7.25808302348696E-15,-1.0));
#6551=DIRECTION('',(1.22464592890136E-16,1.0,7.25808302348696E-15));
#6552=SURFACE_STYLE_FILL_AREA(#8801);
#6553=ORIENTED_EDGE('',*,*,#8463,.F.);
#6554=ORIENTED_EDGE('',*,*,#8798,.T.);
#6555=ORIENTED_EDGE('',*,*,#8802,.T.);
#6556=ORIENTED_EDGE('',*,*,#8749,.F.);
#6557=ORIENTED_EDGE('',*,*,#8743,.T.);
#6558=CARTESIAN_POINT('',(7.49999822821026,0.349999999999928,7.07738958199315));
#6559=DIRECTION('',(-3.67813203311814E-16,-0.342020143325669,-0.939692620785908));
#6560=DIRECTION('',(1.0,-1.22464592890134E-16,-3.46845168824059E-16));
#6561=SURFACE_STYLE_FILL_AREA(#8803);
#6562=ORIENTED_EDGE('',*,*,#8548,.F.);
#6563=ORIENTED_EDGE('',*,*,#8753,.T.);
#6564=CARTESIAN_POINT('',(7.49999822821026,3.99999999999992,4.39999999999995));
#6565=DIRECTION('',(3.46845168824059E-16,-1.52655665885959E-16,1.0));
#6566=DIRECTION('',(-1.22464592890134E-16,-1.0,-1.52655665885959E-16));
#6567=SURFACE_STYLE_FILL_AREA(#8804);
#6568=ORIENTED_EDGE('',*,*,#8705,.F.);
#6569=ORIENTED_EDGE('',*,*,#8541,.T.);
#6570=ORIENTED_EDGE('',*,*,#8805,.T.);
#6571=ORIENTED_EDGE('',*,*,#8695,.F.);
#6572=CARTESIAN_POINT('',(9.52499822821026,1.69999999999999,6.04999999999995));
#6573=DIRECTION('',(-1.0,1.22464592890134E-16,3.46845168824059E-16));
#6574=DIRECTION('',(1.22464592890134E-16,1.0,1.52655665885959E-16));
#6575=SURFACE_STYLE_FILL_AREA(#8806);
#6576=ORIENTED_EDGE('',*,*,#8544,.F.);
#6577=ORIENTED_EDGE('',*,*,#8807,.F.);
#6578=ORIENTED_EDGE('',*,*,#8778,.T.);
#6579=ORIENTED_EDGE('',*,*,#8786,.F.);
#6580=CARTESIAN_POINT('',(6.08745706107594,2.34254319230313,6.04999999999995));
#6581=DIRECTION('',(3.46845168824059E-16,-1.52655665885959E-16,1.0));
#6582=DIRECTION('',(-1.22464592890134E-16,-1.0,-1.52655665885959E-16));
#6583=SURFACE_STYLE_FILL_AREA(#8808);
#6584=ORIENTED_EDGE('',*,*,#8791,.F.);
#6585=ORIENTED_EDGE('',*,*,#8590,.T.);
#6586=ORIENTED_EDGE('',*,*,#8809,.F.);
#6587=ORIENTED_EDGE('',*,*,#8721,.F.);
#6588=ORIENTED_EDGE('',*,*,#8810,.T.);
#6589=ORIENTED_EDGE('',*,*,#8787,.F.);
#6590=ORIENTED_EDGE('',*,*,#8776,.F.);
#6591=ORIENTED_EDGE('',*,*,#8520,.T.);
#6592=ORIENTED_EDGE('',*,*,#8513,.F.);
#6593=ORIENTED_EDGE('',*,*,#8811,.T.);
#6594=ORIENTED_EDGE('',*,*,#8707,.T.);
#6595=ORIENTED_EDGE('',*,*,#8597,.T.);
#6596=ORIENTED_EDGE('',*,*,#8812,.F.);
#6597=ORIENTED_EDGE('',*,*,#8797,.T.);
#6598=CARTESIAN_POINT('',(5.47499822821026,-7.19424519957101E-14,7.09999999999995));
#6599=DIRECTION('',(-1.0,1.22464592890134E-16,3.46845168824059E-16));
#6600=DIRECTION('',(-1.22464592890134E-16,-1.0,-1.52655665885959E-16));
#6601=SURFACE_STYLE_FILL_AREA(#8813);
#6602=ORIENTED_EDGE('',*,*,#8802,.F.);
#6603=ORIENTED_EDGE('',*,*,#8812,.T.);
#6604=ORIENTED_EDGE('',*,*,#8596,.T.);
#6605=ORIENTED_EDGE('',*,*,#8741,.F.);
#6606=ORIENTED_EDGE('',*,*,#8740,.F.);
#6607=ORIENTED_EDGE('',*,*,#8739,.F.);
#6608=ORIENTED_EDGE('',*,*,#8737,.F.);
#6609=ORIENTED_EDGE('',*,*,#8747,.F.);
#6610=CARTESIAN_POINT('',(5.39999822821026,-7.19424519957101E-14,6.94999999999998));
#6611=DIRECTION('',(3.46845168824059E-16,-1.52655665885959E-16,1.0));
#6612=DIRECTION('',(-1.22464592890134E-16,-1.0,-1.52655665885959E-16));
#6613=SURFACE_STYLE_FILL_AREA(#8814);
#6614=ORIENTED_EDGE('',*,*,#8810,.F.);
#6615=ORIENTED_EDGE('',*,*,#8723,.T.);
#6616=ORIENTED_EDGE('',*,*,#8525,.T.);
#6617=ORIENTED_EDGE('',*,*,#8788,.F.);
#6618=CARTESIAN_POINT('',(5.40499582821026,1.54999999999993,4.99773623330452));
#6619=DIRECTION('',(-1.0,1.22464592890134E-16,2.85612828866691E-16));
#6620=DIRECTION('',(-1.22464592890134E-16,-1.0,-2.13888005843327E-16));
#6621=SURFACE_STYLE_FILL_AREA(#8815);
#6622=ORIENTED_EDGE('',*,*,#8517,.T.);
#6623=ORIENTED_EDGE('',*,*,#8807,.T.);
#6624=ORIENTED_EDGE('',*,*,#8543,.T.);
#6625=ORIENTED_EDGE('',*,*,#8704,.T.);
#6626=ORIENTED_EDGE('',*,*,#8811,.F.);
#6627=CARTESIAN_POINT('',(9.17499822821026,2.29999999999995,3.97499999999997));
#6628=DIRECTION('',(-1.22464592890134E-16,-1.0,-1.52655665885959E-16));
#6629=DIRECTION('',(3.46845168824059E-16,-1.52655665885959E-16,1.0));
#6630=SURFACE_STYLE_FILL_AREA(#8816);
#6631=ORIENTED_EDGE('',*,*,#8800,.F.);
#6632=ORIENTED_EDGE('',*,*,#8755,.T.);
#6633=ORIENTED_EDGE('',*,*,#8794,.F.);
#6634=ORIENTED_EDGE('',*,*,#8789,.F.);
#6635=ORIENTED_EDGE('',*,*,#8523,.T.);
#6636=ORIENTED_EDGE('',*,*,#8583,.T.);
#6637=CARTESIAN_POINT('',(6.27499822821026,1.74999999999993,5.24999999999998));
#6638=DIRECTION('',(1.22464592890134E-16,1.0,1.52655665885959E-16));
#6639=DIRECTION('',(4.08077508781427E-16,-1.52655665885959E-16,1.0));
#6640=SURFACE_STYLE_FILL_AREA(#8817);
#6641=ORIENTED_EDGE('',*,*,#8764,.F.);
#6642=ORIENTED_EDGE('',*,*,#8696,.T.);
#6643=ORIENTED_EDGE('',*,*,#8805,.F.);
#6644=ORIENTED_EDGE('',*,*,#8540,.T.);
#6645=CARTESIAN_POINT('',(14.5249982282103,1.49999999999999,6.04999999999993));
#6646=DIRECTION('',(-1.22464592890124E-16,-1.0,2.7761523238975E-14));
#6647=DIRECTION('',(3.46845168824062E-16,2.7761523238975E-14,1.0));
#6648=SURFACE_STYLE_FILL_AREA(#8818);
#6649=ORIENTED_EDGE('',*,*,#8809,.T.);
#6650=ORIENTED_EDGE('',*,*,#8589,.T.);
#6651=ORIENTED_EDGE('',*,*,#8527,.F.);
#6652=ORIENTED_EDGE('',*,*,#8722,.F.);
#6653=CARTESIAN_POINT('',(5.40499582821026,1.69999999999993,4.62245855833126));
#6654=DIRECTION('',(-1.0,1.22464592890134E-16,2.85612828866691E-16));
#6655=DIRECTION('',(-1.22464592890134E-16,-1.0,-2.13888005843327E-16));
#6656=SURFACE_STYLE_FILL_AREA(#8819);
#6657=ORIENTED_EDGE('',*,*,#8796,.F.);
#6658=ORIENTED_EDGE('',*,*,#8461,.T.);
#6659=ORIENTED_EDGE('',*,*,#8665,.T.);
#6660=ORIENTED_EDGE('',*,*,#8792,.T.);
#6661=CARTESIAN_POINT('',(7.52744221926946,3.99999999999993,1.79999999999995));
#6662=DIRECTION('',(-0.342020143325669,-0.939692620785908,-2.48213684011742E-17));
#6663=DIRECTION('',(-0.939692620785908,0.342020143325669,3.78139158425002E-16));
#6664=SURFACE_STYLE_FILL_AREA(#8820);
#6665=ORIENTED_EDGE('',*,*,#8502,.T.);
#6666=ORIENTED_EDGE('',*,*,#8498,.F.);
#6667=ORIENTED_EDGE('',*,*,#8508,.T.);
#6668=ORIENTED_EDGE('',*,*,#8477,.T.);
#6669=ORIENTED_EDGE('',*,*,#8505,.F.);
#6670=ORIENTED_EDGE('',*,*,#8480,.F.);
#6671=ORIENTED_EDGE('',*,*,#8471,.T.);
#6672=ORIENTED_EDGE('',*,*,#8485,.F.);
#6673=CARTESIAN_POINT('',(9.99999822821026,3.99999999999993,-4.8571261236457E-14));
#6674=DIRECTION('',(1.0,-1.22464592890134E-16,-3.46845168824059E-16));
#6675=DIRECTION('',(-3.46845168824059E-16,1.52655665885959E-16,-1.0));
#6676=SURFACE_STYLE_FILL_AREA(#8821);
#6677=ORIENTED_EDGE('',*,*,#8483,.T.);
#6678=ORIENTED_EDGE('',*,*,#8456,.F.);
#6679=ORIENTED_EDGE('',*,*,#8479,.T.);
#6680=ORIENTED_EDGE('',*,*,#8504,.T.);
#6681=ORIENTED_EDGE('',*,*,#8475,.F.);
#6682=ORIENTED_EDGE('',*,*,#8507,.F.);
#6683=ORIENTED_EDGE('',*,*,#8496,.T.);
#6684=ORIENTED_EDGE('',*,*,#8501,.F.);
#6685=CARTESIAN_POINT('',(4.99999822821026,3.99999999999993,-4.68370353923367E-14));
#6686=DIRECTION('',(1.0,-1.22464592890134E-16,-3.46845168824059E-16));
#6687=DIRECTION('',(-3.46845168824059E-16,1.52655665885959E-16,-1.0));
#6688=SURFACE_STYLE_FILL_AREA(#8822);
#6689=ORIENTED_EDGE('',*,*,#8823,.F.);
#6690=ORIENTED_EDGE('',*,*,#8824,.T.);
#6691=ORIENTED_EDGE('',*,*,#8825,.F.);
#6692=ORIENTED_EDGE('',*,*,#8826,.F.);
#6693=ORIENTED_EDGE('',*,*,#8827,.F.);
#6694=ORIENTED_EDGE('',*,*,#8828,.F.);
#6695=ORIENTED_EDGE('',*,*,#8829,.T.);
#6696=ORIENTED_EDGE('',*,*,#8830,.F.);
#6697=CARTESIAN_POINT('',(12.4999982282103,3.99999999999993,11.4999999999999));
#6698=DIRECTION('',(-1.75308529738871E-16,1.04083408558608E-16,-1.0));
#6699=DIRECTION('',(0.866025403784439,0.5,-9.97799359746581E-17));
#6700=SURFACE_STYLE_FILL_AREA(#8831);
#6701=ORIENTED_EDGE('',*,*,#8832,.F.);
#6702=ORIENTED_EDGE('',*,*,#8833,.F.);
#6703=ORIENTED_EDGE('',*,*,#8834,.F.);
#6704=ORIENTED_EDGE('',*,*,#8835,.F.);
#6705=CARTESIAN_POINT('',(19.814681238993,3.99999999999997,-3.10000000000005));
#6706=DIRECTION('',(1.0,-1.22464614348825E-16,-2.36540869696239E-16));
#6707=DIRECTION('',(2.36540869696239E-16,-1.04083408558608E-16,1.0));
#6708=SURFACE_STYLE_FILL_AREA(#8836);
#6709=ORIENTED_EDGE('',*,*,#8837,.F.);
#6710=ORIENTED_EDGE('',*,*,#8838,.F.);
#6711=ORIENTED_EDGE('',*,*,#8839,.T.);
#6712=CARTESIAN_POINT('',(12.4999982282103,3.99999999999993,6.74999999999995));
#6713=DIRECTION('',(-1.75308529738871E-16,1.04083408558608E-16,-1.0));
#6714=DIRECTION('',(1.0,-1.22464614348825E-16,-1.75308529738871E-16));
#6715=SURFACE_STYLE_FILL_AREA(#8840);
#6716=ORIENTED_EDGE('',*,*,#8841,.F.);
#6717=ORIENTED_EDGE('',*,*,#8842,.T.);
#6718=ORIENTED_EDGE('',*,*,#8843,.T.);
#6719=ORIENTED_EDGE('',*,*,#8844,.F.);
#6720=ORIENTED_EDGE('',*,*,#8845,.T.);
#6721=ORIENTED_EDGE('',*,*,#8846,.F.);
#6722=ORIENTED_EDGE('',*,*,#8847,.F.);
#6723=ORIENTED_EDGE('',*,*,#8848,.F.);
#6724=ORIENTED_EDGE('',*,*,#8849,.T.);
#6725=ORIENTED_EDGE('',*,*,#8850,.F.);
#6726=ORIENTED_EDGE('',*,*,#8851,.T.);
#6727=ORIENTED_EDGE('',*,*,#8852,.F.);
#6728=ORIENTED_EDGE('',*,*,#8853,.F.);
#6729=ORIENTED_EDGE('',*,*,#8854,.T.);
#6730=ORIENTED_EDGE('',*,*,#8855,.F.);
#6731=ORIENTED_EDGE('',*,*,#8856,.T.);
#6732=ORIENTED_EDGE('',*,*,#8857,.F.);
#6733=CARTESIAN_POINT('',(14.9999982282103,-7.105427357601E-14,-5.29100797767641E-14));
#6734=DIRECTION('',(-1.22464614348825E-16,-1.0,-1.04083408558608E-16));
#6735=DIRECTION('',(1.75308529738871E-16,-1.04083408558608E-16,1.0));
#6736=SURFACE_STYLE_FILL_AREA(#8858);
#6737=ORIENTED_EDGE('',*,*,#8824,.F.);
#6738=ORIENTED_EDGE('',*,*,#8859,.F.);
#6739=ORIENTED_EDGE('',*,*,#8860,.F.);
#6740=ORIENTED_EDGE('',*,*,#8861,.T.);
#6741=ORIENTED_EDGE('',*,*,#8862,.T.);
#6742=ORIENTED_EDGE('',*,*,#8863,.F.);
#6743=CARTESIAN_POINT('',(9.99999822821026,1.3080386689394,11.4999999999999));
#6744=DIRECTION('',(1.75308529738871E-16,-1.04083408558608E-16,1.0));
#6745=DIRECTION('',(-1.22464614348825E-16,-1.0,-1.04083408558608E-16));
#6746=SURFACE_STYLE_FILL_AREA(#8864);
#6747=ORIENTED_EDGE('',*,*,#8865,.F.);
#6748=ORIENTED_EDGE('',*,*,#8841,.T.);
#6749=ORIENTED_EDGE('',*,*,#8866,.T.);
#6750=ORIENTED_EDGE('',*,*,#8867,.F.);
#6751=CARTESIAN_POINT('',(9.99999822821026,-7.19424519957101E-14,7.99999999999995));
#6752=DIRECTION('',(1.75308529738871E-16,-1.04083408558608E-16,1.0));
#6753=DIRECTION('',(-1.22464614348825E-16,-1.0,-1.04083408558608E-16));
#6754=SURFACE_STYLE_FILL_AREA(#8868);
#6755=ORIENTED_EDGE('',*,*,#8869,.F.);
#6756=ORIENTED_EDGE('',*,*,#8870,.F.);
#6757=ORIENTED_EDGE('',*,*,#8871,.T.);
#6758=ORIENTED_EDGE('',*,*,#8856,.F.);
#6759=ORIENTED_EDGE('',*,*,#8872,.F.);
#6760=ORIENTED_EDGE('',*,*,#8873,.F.);
#6761=ORIENTED_EDGE('',*,*,#8874,.T.);
#6762=ORIENTED_EDGE('',*,*,#8875,.F.);
#6763=ORIENTED_EDGE('',*,*,#8876,.T.);
#6764=ORIENTED_EDGE('',*,*,#8877,.F.);
#6765=ORIENTED_EDGE('',*,*,#8878,.T.);
#6766=ORIENTED_EDGE('',*,*,#8879,.F.);
#6767=ORIENTED_EDGE('',*,*,#8880,.F.);
#6768=ORIENTED_EDGE('',*,*,#8843,.F.);
#6769=CARTESIAN_POINT('',(4.99999822821026,8.99999999999993,-5.0220243802348E-14));
#6770=DIRECTION('',(-1.75308529738871E-16,1.04083408558608E-16,-1.0));
#6771=DIRECTION('',(1.0,-1.22464614348825E-16,-1.75308529738871E-16));
#6772=SURFACE_STYLE_FILL_AREA(#8881);
#6773=ORIENTED_EDGE('',*,*,#8882,.F.);
#6774=ORIENTED_EDGE('',*,*,#8883,.T.);
#6775=ORIENTED_EDGE('',*,*,#8884,.T.);
#6776=ORIENTED_EDGE('',*,*,#8885,.F.);
#6777=CARTESIAN_POINT('',(14.9999982282103,-7.19424519957101E-14,7.99999999999995));
#6778=DIRECTION('',(1.75308529738871E-16,-1.04083408558608E-16,1.0));
#6779=DIRECTION('',(-1.22464614348825E-16,-1.0,-1.04083408558608E-16));
#6780=SURFACE_STYLE_FILL_AREA(#8886);
#6781=ORIENTED_EDGE('',*,*,#8870,.T.);
#6782=ORIENTED_EDGE('',*,*,#8887,.T.);
#6783=ORIENTED_EDGE('',*,*,#8885,.T.);
#6784=ORIENTED_EDGE('',*,*,#8888,.F.);
#6785=CARTESIAN_POINT('',(21.0000006282103,7.49999999999993,7.99999999999995));
#6786=DIRECTION('',(-1.22464614348825E-16,-1.0,-1.04083408558608E-16));
#6787=DIRECTION('',(1.75308529738871E-16,-1.04083408558608E-16,1.0));
#6788=SURFACE_STYLE_FILL_AREA(#8889);
#6789=ORIENTED_EDGE('',*,*,#8890,.F.);
#6790=ORIENTED_EDGE('',*,*,#8867,.T.);
#6791=ORIENTED_EDGE('',*,*,#8891,.T.);
#6792=ORIENTED_EDGE('',*,*,#8862,.F.);
#6793=CARTESIAN_POINT('',(14.9999982282103,0.499999999999928,7.99999999999995));
#6794=DIRECTION('',(-7.98900156167316E-17,-0.974370064785235,0.224951054343865));
#6795=DIRECTION('',(1.0,-1.22464614348825E-16,-1.75308529738871E-16));
#6796=SURFACE_STYLE_FILL_AREA(#8892);
#6797=ORIENTED_EDGE('',*,*,#8883,.F.);
#6798=ORIENTED_EDGE('',*,*,#8893,.T.);
#6799=ORIENTED_EDGE('',*,*,#8860,.T.);
#6800=ORIENTED_EDGE('',*,*,#8894,.F.);
#6801=CARTESIAN_POINT('',(21.0000006282103,6.49999999999993,12.1813739999999));
#6802=DIRECTION('',(-1.22464614348825E-16,-1.0,-1.04083408558608E-16));
#6803=DIRECTION('',(1.75308529738871E-16,-1.04083408558608E-16,1.0));
#6804=SURFACE_STYLE_FILL_AREA(#8895);
#6805=ORIENTED_EDGE('',*,*,#8837,.T.);
#6806=ORIENTED_EDGE('',*,*,#8896,.T.);
#6807=ORIENTED_EDGE('',*,*,#8897,.F.);
#6808=CARTESIAN_POINT('',(12.4999982282103,3.99999999999993,6.74999999999995));
#6809=DIRECTION('',(-1.75308529738871E-16,1.04083408558608E-16,-1.0));
#6810=DIRECTION('',(1.0,-1.22464614348825E-16,-1.75308529738871E-16));
#6811=SURFACE_STYLE_FILL_AREA(#8898);
#6812=ORIENTED_EDGE('',*,*,#8899,.T.);
#6813=ORIENTED_EDGE('',*,*,#8900,.F.);
#6814=ORIENTED_EDGE('',*,*,#8901,.T.);
#6815=ORIENTED_EDGE('',*,*,#8838,.T.);
#6816=ORIENTED_EDGE('',*,*,#8897,.T.);
#6817=ORIENTED_EDGE('',*,*,#8902,.T.);
#6818=ORIENTED_EDGE('',*,*,#8903,.F.);
#6819=CARTESIAN_POINT('',(14.3549982282103,2.29999999999995,6.04999999999995));
#6820=DIRECTION('',(2.97773209653606E-16,-1.04083408558608E-16,1.0));
#6821=DIRECTION('',(1.0,-1.22464614348825E-16,-2.97773209653606E-16));
#6822=SURFACE_STYLE_FILL_AREA(#8904);
#6823=ORIENTED_EDGE('',*,*,#8905,.F.);
#6824=ORIENTED_EDGE('',*,*,#8900,.T.);
#6825=ORIENTED_EDGE('',*,*,#8906,.F.);
#6826=CARTESIAN_POINT('',(10.9999982282103,6.49999999999993,0.389997599999949));
#6827=DIRECTION('',(-1.22464614348825E-16,-1.0,-1.04083408558608E-16));
#6828=DIRECTION('',(1.75308529738871E-16,-1.04083408558608E-16,1.0));
#6829=SURFACE_STYLE_FILL_AREA(#8907);
#6830=ORIENTED_EDGE('',*,*,#8908,.T.);
#6831=ORIENTED_EDGE('',*,*,#8909,.F.);
#6832=ORIENTED_EDGE('',*,*,#8910,.F.);
#6833=ORIENTED_EDGE('',*,*,#8911,.F.);
#6834=ORIENTED_EDGE('',*,*,#8912,.F.);
#6835=ORIENTED_EDGE('',*,*,#8913,.T.);
#6836=ORIENTED_EDGE('',*,*,#8914,.F.);
#6837=ORIENTED_EDGE('',*,*,#8915,.F.);
#6838=CARTESIAN_POINT('',(11.1749982282103,3.99999999999996,3.52499999999997));
#6839=DIRECTION('',(1.0,-1.22464614348825E-16,-1.75308529738871E-16));
#6840=DIRECTION('',(-1.75308529738871E-16,1.04083408558608E-16,-1.0));
#6841=SURFACE_STYLE_FILL_AREA(#8916);
#6842=ORIENTED_EDGE('',*,*,#8917,.T.);
#6843=ORIENTED_EDGE('',*,*,#8918,.F.);
#6844=ORIENTED_EDGE('',*,*,#8919,.F.);
#6845=ORIENTED_EDGE('',*,*,#8915,.T.);
#6846=CARTESIAN_POINT('',(11.2749982282103,1.74999999999991,1.79999999999995));
#6847=DIRECTION('',(1.22464614348825E-16,1.0,1.04083408558608E-16));
#6848=DIRECTION('',(2.36540869696239E-16,-1.04083408558608E-16,1.0));
#6849=SURFACE_STYLE_FILL_AREA(#8920);
#6850=ORIENTED_EDGE('',*,*,#8921,.T.);
#6851=ORIENTED_EDGE('',*,*,#8922,.T.);
#6852=ORIENTED_EDGE('',*,*,#8923,.F.);
#6853=ORIENTED_EDGE('',*,*,#8924,.T.);
#6854=ORIENTED_EDGE('',*,*,#8925,.F.);
#6855=ORIENTED_EDGE('',*,*,#8926,.F.);
#6856=ORIENTED_EDGE('',*,*,#8927,.F.);
#6857=ORIENTED_EDGE('',*,*,#8928,.F.);
#6858=ORIENTED_EDGE('',*,*,#8929,.F.);
#6859=ORIENTED_EDGE('',*,*,#8930,.T.);
#6860=ORIENTED_EDGE('',*,*,#8931,.F.);
#6861=ORIENTED_EDGE('',*,*,#8932,.T.);
#6862=ORIENTED_EDGE('',*,*,#8933,.T.);
#6863=ORIENTED_EDGE('',*,*,#8934,.T.);
#6864=ORIENTED_EDGE('',*,*,#8935,.F.);
#6865=ORIENTED_EDGE('',*,*,#8936,.T.);
#6866=CARTESIAN_POINT('',(11.3999982282103,2.29999999999995,3.11463804893727));
#6867=DIRECTION('',(1.0,-1.22464614348825E-16,-1.75308529738871E-16));
#6868=DIRECTION('',(-1.75308529738871E-16,1.04083408558608E-16,-1.0));
#6869=SURFACE_STYLE_FILL_AREA(#8937);
#6870=ORIENTED_EDGE('',*,*,#8938,.T.);
#6871=ORIENTED_EDGE('',*,*,#8924,.F.);
#6872=ORIENTED_EDGE('',*,*,#8939,.F.);
#6873=ORIENTED_EDGE('',*,*,#8940,.F.);
#6874=CARTESIAN_POINT('',(14.5249982282103,1.61513871421425,5.20230966992982));
#6875=DIRECTION('',(-2.12035549877886E-16,-0.674306428928574,-0.738451650350647));
#6876=DIRECTION('',(1.0,-1.22464614348825E-16,-1.75308529738871E-16));
#6877=SURFACE_STYLE_FILL_AREA(#8941);
#6878=ORIENTED_EDGE('',*,*,#8942,.T.);
#6879=ORIENTED_EDGE('',*,*,#8922,.F.);
#6880=ORIENTED_EDGE('',*,*,#8943,.F.);
#6881=ORIENTED_EDGE('',*,*,#8944,.F.);
#6882=CARTESIAN_POINT('',(14.5249982282103,4.53961879067508,3.57286583915197));
#6883=DIRECTION('',(-7.60618280829659E-17,0.562485284140957,-0.826807296245544));
#6884=DIRECTION('',(1.99863104838008E-16,0.826807296245544,0.562485284140957));
#6885=SURFACE_STYLE_FILL_AREA(#8945);
#6886=ORIENTED_EDGE('',*,*,#8939,.T.);
#6887=ORIENTED_EDGE('',*,*,#8923,.T.);
#6888=ORIENTED_EDGE('',*,*,#8942,.F.);
#6889=ORIENTED_EDGE('',*,*,#8946,.F.);
#6890=CARTESIAN_POINT('',(14.5249982282103,3.97713350653413,4.39967313539751));
#6891=DIRECTION('',(-1.0,1.22464614348825E-16,1.75308529738871E-16));
#6892=DIRECTION('',(1.22464614348825E-16,1.0,1.04083408558608E-16));
#6893=SURFACE_STYLE_FILL_AREA(#8947);
#6894=ORIENTED_EDGE('',*,*,#8948,.T.);
#6895=ORIENTED_EDGE('',*,*,#8949,.F.);
#6896=ORIENTED_EDGE('',*,*,#8950,.T.);
#6897=ORIENTED_EDGE('',*,*,#8951,.F.);
#6898=CARTESIAN_POINT('',(9.99999822821026,6.79999999999993,3.99999999999995));
#6899=DIRECTION('',(1.22464614348825E-16,1.0,1.04083408558608E-16));
#6900=DIRECTION('',(-1.0,1.22464614348825E-16,1.75308529738871E-16));
#6901=SURFACE_STYLE_FILL_AREA(#8952);
#6902=ORIENTED_EDGE('',*,*,#8953,.T.);
#6903=ORIENTED_EDGE('',*,*,#8954,.F.);
#6904=ORIENTED_EDGE('',*,*,#8955,.T.);
#6905=ORIENTED_EDGE('',*,*,#8950,.F.);
#6906=CARTESIAN_POINT('',(10.9999982282103,6.49999999999995,1.64999999999995));
#6907=DIRECTION('',(1.75308529738871E-16,-1.04083408558608E-16,1.0));
#6908=DIRECTION('',(-1.22464614348825E-16,-1.0,-1.04083408558608E-16));
#6909=SURFACE_STYLE_FILL_AREA(#8956);
#6910=ORIENTED_EDGE('',*,*,#8953,.F.);
#6911=ORIENTED_EDGE('',*,*,#8949,.T.);
#6912=ORIENTED_EDGE('',*,*,#8957,.F.);
#6913=ORIENTED_EDGE('',*,*,#8958,.T.);
#6914=CARTESIAN_POINT('',(10.9999982282103,8.79999999999993,0.38999759999995));
#6915=DIRECTION('',(1.0,-1.22464614348825E-16,-1.75308529738871E-16));
#6916=DIRECTION('',(-1.75308529738871E-16,1.04083408558608E-16,-1.0));
#6917=SURFACE_STYLE_FILL_AREA(#8959);
#6918=ORIENTED_EDGE('',*,*,#8957,.T.);
#6919=ORIENTED_EDGE('',*,*,#8948,.F.);
#6920=ORIENTED_EDGE('',*,*,#8960,.T.);
#6921=ORIENTED_EDGE('',*,*,#8961,.F.);
#6922=CARTESIAN_POINT('',(10.9999982282103,6.79999999999993,5.59999999999995));
#6923=DIRECTION('',(-1.75308529738871E-16,1.04083408558608E-16,-1.0));
#6924=DIRECTION('',(1.0,-1.22464614348825E-16,-1.75308529738871E-16));
#6925=SURFACE_STYLE_FILL_AREA(#8962);
#6926=ORIENTED_EDGE('',*,*,#8963,.T.);
#6927=ORIENTED_EDGE('',*,*,#8964,.F.);
#6928=ORIENTED_EDGE('',*,*,#8965,.T.);
#6929=ORIENTED_EDGE('',*,*,#8966,.T.);
#6930=ORIENTED_EDGE('',*,*,#8967,.F.);
#6931=ORIENTED_EDGE('',*,*,#8943,.T.);
#6932=ORIENTED_EDGE('',*,*,#8921,.F.);
#6933=ORIENTED_EDGE('',*,*,#8968,.T.);
#6934=ORIENTED_EDGE('',*,*,#8969,.F.);
#6935=ORIENTED_EDGE('',*,*,#8908,.F.);
#6936=ORIENTED_EDGE('',*,*,#8919,.T.);
#6937=ORIENTED_EDGE('',*,*,#8954,.T.);
#6938=ORIENTED_EDGE('',*,*,#8958,.F.);
#6939=ORIENTED_EDGE('',*,*,#8961,.T.);
#6940=ORIENTED_EDGE('',*,*,#8970,.F.);
#6941=CARTESIAN_POINT('',(15.1865838431751,6.49999999999995,-2.0543362781156));
#6942=DIRECTION('',(-1.22464614348825E-16,-1.0,-1.04083408558608E-16));
#6943=DIRECTION('',(1.75308529738871E-16,-1.04083408558608E-16,1.0));
#6944=SURFACE_STYLE_FILL_AREA(#8971);
#6945=ORIENTED_EDGE('',*,*,#8963,.F.);
#6946=ORIENTED_EDGE('',*,*,#8918,.T.);
#6947=ORIENTED_EDGE('',*,*,#8972,.T.);
#6948=ORIENTED_EDGE('',*,*,#8973,.T.);
#6949=CARTESIAN_POINT('',(3.82499822821026,6.49999999999995,1.69999999999995));
#6950=DIRECTION('',(1.75308529738871E-16,-1.04083408558608E-16,1.0));
#6951=DIRECTION('',(-1.22464614348825E-16,-1.0,-1.04083408558608E-16));
#6952=SURFACE_STYLE_FILL_AREA(#8974);
#6953=ORIENTED_EDGE('',*,*,#8972,.F.);
#6954=ORIENTED_EDGE('',*,*,#8917,.F.);
#6955=ORIENTED_EDGE('',*,*,#8914,.T.);
#6956=ORIENTED_EDGE('',*,*,#8975,.F.);
#6957=ORIENTED_EDGE('',*,*,#8976,.F.);
#6958=ORIENTED_EDGE('',*,*,#8977,.T.);
#6959=ORIENTED_EDGE('',*,*,#8978,.T.);
#6960=ORIENTED_EDGE('',*,*,#8979,.T.);
#6961=ORIENTED_EDGE('',*,*,#8980,.F.);
#6962=ORIENTED_EDGE('',*,*,#8981,.F.);
#6963=ORIENTED_EDGE('',*,*,#8982,.F.);
#6964=ORIENTED_EDGE('',*,*,#8983,.F.);
#6965=ORIENTED_EDGE('',*,*,#8984,.F.);
#6966=ORIENTED_EDGE('',*,*,#8985,.T.);
#6967=ORIENTED_EDGE('',*,*,#8986,.T.);
#6968=ORIENTED_EDGE('',*,*,#8987,.T.);
#6969=CARTESIAN_POINT('',(27.2074319021438,1.49999999999995,7.61158561496476));
#6970=DIRECTION('',(-1.22464614348825E-16,-1.0,-1.04083408558608E-16));
#6971=DIRECTION('',(1.75308529738871E-16,-1.04083408558608E-16,1.0));
#6972=SURFACE_STYLE_FILL_AREA(#8988);
#6973=ORIENTED_EDGE('',*,*,#8989,.F.);
#6974=ORIENTED_EDGE('',*,*,#8990,.F.);
#6975=ORIENTED_EDGE('',*,*,#8991,.F.);
#6976=ORIENTED_EDGE('',*,*,#8992,.T.);
#6977=CARTESIAN_POINT('',(12.2249982282103,3.34999999999997,0.649999999999948));
#6978=DIRECTION('',(-1.0,-2.10602293038722E-16,1.75308529738871E-16));
#6979=DIRECTION('',(2.10602293038722E-16,-1.0,-1.04083408558608E-16));
#6980=SURFACE_STYLE_FILL_AREA(#8993);
#6981=ORIENTED_EDGE('',*,*,#8994,.T.);
#6982=ORIENTED_EDGE('',*,*,#8879,.T.);
#6983=ORIENTED_EDGE('',*,*,#8995,.F.);
#6984=ORIENTED_EDGE('',*,*,#8996,.F.);
#6985=ORIENTED_EDGE('',*,*,#8992,.F.);
#6986=ORIENTED_EDGE('',*,*,#8997,.F.);
#6987=CARTESIAN_POINT('',(12.2249982282103,2.64999999999997,0.649999999999948));
#6988=DIRECTION('',(-0.955285890691349,0.295683728071119,1.98245535250347E-16));
#6989=DIRECTION('',(1.75308529738871E-16,-1.04083408558608E-16,1.0));
#6990=SURFACE_STYLE_FILL_AREA(#8998);
#6991=ORIENTED_EDGE('',*,*,#8832,.T.);
#6992=ORIENTED_EDGE('',*,*,#8999,.F.);
#6993=ORIENTED_EDGE('',*,*,#9000,.T.);
#6994=ORIENTED_EDGE('',*,*,#9001,.F.);
#6995=CARTESIAN_POINT('',(19.814681238993,3.99999999999997,-3.10000000000005));
#6996=DIRECTION('',(1.0,-1.22464614348825E-16,-2.36540869696239E-16));
#6997=DIRECTION('',(2.36540869696239E-16,-1.04083408558608E-16,1.0));
#6998=SURFACE_STYLE_FILL_AREA(#9002);
#6999=ORIENTED_EDGE('',*,*,#8877,.T.);
#7000=ORIENTED_EDGE('',*,*,#9003,.T.);
#7001=ORIENTED_EDGE('',*,*,#8833,.T.);
#7002=ORIENTED_EDGE('',*,*,#9001,.T.);
#7003=ORIENTED_EDGE('',*,*,#9004,.F.);
#7004=CARTESIAN_POINT('',(12.1499982282103,3.49999999999997,-4.65900240000005));
#7005=DIRECTION('',(-1.0,1.22464614348825E-16,1.75308529738871E-16));
#7006=DIRECTION('',(-1.22464614348825E-16,-1.0,-1.04083408558608E-16));
#7007=SURFACE_STYLE_FILL_AREA(#9005);
#7008=ORIENTED_EDGE('',*,*,#8876,.F.);
#7009=ORIENTED_EDGE('',*,*,#9006,.F.);
#7010=ORIENTED_EDGE('',*,*,#8834,.T.);
#7011=ORIENTED_EDGE('',*,*,#9003,.F.);
#7012=CARTESIAN_POINT('',(12.1499982282103,4.49999999999997,-4.65900240000005));
#7013=DIRECTION('',(1.22464614348825E-16,1.0,1.04083408558608E-16));
#7014=DIRECTION('',(-1.0,1.22464614348825E-16,1.75308529738871E-16));
#7015=SURFACE_STYLE_FILL_AREA(#9007);
#7016=ORIENTED_EDGE('',*,*,#9008,.F.);
#7017=ORIENTED_EDGE('',*,*,#8827,.T.);
#7018=ORIENTED_EDGE('',*,*,#9009,.T.);
#7019=ORIENTED_EDGE('',*,*,#9010,.F.);
#7020=CARTESIAN_POINT('',(2.49999822821026,3.59999999999993,10.5999999999999));
#7021=DIRECTION('',(-1.22464614348825E-16,-1.0,-1.04083408558608E-16));
#7022=DIRECTION('',(1.75308529738871E-16,-1.04083408558608E-16,1.0));
#7023=SURFACE_STYLE_FILL_AREA(#9011);
#7024=ORIENTED_EDGE('',*,*,#9009,.F.);
#7025=ORIENTED_EDGE('',*,*,#8826,.T.);
#7026=ORIENTED_EDGE('',*,*,#9012,.T.);
#7027=CARTESIAN_POINT('',(12.4999982282103,3.99999999999992,10.5999999999999));
#7028=DIRECTION('',(1.75308529738871E-16,-1.04083408558608E-16,1.0));
#7029=DIRECTION('',(-1.22464614348825E-16,-1.0,-1.04083408558608E-16));
#7030=SURFACE_STYLE_FILL_AREA(#9013);
#7031=ORIENTED_EDGE('',*,*,#8828,.T.);
#7032=ORIENTED_EDGE('',*,*,#9008,.T.);
#7033=ORIENTED_EDGE('',*,*,#9014,.T.);
#7034=ORIENTED_EDGE('',*,*,#9015,.T.);
#7035=CARTESIAN_POINT('',(12.4999982282103,3.99999999999992,9.69999999999996));
#7036=DIRECTION('',(1.75308529738871E-16,-1.04083408558608E-16,1.0));
#7037=DIRECTION('',(-1.22464614348825E-16,-1.0,-1.04083408558608E-16));
#7038=SURFACE_STYLE_FILL_AREA(#9016);
#7039=ORIENTED_EDGE('',*,*,#8829,.F.);
#7040=ORIENTED_EDGE('',*,*,#9015,.F.);
#7041=ORIENTED_EDGE('',*,*,#9017,.T.);
#7042=ORIENTED_EDGE('',*,*,#9018,.T.);
#7043=CARTESIAN_POINT('',(2.49999822821026,4.39999999999991,10.5999999999999));
#7044=DIRECTION('',(1.22464614348825E-16,1.0,1.04083408558608E-16));
#7045=DIRECTION('',(-1.0,1.22464614348825E-16,1.75308529738871E-16));
#7046=SURFACE_STYLE_FILL_AREA(#9019);
#7047=ORIENTED_EDGE('',*,*,#9020,.T.);
#7048=ORIENTED_EDGE('',*,*,#8830,.T.);
#7049=ORIENTED_EDGE('',*,*,#9018,.F.);
#7050=CARTESIAN_POINT('',(12.4999982282103,3.99999999999992,10.5999999999999));
#7051=DIRECTION('',(1.75308529738871E-16,-1.04083408558608E-16,1.0));
#7052=DIRECTION('',(-1.22464614348825E-16,-1.0,-1.04083408558608E-16));
#7053=SURFACE_STYLE_FILL_AREA(#9021);
#7054=ORIENTED_EDGE('',*,*,#8823,.T.);
#7055=ORIENTED_EDGE('',*,*,#9020,.F.);
#7056=ORIENTED_EDGE('',*,*,#9017,.F.);
#7057=ORIENTED_EDGE('',*,*,#9014,.F.);
#7058=ORIENTED_EDGE('',*,*,#9010,.T.);
#7059=ORIENTED_EDGE('',*,*,#9012,.F.);
#7060=ORIENTED_EDGE('',*,*,#8825,.T.);
#7061=ORIENTED_EDGE('',*,*,#8859,.T.);
#7062=CARTESIAN_POINT('',(12.4999982282103,3.99999999999993,11.4999999999999));
#7063=DIRECTION('',(-1.75308529738871E-16,1.04083408558608E-16,-1.0));
#7064=DIRECTION('',(0.866025403784439,0.5,-9.97799359746581E-17));
#7065=SURFACE_STYLE_FILL_AREA(#9022);
#7066=ORIENTED_EDGE('',*,*,#8878,.F.);
#7067=ORIENTED_EDGE('',*,*,#9023,.T.);
#7068=ORIENTED_EDGE('',*,*,#9024,.F.);
#7069=ORIENTED_EDGE('',*,*,#8995,.T.);
#7070=CARTESIAN_POINT('',(12.1499982282103,3.49999999999997,-5.20461585370532E-14));
#7071=DIRECTION('',(1.0,-1.22464614348825E-16,-1.75308529738871E-16));
#7072=DIRECTION('',(-1.75308529738871E-16,1.04083408558608E-16,-1.0));
#7073=SURFACE_STYLE_FILL_AREA(#9025);
#7074=ORIENTED_EDGE('',*,*,#9024,.T.);
#7075=ORIENTED_EDGE('',*,*,#9026,.T.);
#7076=ORIENTED_EDGE('',*,*,#8989,.T.);
#7077=ORIENTED_EDGE('',*,*,#8996,.T.);
#7078=CARTESIAN_POINT('',(17.4999982282103,6.09999999999995,0.199999999999947));
#7079=DIRECTION('',(-1.75308529738871E-16,1.04083408558608E-16,-1.0));
#7080=DIRECTION('',(1.0,-1.22464614348825E-16,-1.75308529738871E-16));
#7081=SURFACE_STYLE_FILL_AREA(#9027);
#7082=ORIENTED_EDGE('',*,*,#9028,.F.);
#7083=ORIENTED_EDGE('',*,*,#9029,.F.);
#7084=ORIENTED_EDGE('',*,*,#9030,.F.);
#7085=ORIENTED_EDGE('',*,*,#9031,.F.);
#7086=CARTESIAN_POINT('',(11.8999982282103,4.49999999999997,-5.18982479960599E-14));
#7087=DIRECTION('',(1.22464614348825E-16,1.0,1.04083408558608E-16));
#7088=DIRECTION('',(-1.0,1.22464614348825E-16,1.75308529738871E-16));
#7089=SURFACE_STYLE_FILL_AREA(#9032);
#7090=ORIENTED_EDGE('',*,*,#9033,.T.);
#7091=ORIENTED_EDGE('',*,*,#9031,.T.);
#7092=ORIENTED_EDGE('',*,*,#9034,.T.);
#7093=ORIENTED_EDGE('',*,*,#9035,.F.);
#7094=CARTESIAN_POINT('',(12.1499982282103,3.49999999999997,-4.65900240000005));
#7095=DIRECTION('',(-1.0,1.22464614348825E-16,1.75308529738871E-16));
#7096=DIRECTION('',(-1.22464614348825E-16,-1.0,-1.04083408558608E-16));
#7097=SURFACE_STYLE_FILL_AREA(#9036);
#7098=ORIENTED_EDGE('',*,*,#9037,.T.);
#7099=ORIENTED_EDGE('',*,*,#9035,.T.);
#7100=ORIENTED_EDGE('',*,*,#9038,.F.);
#7101=ORIENTED_EDGE('',*,*,#8990,.T.);
#7102=ORIENTED_EDGE('',*,*,#9026,.F.);
#7103=ORIENTED_EDGE('',*,*,#9023,.F.);
#7104=ORIENTED_EDGE('',*,*,#9004,.T.);
#7105=ORIENTED_EDGE('',*,*,#9000,.F.);
#7106=ORIENTED_EDGE('',*,*,#9039,.F.);
#7107=ORIENTED_EDGE('',*,*,#9040,.T.);
#7108=ORIENTED_EDGE('',*,*,#9041,.F.);
#7109=ORIENTED_EDGE('',*,*,#9042,.F.);
#7110=ORIENTED_EDGE('',*,*,#9043,.F.);
#7111=ORIENTED_EDGE('',*,*,#9044,.F.);
#7112=CARTESIAN_POINT('',(13.0253890469306,3.49999999999997,-4.65900240000006));
#7113=DIRECTION('',(-1.22464614348825E-16,-1.0,-1.04083408558608E-16));
#7114=DIRECTION('',(1.75308529738871E-16,-1.04083408558608E-16,1.0));
#7115=SURFACE_STYLE_FILL_AREA(#9045);
#7116=ORIENTED_EDGE('',*,*,#9030,.T.);
#7117=ORIENTED_EDGE('',*,*,#9046,.T.);
#7118=ORIENTED_EDGE('',*,*,#8997,.T.);
#7119=ORIENTED_EDGE('',*,*,#8991,.T.);
#7120=ORIENTED_EDGE('',*,*,#9038,.T.);
#7121=ORIENTED_EDGE('',*,*,#9034,.F.);
#7122=CARTESIAN_POINT('',(11.9276767996388,2.42499999999995,0.649999999999948));
#7123=DIRECTION('',(1.75308529738871E-16,-1.04083408558608E-16,1.0));
#7124=DIRECTION('',(-1.22464614348825E-16,-1.0,-1.04083408558608E-16));
#7125=SURFACE_STYLE_FILL_AREA(#9047);
#7126=ORIENTED_EDGE('',*,*,#8880,.T.);
#7127=ORIENTED_EDGE('',*,*,#8994,.F.);
#7128=ORIENTED_EDGE('',*,*,#9048,.T.);
#7129=ORIENTED_EDGE('',*,*,#8844,.T.);
#7130=CARTESIAN_POINT('',(11.8999982282103,4.13230958664133,-5.19365184675766E-14));
#7131=DIRECTION('',(-1.0,1.22464614348825E-16,1.75308529738871E-16));
#7132=DIRECTION('',(-1.22464614348825E-16,-1.0,-1.04083408558608E-16));
#7133=SURFACE_STYLE_FILL_AREA(#9049);
#7134=ORIENTED_EDGE('',*,*,#9050,.F.);
#7135=ORIENTED_EDGE('',*,*,#9051,.F.);
#7136=ORIENTED_EDGE('',*,*,#8846,.T.);
#7137=CARTESIAN_POINT('',(14.5999982282103,-7.105427357601E-14,0.999999999999947));
#7138=DIRECTION('',(-1.75308529738871E-16,1.04083408558608E-16,-1.0));
#7139=DIRECTION('',(1.0,-1.22464614348825E-16,-1.75308529738871E-16));
#7140=SURFACE_STYLE_FILL_AREA(#9052);
#7141=ORIENTED_EDGE('',*,*,#8845,.F.);
#7142=ORIENTED_EDGE('',*,*,#9048,.F.);
#7143=ORIENTED_EDGE('',*,*,#9046,.F.);
#7144=ORIENTED_EDGE('',*,*,#9029,.T.);
#7145=ORIENTED_EDGE('',*,*,#9053,.F.);
#7146=ORIENTED_EDGE('',*,*,#9054,.T.);
#7147=ORIENTED_EDGE('',*,*,#9050,.T.);
#7148=CARTESIAN_POINT('',(11.8999982282103,-7.105427357601E-14,0.649999999999949));
#7149=DIRECTION('',(0.48860336893184,-1.50650023273713E-16,0.872506015949722));
#7150=DIRECTION('',(1.22464614348825E-16,1.0,1.04083408558608E-16));
#7151=SURFACE_STYLE_FILL_AREA(#9055);
#7152=ORIENTED_EDGE('',*,*,#8978,.F.);
#7153=ORIENTED_EDGE('',*,*,#9053,.T.);
#7154=ORIENTED_EDGE('',*,*,#9028,.T.);
#7155=ORIENTED_EDGE('',*,*,#9033,.F.);
#7156=ORIENTED_EDGE('',*,*,#9037,.F.);
#7157=ORIENTED_EDGE('',*,*,#9056,.F.);
#7158=ORIENTED_EDGE('',*,*,#9057,.T.);
#7159=ORIENTED_EDGE('',*,*,#9058,.F.);
#7160=CARTESIAN_POINT('',(11.6198268050659,7.95130634301434,0.999999999999947));
#7161=DIRECTION('',(-1.75308529738871E-16,1.04083408558608E-16,-1.0));
#7162=DIRECTION('',(1.0,-1.22464614348825E-16,-1.75308529738871E-16));
#7163=SURFACE_STYLE_FILL_AREA(#9059);
#7164=ORIENTED_EDGE('',*,*,#8854,.F.);
#7165=ORIENTED_EDGE('',*,*,#9060,.T.);
#7166=ORIENTED_EDGE('',*,*,#9061,.F.);
#7167=ORIENTED_EDGE('',*,*,#9058,.T.);
#7168=ORIENTED_EDGE('',*,*,#9062,.T.);
#7169=ORIENTED_EDGE('',*,*,#9063,.T.);
#7170=ORIENTED_EDGE('',*,*,#9064,.T.);
#7171=CARTESIAN_POINT('',(13.7249982282103,-7.105427357601E-14,0.999999999999947));
#7172=DIRECTION('',(-0.488603368931843,-3.09767769821633E-17,0.87250601594972));
#7173=DIRECTION('',(-1.22464614348825E-16,-1.0,-1.04083408558608E-16));
#7174=SURFACE_STYLE_FILL_AREA(#9065);
#7175=ORIENTED_EDGE('',*,*,#9060,.F.);
#7176=ORIENTED_EDGE('',*,*,#8853,.T.);
#7177=ORIENTED_EDGE('',*,*,#9066,.F.);
#7178=CARTESIAN_POINT('',(14.5999982282103,-7.105427357601E-14,0.999999999999947));
#7179=DIRECTION('',(-1.75308529738871E-16,1.04083408558608E-16,-1.0));
#7180=DIRECTION('',(1.0,-1.22464614348825E-16,-1.75308529738871E-16));
#7181=SURFACE_STYLE_FILL_AREA(#9067);
#7182=ORIENTED_EDGE('',*,*,#9061,.T.);
#7183=ORIENTED_EDGE('',*,*,#9068,.T.);
#7184=ORIENTED_EDGE('',*,*,#9069,.F.);
#7185=ORIENTED_EDGE('',*,*,#8979,.F.);
#7186=CARTESIAN_POINT('',(13.7249982282103,3.99999999999993,1.79999999999995));
#7187=DIRECTION('',(1.22464614348825E-16,1.0,1.04083408558608E-16));
#7188=DIRECTION('',(-1.75308529738871E-16,1.04083408558608E-16,-1.0));
#7189=SURFACE_STYLE_FILL_AREA(#9070);
#7190=ORIENTED_EDGE('',*,*,#8960,.F.);
#7191=ORIENTED_EDGE('',*,*,#8951,.T.);
#7192=ORIENTED_EDGE('',*,*,#8955,.F.);
#7193=ORIENTED_EDGE('',*,*,#8970,.T.);
#7194=CARTESIAN_POINT('',(13.9999982282103,6.49999999999993,0.389997599999949));
#7195=DIRECTION('',(-1.0,1.22464614348825E-16,1.75308529738871E-16));
#7196=DIRECTION('',(-1.22464614348825E-16,-1.0,-1.04083408558608E-16));
#7197=SURFACE_STYLE_FILL_AREA(#9071);
#7198=ORIENTED_EDGE('',*,*,#8967,.T.);
#7199=ORIENTED_EDGE('',*,*,#9072,.F.);
#7200=ORIENTED_EDGE('',*,*,#9073,.T.);
#7201=ORIENTED_EDGE('',*,*,#9074,.T.);
#7202=ORIENTED_EDGE('',*,*,#9075,.F.);
#7203=ORIENTED_EDGE('',*,*,#9076,.F.);
#7204=ORIENTED_EDGE('',*,*,#9077,.T.);
#7205=ORIENTED_EDGE('',*,*,#9078,.F.);
#7206=ORIENTED_EDGE('',*,*,#9079,.F.);
#7207=ORIENTED_EDGE('',*,*,#9080,.F.);
#7208=ORIENTED_EDGE('',*,*,#9081,.T.);
#7209=ORIENTED_EDGE('',*,*,#9082,.F.);
#7210=ORIENTED_EDGE('',*,*,#9083,.T.);
#7211=ORIENTED_EDGE('',*,*,#8940,.T.);
#7212=ORIENTED_EDGE('',*,*,#8946,.T.);
#7213=ORIENTED_EDGE('',*,*,#8944,.T.);
#7214=CARTESIAN_POINT('',(13.5999982282103,6.7912538612857,3.1534159999998));
#7215=DIRECTION('',(-1.0,1.22464614348825E-16,1.75308529738871E-16));
#7216=DIRECTION('',(-1.22464614348825E-16,-1.0,-1.04083408558608E-16));
#7217=SURFACE_STYLE_FILL_AREA(#9084);
#7218=ORIENTED_EDGE('',*,*,#9079,.T.);
#7219=ORIENTED_EDGE('',*,*,#9085,.T.);
#7220=ORIENTED_EDGE('',*,*,#9086,.T.);
#7221=ORIENTED_EDGE('',*,*,#9087,.F.);
#7222=ORIENTED_EDGE('',*,*,#9088,.T.);
#7223=CARTESIAN_POINT('',(14.1749982282103,2.29999999999995,3.97499999999997));
#7224=DIRECTION('',(-1.22464614348825E-16,-1.0,-1.04083408558608E-16));
#7225=DIRECTION('',(1.75308529738871E-16,-1.04083408558608E-16,1.0));
#7226=SURFACE_STYLE_FILL_AREA(#9089);
#7227=ORIENTED_EDGE('',*,*,#9090,.F.);
#7228=ORIENTED_EDGE('',*,*,#8928,.T.);
#7229=ORIENTED_EDGE('',*,*,#9091,.T.);
#7230=ORIENTED_EDGE('',*,*,#9080,.T.);
#7231=ORIENTED_EDGE('',*,*,#9088,.F.);
#7232=ORIENTED_EDGE('',*,*,#9092,.F.);
#7233=ORIENTED_EDGE('',*,*,#8984,.T.);
#7234=ORIENTED_EDGE('',*,*,#9093,.F.);
#7235=CARTESIAN_POINT('',(28.8499982282103,6.49999999999995,6.24999999999998));
#7236=DIRECTION('',(-2.97773209653606E-16,1.04083408558608E-16,-1.0));
#7237=DIRECTION('',(1.22464614348825E-16,1.0,1.04083408558608E-16));
#7238=SURFACE_STYLE_FILL_AREA(#9094);
#7239=ORIENTED_EDGE('',*,*,#8987,.F.);
#7240=ORIENTED_EDGE('',*,*,#9095,.F.);
#7241=ORIENTED_EDGE('',*,*,#8964,.T.);
#7242=ORIENTED_EDGE('',*,*,#8973,.F.);
#7243=CARTESIAN_POINT('',(13.7249982282103,3.49999999999997,1.79999999999995));
#7244=DIRECTION('',(-1.22464614348825E-16,-1.0,-1.04083408558608E-16));
#7245=DIRECTION('',(-2.36540869696239E-16,1.04083408558608E-16,-1.0));
#7246=SURFACE_STYLE_FILL_AREA(#9096);
#7247=ORIENTED_EDGE('',*,*,#9085,.F.);
#7248=ORIENTED_EDGE('',*,*,#9078,.T.);
#7249=ORIENTED_EDGE('',*,*,#9097,.F.);
#7250=ORIENTED_EDGE('',*,*,#9098,.T.);
#7251=CARTESIAN_POINT('',(11.0874570610759,2.34254319230313,6.04999999999995));
#7252=DIRECTION('',(1.75308529738871E-16,-1.04083408558608E-16,1.0));
#7253=DIRECTION('',(-1.22464614348825E-16,-1.0,-1.04083408558608E-16));
#7254=SURFACE_STYLE_FILL_AREA(#9099);
#7255=ORIENTED_EDGE('',*,*,#9077,.F.);
#7256=ORIENTED_EDGE('',*,*,#9100,.F.);
#7257=ORIENTED_EDGE('',*,*,#9101,.T.);
#7258=ORIENTED_EDGE('',*,*,#9097,.T.);
#7259=CARTESIAN_POINT('',(13.4081620398591,1.74999999999995,6.12000239999998));
#7260=DIRECTION('',(-7.15318162307617E-15,1.0,1.04083408558609E-16));
#7261=DIRECTION('',(1.75308529738871E-16,-1.04083408558608E-16,1.0));
#7262=SURFACE_STYLE_FILL_AREA(#9102);
#7263=ORIENTED_EDGE('',*,*,#8986,.F.);
#7264=ORIENTED_EDGE('',*,*,#9103,.T.);
#7265=ORIENTED_EDGE('',*,*,#9086,.F.);
#7266=ORIENTED_EDGE('',*,*,#9098,.F.);
#7267=ORIENTED_EDGE('',*,*,#9101,.F.);
#7268=ORIENTED_EDGE('',*,*,#9104,.F.);
#7269=ORIENTED_EDGE('',*,*,#8965,.F.);
#7270=ORIENTED_EDGE('',*,*,#9095,.T.);
#7271=CARTESIAN_POINT('',(13.8249982282103,6.49999999999995,-8.69690260418211));
#7272=DIRECTION('',(-1.0,1.22464614348825E-16,2.36540869696239E-16));
#7273=DIRECTION('',(-2.36540869696239E-16,1.04083408558608E-16,-1.0));
#7274=SURFACE_STYLE_FILL_AREA(#9105);
#7275=ORIENTED_EDGE('',*,*,#9087,.T.);
#7276=ORIENTED_EDGE('',*,*,#9103,.F.);
#7277=ORIENTED_EDGE('',*,*,#8985,.F.);
#7278=ORIENTED_EDGE('',*,*,#9092,.T.);
#7279=CARTESIAN_POINT('',(13.7249982282103,6.49999999999995,6.14999999999998));
#7280=DIRECTION('',(-1.22464614348825E-16,-1.0,-1.04083408558608E-16));
#7281=DIRECTION('',(-2.36540869696239E-16,1.04083408558608E-16,-1.0));
#7282=SURFACE_STYLE_FILL_AREA(#9106);
#7283=ORIENTED_EDGE('',*,*,#9107,.T.);
#7284=ORIENTED_EDGE('',*,*,#9108,.T.);
#7285=ORIENTED_EDGE('',*,*,#8912,.T.);
#7286=ORIENTED_EDGE('',*,*,#9109,.F.);
#7287=CARTESIAN_POINT('',(10.4049958282103,1.64999999999993,4.82453115254763));
#7288=DIRECTION('',(-3.75605711432987E-17,0.500000000000029,-0.866025403784422));
#7289=DIRECTION('',(1.93711731960185E-16,0.866025403784422,0.500000000000029));
#7290=SURFACE_STYLE_FILL_AREA(#9110);
#7291=ORIENTED_EDGE('',*,*,#9072,.T.);
#7292=ORIENTED_EDGE('',*,*,#8966,.F.);
#7293=ORIENTED_EDGE('',*,*,#9104,.T.);
#7294=ORIENTED_EDGE('',*,*,#9100,.T.);
#7295=ORIENTED_EDGE('',*,*,#9076,.T.);
#7296=ORIENTED_EDGE('',*,*,#9111,.F.);
#7297=CARTESIAN_POINT('',(14.0811930198461,6.49999999999997,5.34999999999998));
#7298=DIRECTION('',(-5.28438498241351E-17,7.20951076615961E-15,-1.0));
#7299=DIRECTION('',(1.22464614348826E-16,1.0,7.20951076615961E-15));
#7300=SURFACE_STYLE_FILL_AREA(#9112);
#7301=ORIENTED_EDGE('',*,*,#9074,.F.);
#7302=ORIENTED_EDGE('',*,*,#9113,.T.);
#7303=CARTESIAN_POINT('',(12.4999982282103,3.99999999999992,4.39999999999995));
#7304=DIRECTION('',(1.75308529738871E-16,-1.04083408558608E-16,1.0));
#7305=DIRECTION('',(-1.22464614348825E-16,-1.0,-1.04083408558608E-16));
#7306=SURFACE_STYLE_FILL_AREA(#9114);
#7307=ORIENTED_EDGE('',*,*,#9075,.T.);
#7308=ORIENTED_EDGE('',*,*,#9113,.F.);
#7309=ORIENTED_EDGE('',*,*,#9073,.F.);
#7310=ORIENTED_EDGE('',*,*,#9111,.T.);
#7311=CARTESIAN_POINT('',(12.4999982282103,3.99999999999992,9.69999999999995));
#7312=DIRECTION('',(1.75308529738871E-16,-1.04083408558608E-16,1.0));
#7313=DIRECTION('',(1.22464614348825E-16,1.0,1.04083408558608E-16));
#7314=SURFACE_STYLE_FILL_AREA(#9115);
#7315=ORIENTED_EDGE('',*,*,#9116,.F.);
#7316=ORIENTED_EDGE('',*,*,#9117,.T.);
#7317=ORIENTED_EDGE('',*,*,#9118,.T.);
#7318=ORIENTED_EDGE('',*,*,#9119,.T.);
#7319=ORIENTED_EDGE('',*,*,#8980,.T.);
#7320=ORIENTED_EDGE('',*,*,#9069,.T.);
#7321=CARTESIAN_POINT('',(14.5249982282103,-7.19424519957101E-14,7.09999999999995));
#7322=DIRECTION('',(1.0,-1.22464614348825E-16,-1.75308529738871E-16));
#7323=DIRECTION('',(-1.75308529738871E-16,1.04083408558608E-16,-1.0));
#7324=SURFACE_STYLE_FILL_AREA(#9120);
#7325=ORIENTED_EDGE('',*,*,#9121,.F.);
#7326=ORIENTED_EDGE('',*,*,#9118,.F.);
#7327=ORIENTED_EDGE('',*,*,#9122,.F.);
#7328=ORIENTED_EDGE('',*,*,#9123,.T.);
#7329=CARTESIAN_POINT('',(15.7999982282103,6.49999999999993,0.389997599999949));
#7330=DIRECTION('',(-1.22464614348825E-16,-1.0,-1.04083408558608E-16));
#7331=DIRECTION('',(1.75308529738871E-16,-1.04083408558608E-16,1.0));
#7332=SURFACE_STYLE_FILL_AREA(#9124);
#7333=ORIENTED_EDGE('',*,*,#9119,.F.);
#7334=ORIENTED_EDGE('',*,*,#9121,.T.);
#7335=ORIENTED_EDGE('',*,*,#9125,.T.);
#7336=ORIENTED_EDGE('',*,*,#9126,.T.);
#7337=ORIENTED_EDGE('',*,*,#9127,.T.);
#7338=ORIENTED_EDGE('',*,*,#8981,.T.);
#7339=CARTESIAN_POINT('',(13.7249982282103,6.49999999999995,6.14999999999998));
#7340=DIRECTION('',(2.7869998734492E-15,1.0,1.04083408558607E-16));
#7341=DIRECTION('',(-1.0,2.7869998734492E-15,2.36540869696239E-16));
#7342=SURFACE_STYLE_FILL_AREA(#9128);
#7343=ORIENTED_EDGE('',*,*,#9129,.F.);
#7344=ORIENTED_EDGE('',*,*,#9130,.T.);
#7345=ORIENTED_EDGE('',*,*,#9131,.T.);
#7346=ORIENTED_EDGE('',*,*,#8850,.T.);
#7347=CARTESIAN_POINT('',(13.1642697892604,3.99999999999993,5.58927156105013));
#7348=DIRECTION('',(0.323615577118185,-0.889126490715988,0.323615577118185));
#7349=DIRECTION('',(2.21591724410184E-16,0.342020143325669,0.939692620785908));
#7350=SURFACE_STYLE_FILL_AREA(#9132);
#7351=ORIENTED_EDGE('',*,*,#9133,.T.);
#7352=ORIENTED_EDGE('',*,*,#9122,.T.);
#7353=ORIENTED_EDGE('',*,*,#9117,.F.);
#7354=ORIENTED_EDGE('',*,*,#9134,.T.);
#7355=ORIENTED_EDGE('',*,*,#9130,.F.);
#7356=ORIENTED_EDGE('',*,*,#9135,.T.);
#7357=CARTESIAN_POINT('',(14.3749982282103,3.99999999999993,6.79999999999998));
#7358=DIRECTION('',(-1.22464614348825E-16,-1.0,-1.04083408558608E-16));
#7359=DIRECTION('',(1.75308529738871E-16,-1.04083408558608E-16,1.0));
#7360=SURFACE_STYLE_FILL_AREA(#9136);
#7361=ORIENTED_EDGE('',*,*,#9137,.T.);
#7362=ORIENTED_EDGE('',*,*,#8851,.F.);
#7363=ORIENTED_EDGE('',*,*,#9131,.F.);
#7364=ORIENTED_EDGE('',*,*,#9134,.F.);
#7365=ORIENTED_EDGE('',*,*,#9116,.T.);
#7366=CARTESIAN_POINT('',(14.6523878102034,0.349999999999928,4.10238958199314));
#7367=DIRECTION('',(-0.939692620785908,-0.342020143325669,1.29137509443405E-16));
#7368=DIRECTION('',(-1.75308529738871E-16,1.04083408558608E-16,-1.0));
#7369=SURFACE_STYLE_FILL_AREA(#9138);
#7370=ORIENTED_EDGE('',*,*,#8935,.T.);
#7371=ORIENTED_EDGE('',*,*,#9139,.F.);
#7372=ORIENTED_EDGE('',*,*,#8933,.F.);
#7373=ORIENTED_EDGE('',*,*,#9140,.T.);
#7374=ORIENTED_EDGE('',*,*,#9141,.F.);
#7375=ORIENTED_EDGE('',*,*,#9142,.T.);
#7376=CARTESIAN_POINT('',(12.4999982282103,3.99999999999992,9.69999999999995));
#7377=DIRECTION('',(1.75308529738871E-16,-1.04083408558608E-16,1.0));
#7378=DIRECTION('',(1.22464614348825E-16,1.0,1.04083408558608E-16));
#7379=SURFACE_STYLE_FILL_AREA(#9143);
#7380=ORIENTED_EDGE('',*,*,#9137,.F.);
#7381=ORIENTED_EDGE('',*,*,#9068,.F.);
#7382=ORIENTED_EDGE('',*,*,#9066,.T.);
#7383=ORIENTED_EDGE('',*,*,#8852,.T.);
#7384=CARTESIAN_POINT('',(12.4725542371511,3.99999999999993,1.79999999999995));
#7385=DIRECTION('',(-0.342020143325669,0.939692620785908,1.5776545943627E-16));
#7386=DIRECTION('',(0.939692620785908,0.342020143325669,-1.29137509443405E-16));
#7387=SURFACE_STYLE_FILL_AREA(#9144);
#7388=ORIENTED_EDGE('',*,*,#9145,.F.);
#7389=ORIENTED_EDGE('',*,*,#9062,.F.);
#7390=ORIENTED_EDGE('',*,*,#9057,.F.);
#7391=ORIENTED_EDGE('',*,*,#9146,.F.);
#7392=CARTESIAN_POINT('',(11.8999982282103,4.49999999999997,-5.18982479960599E-14));
#7393=DIRECTION('',(1.22464614348825E-16,1.0,1.04083408558608E-16));
#7394=DIRECTION('',(-1.0,1.22464614348825E-16,1.75308529738871E-16));
#7395=SURFACE_STYLE_FILL_AREA(#9147);
#7396=ORIENTED_EDGE('',*,*,#9148,.T.);
#7397=ORIENTED_EDGE('',*,*,#9146,.T.);
#7398=ORIENTED_EDGE('',*,*,#9056,.T.);
#7399=ORIENTED_EDGE('',*,*,#9044,.T.);
#7400=CARTESIAN_POINT('',(12.8499982282103,3.49999999999997,0.999999999999947));
#7401=DIRECTION('',(1.0,-1.22464614348825E-16,-2.36540869696239E-16));
#7402=DIRECTION('',(-2.36540869696239E-16,1.04083408558608E-16,-1.0));
#7403=SURFACE_STYLE_FILL_AREA(#9149);
#7404=ORIENTED_EDGE('',*,*,#9150,.T.);
#7405=ORIENTED_EDGE('',*,*,#8925,.T.);
#7406=ORIENTED_EDGE('',*,*,#8938,.F.);
#7407=ORIENTED_EDGE('',*,*,#9083,.F.);
#7408=CARTESIAN_POINT('',(14.5249982282103,1.69999999999997,5.39565677580973));
#7409=DIRECTION('',(-1.0,1.22464614348825E-16,1.75308529738871E-16));
#7410=DIRECTION('',(1.22464614348825E-16,1.0,1.04083408558608E-16));
#7411=SURFACE_STYLE_FILL_AREA(#9151);
#7412=ORIENTED_EDGE('',*,*,#9152,.F.);
#7413=ORIENTED_EDGE('',*,*,#9153,.F.);
#7414=ORIENTED_EDGE('',*,*,#9154,.F.);
#7415=ORIENTED_EDGE('',*,*,#9042,.T.);
#7416=CARTESIAN_POINT('',(12.7749982282103,2.64999999999997,0.649999999999948));
#7417=DIRECTION('',(1.0,-4.55531521736372E-16,-1.75308529738871E-16));
#7418=DIRECTION('',(-1.75308529738871E-16,1.04083408558608E-16,-1.0));
#7419=SURFACE_STYLE_FILL_AREA(#9155);
#7420=ORIENTED_EDGE('',*,*,#9156,.T.);
#7421=ORIENTED_EDGE('',*,*,#9157,.F.);
#7422=ORIENTED_EDGE('',*,*,#9040,.F.);
#7423=ORIENTED_EDGE('',*,*,#8874,.F.);
#7424=CARTESIAN_POINT('',(12.8499982282103,1.9561538461538,-5.23295632778528E-14));
#7425=DIRECTION('',(-1.0,1.22464614348825E-16,1.75308529738871E-16));
#7426=DIRECTION('',(-1.22464614348825E-16,-1.0,-1.04083408558608E-16));
#7427=SURFACE_STYLE_FILL_AREA(#9158);
#7428=ORIENTED_EDGE('',*,*,#9152,.T.);
#7429=ORIENTED_EDGE('',*,*,#9041,.T.);
#7430=ORIENTED_EDGE('',*,*,#9157,.T.);
#7431=ORIENTED_EDGE('',*,*,#9159,.T.);
#7432=CARTESIAN_POINT('',(17.4999982282103,6.09999999999995,0.199999999999947));
#7433=DIRECTION('',(-1.75308529738871E-16,1.04083408558608E-16,-1.0));
#7434=DIRECTION('',(1.0,-1.22464614348825E-16,-1.75308529738871E-16));
#7435=SURFACE_STYLE_FILL_AREA(#9160);
#7436=ORIENTED_EDGE('',*,*,#9039,.T.);
#7437=ORIENTED_EDGE('',*,*,#8999,.T.);
#7438=ORIENTED_EDGE('',*,*,#8835,.T.);
#7439=ORIENTED_EDGE('',*,*,#9006,.T.);
#7440=ORIENTED_EDGE('',*,*,#8875,.T.);
#7441=CARTESIAN_POINT('',(12.8499982282103,3.49999999999997,0.999999999999947));
#7442=DIRECTION('',(1.0,-1.22464614348825E-16,-2.36540869696239E-16));
#7443=DIRECTION('',(-2.36540869696239E-16,1.04083408558608E-16,-1.0));
#7444=SURFACE_STYLE_FILL_AREA(#9161);
#7445=ORIENTED_EDGE('',*,*,#9162,.T.);
#7446=ORIENTED_EDGE('',*,*,#9163,.T.);
#7447=ORIENTED_EDGE('',*,*,#9164,.F.);
#7448=ORIENTED_EDGE('',*,*,#8902,.F.);
#7449=ORIENTED_EDGE('',*,*,#8896,.F.);
#7450=ORIENTED_EDGE('',*,*,#8839,.F.);
#7451=ORIENTED_EDGE('',*,*,#8901,.F.);
#7452=ORIENTED_EDGE('',*,*,#8905,.T.);
#7453=CARTESIAN_POINT('',(11.2749982282103,1.74999999999993,5.24999999999998));
#7454=DIRECTION('',(1.22464614348825E-16,1.0,1.04083408558608E-16));
#7455=DIRECTION('',(2.36540869696239E-16,-1.04083408558608E-16,1.0));
#7456=SURFACE_STYLE_FILL_AREA(#9165);
#7457=ORIENTED_EDGE('',*,*,#8872,.T.);
#7458=ORIENTED_EDGE('',*,*,#8855,.T.);
#7459=ORIENTED_EDGE('',*,*,#9064,.F.);
#7460=ORIENTED_EDGE('',*,*,#9166,.F.);
#7461=CARTESIAN_POINT('',(13.0999982282103,4.65943699999993,-5.20920234853362E-14));
#7462=DIRECTION('',(1.0,-1.22464614348825E-16,-1.75308529738871E-16));
#7463=DIRECTION('',(-1.75308529738871E-16,1.04083408558608E-16,-1.0));
#7464=SURFACE_STYLE_FILL_AREA(#9167);
#7465=ORIENTED_EDGE('',*,*,#9156,.F.);
#7466=ORIENTED_EDGE('',*,*,#8873,.T.);
#7467=ORIENTED_EDGE('',*,*,#9166,.T.);
#7468=ORIENTED_EDGE('',*,*,#9168,.F.);
#7469=ORIENTED_EDGE('',*,*,#9153,.T.);
#7470=ORIENTED_EDGE('',*,*,#9159,.F.);
#7471=CARTESIAN_POINT('',(13.0999982282103,1.59999999999993,0.649999999999948));
#7472=DIRECTION('',(0.955285890691349,0.29568372807112,-1.36693994704429E-16));
#7473=DIRECTION('',(-0.29568372807112,0.955285890691349,1.51265291286958E-16));
#7474=SURFACE_STYLE_FILL_AREA(#9169);
#7475=ORIENTED_EDGE('',*,*,#9063,.F.);
#7476=ORIENTED_EDGE('',*,*,#9145,.T.);
#7477=ORIENTED_EDGE('',*,*,#9148,.F.);
#7478=ORIENTED_EDGE('',*,*,#9043,.T.);
#7479=ORIENTED_EDGE('',*,*,#9154,.T.);
#7480=ORIENTED_EDGE('',*,*,#9168,.T.);
#7481=CARTESIAN_POINT('',(11.9276767996388,2.42499999999995,0.649999999999948));
#7482=DIRECTION('',(1.75308529738871E-16,-1.04083408558608E-16,1.0));
#7483=DIRECTION('',(-1.22464614348825E-16,-1.0,-1.04083408558608E-16));
#7484=SURFACE_STYLE_FILL_AREA(#9170);
#7485=ORIENTED_EDGE('',*,*,#9171,.F.);
#7486=ORIENTED_EDGE('',*,*,#8931,.T.);
#7487=ORIENTED_EDGE('',*,*,#9172,.T.);
#7488=ORIENTED_EDGE('',*,*,#9163,.F.);
#7489=ORIENTED_EDGE('',*,*,#9173,.T.);
#7490=ORIENTED_EDGE('',*,*,#9174,.T.);
#7491=ORIENTED_EDGE('',*,*,#8910,.T.);
#7492=ORIENTED_EDGE('',*,*,#9175,.T.);
#7493=CARTESIAN_POINT('',(13.4081620398591,1.74999999999995,6.12000239999998));
#7494=DIRECTION('',(-7.15318162307617E-15,1.0,1.04083408558609E-16));
#7495=DIRECTION('',(1.75308529738871E-16,-1.04083408558608E-16,1.0));
#7496=SURFACE_STYLE_FILL_AREA(#9176);
#7497=ORIENTED_EDGE('',*,*,#9177,.T.);
#7498=ORIENTED_EDGE('',*,*,#9178,.F.);
#7499=ORIENTED_EDGE('',*,*,#9054,.F.);
#7500=ORIENTED_EDGE('',*,*,#8977,.F.);
#7501=CARTESIAN_POINT('',(11.2749982282103,3.99999999999993,1.79999999999995));
#7502=DIRECTION('',(1.22464614348825E-16,1.0,1.04083408558608E-16));
#7503=DIRECTION('',(-1.75308529738871E-16,1.04083408558608E-16,-1.0));
#7504=SURFACE_STYLE_FILL_AREA(#9179);
#7505=ORIENTED_EDGE('',*,*,#9140,.F.);
#7506=ORIENTED_EDGE('',*,*,#8932,.F.);
#7507=ORIENTED_EDGE('',*,*,#9171,.T.);
#7508=ORIENTED_EDGE('',*,*,#9180,.T.);
#7509=CARTESIAN_POINT('',(14.0811930198461,6.49999999999997,5.34999999999998));
#7510=DIRECTION('',(-5.28438498241351E-17,7.20951076615961E-15,-1.0));
#7511=DIRECTION('',(1.22464614348826E-16,1.0,7.20951076615961E-15));
#7512=SURFACE_STYLE_FILL_AREA(#9181);
#7513=ORIENTED_EDGE('',*,*,#9182,.T.);
#7514=ORIENTED_EDGE('',*,*,#9183,.F.);
#7515=ORIENTED_EDGE('',*,*,#9184,.F.);
#7516=ORIENTED_EDGE('',*,*,#8848,.T.);
#7517=CARTESIAN_POINT('',(10.3476086462171,0.349999999999929,4.10238958199314));
#7518=DIRECTION('',(0.939692620785908,-0.342020143325669,-2.00334754069483E-16));
#7519=DIRECTION('',(-1.75308529738871E-16,1.04083408558608E-16,-1.0));
#7520=SURFACE_STYLE_FILL_AREA(#9185);
#7521=ORIENTED_EDGE('',*,*,#9186,.T.);
#7522=ORIENTED_EDGE('',*,*,#8968,.F.);
#7523=ORIENTED_EDGE('',*,*,#8936,.F.);
#7524=ORIENTED_EDGE('',*,*,#9142,.F.);
#7525=CARTESIAN_POINT('',(14.0811930198461,6.49999999999997,5.34999999999998));
#7526=DIRECTION('',(-5.28438498241351E-17,7.20951076615961E-15,-1.0));
#7527=DIRECTION('',(1.22464614348826E-16,1.0,7.20951076615961E-15));
#7528=SURFACE_STYLE_FILL_AREA(#9187);
#7529=ORIENTED_EDGE('',*,*,#8849,.F.);
#7530=ORIENTED_EDGE('',*,*,#9184,.T.);
#7531=ORIENTED_EDGE('',*,*,#9188,.T.);
#7532=ORIENTED_EDGE('',*,*,#9135,.F.);
#7533=ORIENTED_EDGE('',*,*,#9129,.T.);
#7534=CARTESIAN_POINT('',(12.4999982282103,0.349999999999928,7.07738958199315));
#7535=DIRECTION('',(-2.06621496708352E-16,-0.342020143325669,-0.939692620785908));
#7536=DIRECTION('',(1.0,-1.22464614348825E-16,-1.75308529738871E-16));
#7537=SURFACE_STYLE_FILL_AREA(#9189);
#7538=ORIENTED_EDGE('',*,*,#8934,.F.);
#7539=ORIENTED_EDGE('',*,*,#9139,.T.);
#7540=CARTESIAN_POINT('',(12.4999982282103,3.99999999999992,4.39999999999995));
#7541=DIRECTION('',(1.75308529738871E-16,-1.04083408558608E-16,1.0));
#7542=DIRECTION('',(-1.22464614348825E-16,-1.0,-1.04083408558608E-16));
#7543=SURFACE_STYLE_FILL_AREA(#9190);
#7544=ORIENTED_EDGE('',*,*,#9091,.F.);
#7545=ORIENTED_EDGE('',*,*,#8927,.T.);
#7546=ORIENTED_EDGE('',*,*,#9191,.T.);
#7547=ORIENTED_EDGE('',*,*,#9081,.F.);
#7548=CARTESIAN_POINT('',(14.5249982282103,1.69999999999999,6.04999999999995));
#7549=DIRECTION('',(-1.0,1.22464614348825E-16,1.75308529738871E-16));
#7550=DIRECTION('',(1.22464614348825E-16,1.0,1.04083408558608E-16));
#7551=SURFACE_STYLE_FILL_AREA(#9192);
#7552=ORIENTED_EDGE('',*,*,#8930,.F.);
#7553=ORIENTED_EDGE('',*,*,#9193,.F.);
#7554=ORIENTED_EDGE('',*,*,#9164,.T.);
#7555=ORIENTED_EDGE('',*,*,#9172,.F.);
#7556=CARTESIAN_POINT('',(11.0874570610759,2.34254319230313,6.04999999999995));
#7557=DIRECTION('',(1.75308529738871E-16,-1.04083408558608E-16,1.0));
#7558=DIRECTION('',(-1.22464614348825E-16,-1.0,-1.04083408558608E-16));
#7559=SURFACE_STYLE_FILL_AREA(#9194);
#7560=ORIENTED_EDGE('',*,*,#9177,.F.);
#7561=ORIENTED_EDGE('',*,*,#8976,.T.);
#7562=ORIENTED_EDGE('',*,*,#9195,.F.);
#7563=ORIENTED_EDGE('',*,*,#9107,.F.);
#7564=ORIENTED_EDGE('',*,*,#9196,.T.);
#7565=ORIENTED_EDGE('',*,*,#9173,.F.);
#7566=ORIENTED_EDGE('',*,*,#9162,.F.);
#7567=ORIENTED_EDGE('',*,*,#8906,.T.);
#7568=ORIENTED_EDGE('',*,*,#8899,.F.);
#7569=ORIENTED_EDGE('',*,*,#9197,.T.);
#7570=ORIENTED_EDGE('',*,*,#9093,.T.);
#7571=ORIENTED_EDGE('',*,*,#8983,.T.);
#7572=ORIENTED_EDGE('',*,*,#9198,.F.);
#7573=ORIENTED_EDGE('',*,*,#9183,.T.);
#7574=CARTESIAN_POINT('',(10.4749982282103,-7.19424519957101E-14,7.09999999999995));
#7575=DIRECTION('',(-1.0,1.22464614348825E-16,1.75308529738871E-16));
#7576=DIRECTION('',(-1.22464614348825E-16,-1.0,-1.04083408558608E-16));
#7577=SURFACE_STYLE_FILL_AREA(#9199);
#7578=ORIENTED_EDGE('',*,*,#9188,.F.);
#7579=ORIENTED_EDGE('',*,*,#9198,.T.);
#7580=ORIENTED_EDGE('',*,*,#8982,.T.);
#7581=ORIENTED_EDGE('',*,*,#9127,.F.);
#7582=ORIENTED_EDGE('',*,*,#9126,.F.);
#7583=ORIENTED_EDGE('',*,*,#9125,.F.);
#7584=ORIENTED_EDGE('',*,*,#9123,.F.);
#7585=ORIENTED_EDGE('',*,*,#9133,.F.);
#7586=CARTESIAN_POINT('',(10.3999982282103,-7.19424519957101E-14,6.94999999999998));
#7587=DIRECTION('',(1.75308529738871E-16,-1.04083408558608E-16,1.0));
#7588=DIRECTION('',(-1.22464614348825E-16,-1.0,-1.04083408558608E-16));
#7589=SURFACE_STYLE_FILL_AREA(#9200);
#7590=ORIENTED_EDGE('',*,*,#9196,.F.);
#7591=ORIENTED_EDGE('',*,*,#9109,.T.);
#7592=ORIENTED_EDGE('',*,*,#8911,.T.);
#7593=ORIENTED_EDGE('',*,*,#9174,.F.);
#7594=CARTESIAN_POINT('',(10.4049958282103,1.54999999999993,4.99773623330452));
#7595=DIRECTION('',(-1.0,1.22464614348825E-16,1.14076189781503E-16));
#7596=DIRECTION('',(-1.22464614348825E-16,-1.0,-1.65315748515976E-16));
#7597=SURFACE_STYLE_FILL_AREA(#9201);
#7598=ORIENTED_EDGE('',*,*,#8903,.T.);
#7599=ORIENTED_EDGE('',*,*,#9193,.T.);
#7600=ORIENTED_EDGE('',*,*,#8929,.T.);
#7601=ORIENTED_EDGE('',*,*,#9090,.T.);
#7602=ORIENTED_EDGE('',*,*,#9197,.F.);
#7603=CARTESIAN_POINT('',(14.1749982282103,2.29999999999995,3.97499999999997));
#7604=DIRECTION('',(-1.22464614348825E-16,-1.0,-1.04083408558608E-16));
#7605=DIRECTION('',(1.75308529738871E-16,-1.04083408558608E-16,1.0));
#7606=SURFACE_STYLE_FILL_AREA(#9202);
#7607=ORIENTED_EDGE('',*,*,#9186,.F.);
#7608=ORIENTED_EDGE('',*,*,#9141,.T.);
#7609=ORIENTED_EDGE('',*,*,#9180,.F.);
#7610=ORIENTED_EDGE('',*,*,#9175,.F.);
#7611=ORIENTED_EDGE('',*,*,#8909,.T.);
#7612=ORIENTED_EDGE('',*,*,#8969,.T.);
#7613=CARTESIAN_POINT('',(11.2749982282103,1.74999999999993,5.24999999999998));
#7614=DIRECTION('',(1.22464614348825E-16,1.0,1.04083408558608E-16));
#7615=DIRECTION('',(2.36540869696239E-16,-1.04083408558608E-16,1.0));
#7616=SURFACE_STYLE_FILL_AREA(#9203);
#7617=ORIENTED_EDGE('',*,*,#9150,.F.);
#7618=ORIENTED_EDGE('',*,*,#9082,.T.);
#7619=ORIENTED_EDGE('',*,*,#9191,.F.);
#7620=ORIENTED_EDGE('',*,*,#8926,.T.);
#7621=CARTESIAN_POINT('',(19.5249982282103,1.49999999999999,6.04999999999993));
#7622=DIRECTION('',(-1.2246461434882E-16,-1.0,2.78100954963024E-14));
#7623=DIRECTION('',(1.75308529738874E-16,2.78100954963024E-14,1.0));
#7624=SURFACE_STYLE_FILL_AREA(#9204);
#7625=ORIENTED_EDGE('',*,*,#9195,.T.);
#7626=ORIENTED_EDGE('',*,*,#8975,.T.);
#7627=ORIENTED_EDGE('',*,*,#8913,.F.);
#7628=ORIENTED_EDGE('',*,*,#9108,.F.);
#7629=CARTESIAN_POINT('',(10.4049958282103,1.69999999999993,4.62245855833126));
#7630=DIRECTION('',(-1.0,1.22464614348825E-16,1.14076189781503E-16));
#7631=DIRECTION('',(-1.22464614348825E-16,-1.0,-1.65315748515976E-16));
#7632=SURFACE_STYLE_FILL_AREA(#9205);
#7633=ORIENTED_EDGE('',*,*,#9182,.F.);
#7634=ORIENTED_EDGE('',*,*,#8847,.T.);
#7635=ORIENTED_EDGE('',*,*,#9051,.T.);
#7636=ORIENTED_EDGE('',*,*,#9178,.T.);
#7637=CARTESIAN_POINT('',(12.5274422192695,3.99999999999993,1.79999999999995));
#7638=DIRECTION('',(-0.342020143325669,-0.939692620785908,-3.78473625012678E-17));
#7639=DIRECTION('',(-0.939692620785908,0.342020143325669,2.00334754069483E-16));
#7640=SURFACE_STYLE_FILL_AREA(#9206);
#7641=ORIENTED_EDGE('',*,*,#8888,.T.);
#7642=ORIENTED_EDGE('',*,*,#8884,.F.);
#7643=ORIENTED_EDGE('',*,*,#8894,.T.);
#7644=ORIENTED_EDGE('',*,*,#8863,.T.);
#7645=ORIENTED_EDGE('',*,*,#8891,.F.);
#7646=ORIENTED_EDGE('',*,*,#8866,.F.);
#7647=ORIENTED_EDGE('',*,*,#8857,.T.);
#7648=ORIENTED_EDGE('',*,*,#8871,.F.);
#7649=CARTESIAN_POINT('',(14.9999982282103,3.99999999999993,-5.24937461425297E-14));
#7650=DIRECTION('',(1.0,-1.22464614348825E-16,-1.75308529738871E-16));
#7651=DIRECTION('',(-1.75308529738871E-16,1.04083408558608E-16,-1.0));
#7652=SURFACE_STYLE_FILL_AREA(#9207);
#7653=ORIENTED_EDGE('',*,*,#8869,.T.);
#7654=ORIENTED_EDGE('',*,*,#8842,.F.);
#7655=ORIENTED_EDGE('',*,*,#8865,.T.);
#7656=ORIENTED_EDGE('',*,*,#8890,.T.);
#7657=ORIENTED_EDGE('',*,*,#8861,.F.);
#7658=ORIENTED_EDGE('',*,*,#8893,.F.);
#7659=ORIENTED_EDGE('',*,*,#8882,.T.);
#7660=ORIENTED_EDGE('',*,*,#8887,.F.);
#7661=CARTESIAN_POINT('',(9.99999822821026,3.99999999999993,-5.16172034938354E-14));
#7662=DIRECTION('',(1.0,-1.22464614348825E-16,-1.75308529738871E-16));
#7663=DIRECTION('',(-1.75308529738871E-16,1.04083408558608E-16,-1.0));
#7664=FILL_AREA_STYLE('',(#9208));
#7665=EDGE_CURVE('',#9209,#9210,#9211,.T.);
#7666=EDGE_CURVE('',#9212,#9209,#9213,.T.);
#7667=EDGE_CURVE('',#9212,#9210,#9214,.T.);
#7668=FILL_AREA_STYLE('',(#9215));
#7669=EDGE_CURVE('',#9216,#9217,#9218,.T.);
#7670=EDGE_CURVE('',#9219,#9216,#9220,.T.);
#7671=EDGE_CURVE('',#9221,#9219,#9222,.T.);
#7672=EDGE_CURVE('',#9217,#9221,#9223,.T.);
#7673=FILL_AREA_STYLE('',(#9224));
#7674=EDGE_CURVE('',#9225,#9226,#9227,.T.);
#7675=EDGE_CURVE('',#9225,#9228,#9229,.T.);
#7676=EDGE_CURVE('',#9230,#9228,#9231,.T.);
#7677=EDGE_CURVE('',#9232,#9230,#9233,.T.);
#7678=EDGE_CURVE('',#9234,#9232,#9235,.T.);
#7679=EDGE_CURVE('',#9236,#9234,#9237,.T.);
#7680=EDGE_CURVE('',#9236,#9238,#9239,.T.);
#7681=EDGE_CURVE('',#9226,#9238,#9240,.T.);
#7682=FILL_AREA_STYLE('',(#9241));
#7683=EDGE_CURVE('',#9242,#9243,#9244,.T.);
#7684=EDGE_CURVE('',#9243,#9245,#9246,.T.);
#7685=EDGE_CURVE('',#9247,#9245,#9248,.T.);
#7686=EDGE_CURVE('',#9242,#9247,#9249,.T.);
#7687=FILL_AREA_STYLE('',(#9250));
#7688=EDGE_CURVE('',#9251,#9252,#9253,.T.);
#7689=EDGE_CURVE('',#9251,#9254,#9255,.T.);
#7690=EDGE_CURVE('',#9256,#9254,#9257,.T.);
#7691=EDGE_CURVE('',#9258,#9256,#9259,.T.);
#7692=EDGE_CURVE('',#9260,#9258,#9261,.T.);
#7693=EDGE_CURVE('',#9260,#9262,#9263,.T.);
#7694=EDGE_CURVE('',#9264,#9262,#9265,.T.);
#7695=EDGE_CURVE('',#9264,#9266,#9267,.T.);
#7696=EDGE_CURVE('',#9268,#9266,#9269,.T.);
#7697=EDGE_CURVE('',#9268,#9270,#9271,.T.);
#7698=EDGE_CURVE('',#9272,#9270,#9273,.T.);
#7699=EDGE_CURVE('',#9274,#9272,#9275,.T.);
#7700=EDGE_CURVE('',#9276,#9274,#9277,.T.);
#7701=EDGE_CURVE('',#9252,#9276,#9278,.T.);
#7702=FILL_AREA_STYLE('',(#9279));
#7703=EDGE_CURVE('',#9280,#9281,#9282,.T.);
#7704=EDGE_CURVE('',#9281,#9283,#9284,.T.);
#7705=EDGE_CURVE('',#9285,#9283,#9286,.T.);
#7706=EDGE_CURVE('',#9280,#9285,#9287,.T.);
#7707=FILL_AREA_STYLE('',(#9288));
#7708=EDGE_CURVE('',#9251,#9283,#9289,.T.);
#7709=EDGE_CURVE('',#9252,#9285,#9290,.T.);
#7710=FILL_AREA_STYLE('',(#9291));
#7711=EDGE_CURVE('',#9245,#9292,#9293,.T.);
#7712=EDGE_CURVE('',#9294,#9292,#9295,.T.);
#7713=EDGE_CURVE('',#9247,#9294,#9296,.T.);
#7714=FILL_AREA_STYLE('',(#9297));
#7715=EDGE_CURVE('',#9281,#9298,#9299,.T.);
#7716=EDGE_CURVE('',#9280,#9300,#9301,.T.);
#7717=EDGE_CURVE('',#9300,#9298,#9302,.T.);
#7718=FILL_AREA_STYLE('',(#9303));
#7719=EDGE_CURVE('',#9243,#9254,#9304,.T.);
#7720=EDGE_CURVE('',#9276,#9242,#9305,.T.);
#7721=EDGE_CURVE('',#9306,#9274,#9307,.T.);
#7722=EDGE_CURVE('',#9306,#9308,#9309,.T.);
#7723=EDGE_CURVE('',#9310,#9308,#9311,.T.);
#7724=EDGE_CURVE('',#9312,#9310,#9313,.T.);
#7725=EDGE_CURVE('',#9314,#9312,#9315,.T.);
#7726=EDGE_CURVE('',#9314,#9316,#9317,.T.);
#7727=EDGE_CURVE('',#9318,#9316,#9319,.T.);
#7728=EDGE_CURVE('',#9318,#9320,#9321,.T.);
#7729=EDGE_CURVE('',#9322,#9320,#9323,.T.);
#7730=EDGE_CURVE('',#9324,#9322,#9325,.T.);
#7731=EDGE_CURVE('',#9324,#9326,#9327,.T.);
#7732=EDGE_CURVE('',#9256,#9326,#9328,.T.);
#7733=FILL_AREA_STYLE('',(#9329));
#7734=EDGE_CURVE('',#9330,#9226,#9331,.T.);
#7735=EDGE_CURVE('',#9330,#9238,#9332,.T.);
#7736=FILL_AREA_STYLE('',(#9333));
#7737=EDGE_CURVE('',#9230,#9334,#9335,.T.);
#7738=EDGE_CURVE('',#9232,#9334,#9336,.T.);
#7739=FILL_AREA_STYLE('',(#9337));
#7740=EDGE_CURVE('',#9338,#9334,#9339,.T.);
#7741=EDGE_CURVE('',#9234,#9338,#9340,.T.);
#7742=FILL_AREA_STYLE('',(#9341));
#7743=EDGE_CURVE('',#9338,#9342,#9343,.T.);
#7744=EDGE_CURVE('',#9342,#9236,#9344,.T.);
#7745=FILL_AREA_STYLE('',(#9345));
#7746=EDGE_CURVE('',#9342,#9330,#9346,.T.);
#7747=FILL_AREA_STYLE('',(#9347));
#7748=EDGE_CURVE('',#9228,#9225,#9348,.T.);
#7749=FILL_AREA_STYLE('',(#9349));
#7750=EDGE_CURVE('',#9298,#9292,#9350,.T.);
#7751=EDGE_CURVE('',#9294,#9300,#9351,.T.);
#7752=FILL_AREA_STYLE('',(#9352));
#7753=EDGE_CURVE('',#9260,#9353,#9354,.T.);
#7754=EDGE_CURVE('',#9355,#9353,#9356,.T.);
#7755=EDGE_CURVE('',#9262,#9355,#9357,.T.);
#7756=FILL_AREA_STYLE('',(#9358));
#7757=EDGE_CURVE('',#9266,#9219,#9359,.T.);
#7758=EDGE_CURVE('',#9216,#9360,#9361,.T.);
#7759=EDGE_CURVE('',#9268,#9360,#9362,.T.);
#7760=FILL_AREA_STYLE('',(#9363));
#7761=EDGE_CURVE('',#9221,#9264,#9364,.T.);
#7762=FILL_AREA_STYLE('',(#9365));
#7763=EDGE_CURVE('',#9366,#9217,#9367,.T.);
#7764=EDGE_CURVE('',#9366,#9360,#9368,.T.);
#7765=FILL_AREA_STYLE('',(#9369));
#7766=EDGE_CURVE('',#9370,#9371,#9372,.T.);
#7767=EDGE_CURVE('',#9371,#9373,#9374,.T.);
#7768=EDGE_CURVE('',#9373,#9375,#9376,.T.);
#7769=EDGE_CURVE('',#9375,#9370,#9377,.T.);
#7770=FILL_AREA_STYLE('',(#9378));
#7771=EDGE_CURVE('',#9268,#9371,#9379,.T.);
#7772=EDGE_CURVE('',#9370,#9270,#9380,.T.);
#7773=FILL_AREA_STYLE('',(#9381));
#7774=EDGE_CURVE('',#9262,#9366,#9382,.T.);
#7775=FILL_AREA_STYLE('',(#9383));
#7776=EDGE_CURVE('',#9324,#9384,#9385,.T.);
#7777=EDGE_CURVE('',#9384,#9322,#9386,.T.);
#7778=FILL_AREA_STYLE('',(#9387));
#7779=EDGE_CURVE('',#9388,#9389,#9390,.T.);
#7780=EDGE_CURVE('',#9391,#9388,#9392,.T.);
#7781=EDGE_CURVE('',#9391,#9393,#9394,.T.);
#7782=EDGE_CURVE('',#9393,#9389,#9395,.T.);
#7783=FILL_AREA_STYLE('',(#9396));
#7784=EDGE_CURVE('',#9397,#9398,#9399,.T.);
#7785=EDGE_CURVE('',#9397,#9400,#9401,.T.);
#7786=EDGE_CURVE('',#9400,#9402,#9403,.T.);
#7787=EDGE_CURVE('',#9398,#9402,#9404,.T.);
#7788=FILL_AREA_STYLE('',(#9405));
#7789=EDGE_CURVE('',#9398,#9406,#9407,.T.);
#7790=EDGE_CURVE('',#9408,#9402,#9409,.T.);
#7791=EDGE_CURVE('',#9406,#9408,#9410,.T.);
#7792=FILL_AREA_STYLE('',(#9411));
#7793=EDGE_CURVE('',#9412,#9397,#9413,.T.);
#7794=EDGE_CURVE('',#9412,#9414,#9415,.T.);
#7795=EDGE_CURVE('',#9400,#9414,#9416,.T.);
#7796=FILL_AREA_STYLE('',(#9417));
#7797=EDGE_CURVE('',#9418,#9419,#9420,.T.);
#7798=EDGE_CURVE('',#9419,#9414,#9421,.T.);
#7799=EDGE_CURVE('',#9418,#9412,#9422,.T.);
#7800=FILL_AREA_STYLE('',(#9423));
#7801=EDGE_CURVE('',#9418,#9424,#9425,.T.);
#7802=EDGE_CURVE('',#9426,#9424,#9427,.T.);
#7803=EDGE_CURVE('',#9426,#9419,#9428,.T.);
#7804=FILL_AREA_STYLE('',(#9429));
#7805=EDGE_CURVE('',#9430,#9431,#9432,.T.);
#7806=EDGE_CURVE('',#9430,#9433,#9434,.T.);
#7807=EDGE_CURVE('',#9433,#9435,#9436,.T.);
#7808=EDGE_CURVE('',#9431,#9435,#9437,.T.);
#7809=FILL_AREA_STYLE('',(#9438));
#7810=EDGE_CURVE('',#9430,#9439,#9440,.T.);
#7811=EDGE_CURVE('',#9439,#9441,#9442,.T.);
#7812=EDGE_CURVE('',#9441,#9433,#9443,.T.);
#7813=FILL_AREA_STYLE('',(#9444));
#7814=EDGE_CURVE('',#9439,#9445,#9446,.T.);
#7815=EDGE_CURVE('',#9445,#9447,#9448,.T.);
#7816=EDGE_CURVE('',#9441,#9447,#9449,.T.);
#7817=FILL_AREA_STYLE('',(#9450));
#7818=EDGE_CURVE('',#9451,#9452,#9453,.T.);
#7819=EDGE_CURVE('',#9454,#9452,#9455,.T.);
#7820=EDGE_CURVE('',#9435,#9454,#9456,.T.);
#7821=EDGE_CURVE('',#9457,#9447,#9458,.T.);
#7822=EDGE_CURVE('',#9451,#9457,#9459,.T.);
#7823=FILL_AREA_STYLE('',(#9460));
#7824=EDGE_CURVE('',#9457,#9461,#9462,.T.);
#7825=EDGE_CURVE('',#9463,#9461,#9464,.T.);
#7826=EDGE_CURVE('',#9451,#9463,#9465,.T.);
#7827=FILL_AREA_STYLE('',(#9466));
#7828=EDGE_CURVE('',#9467,#9468,#9469,.T.);
#7829=EDGE_CURVE('',#9470,#9467,#9471,.T.);
#7830=EDGE_CURVE('',#9470,#9472,#9473,.T.);
#7831=EDGE_CURVE('',#9468,#9472,#9474,.T.);
#7832=FILL_AREA_STYLE('',(#9475));
#7833=EDGE_CURVE('',#9476,#9477,#9478,.T.);
#7834=EDGE_CURVE('',#9476,#9479,#9480,.T.);
#7835=EDGE_CURVE('',#9481,#9479,#9482,.T.);
#7836=EDGE_CURVE('',#9481,#9477,#9483,.T.);
#7837=FILL_AREA_STYLE('',(#9484));
#7838=EDGE_CURVE('',#9485,#9479,#9486,.T.);
#7839=EDGE_CURVE('',#9487,#9485,#9488,.T.);
#7840=EDGE_CURVE('',#9487,#9481,#9489,.T.);
#7841=FILL_AREA_STYLE('',(#9490));
#7842=EDGE_CURVE('',#9491,#9467,#9492,.T.);
#7843=EDGE_CURVE('',#9491,#9493,#9494,.T.);
#7844=EDGE_CURVE('',#9477,#9493,#9495,.T.);
#7845=EDGE_CURVE('',#9496,#9487,#9497,.T.);
#7846=EDGE_CURVE('',#9470,#9496,#9498,.T.);
#7847=FILL_AREA_STYLE('',(#9499));
#7848=EDGE_CURVE('',#9500,#9493,#9501,.T.);
#7849=EDGE_CURVE('',#9502,#9491,#9503,.T.);
#7850=EDGE_CURVE('',#9502,#9500,#9504,.T.);
#7851=FILL_AREA_STYLE('',(#9505));
#7852=EDGE_CURVE('',#9463,#9472,#9506,.T.);
#7853=EDGE_CURVE('',#9461,#9468,#9507,.T.);
#7854=FILL_AREA_STYLE('',(#9508));
#7855=EDGE_CURVE('',#9509,#9510,#9511,.T.);
#7856=EDGE_CURVE('',#9510,#9512,#9513,.T.);
#7857=EDGE_CURVE('',#9514,#9512,#9515,.T.);
#7858=EDGE_CURVE('',#9516,#9514,#9517,.T.);
#7859=EDGE_CURVE('',#9210,#9516,#9518,.T.);
#7860=EDGE_CURVE('',#9519,#9212,#9520,.T.);
#7861=EDGE_CURVE('',#9519,#9509,#9521,.T.);
#7862=FILL_AREA_STYLE('',(#9522));
#7863=EDGE_CURVE('',#9523,#9524,#9525,.T.);
#7864=EDGE_CURVE('',#9523,#9426,#9526,.T.);
#7865=EDGE_CURVE('',#9524,#9424,#9527,.T.);
#7866=FILL_AREA_STYLE('',(#9528));
#7867=EDGE_CURVE('',#9529,#9530,#9531,.T.);
#7868=EDGE_CURVE('',#9529,#9532,#9533,.T.);
#7869=EDGE_CURVE('',#9534,#9532,#9535,.T.);
#7870=EDGE_CURVE('',#9534,#9530,#9536,.T.);
#7871=FILL_AREA_STYLE('',(#9537));
#7872=EDGE_CURVE('',#9529,#9538,#9539,.T.);
#7873=EDGE_CURVE('',#9540,#9538,#9541,.T.);
#7874=EDGE_CURVE('',#9540,#9532,#9542,.T.);
#7875=FILL_AREA_STYLE('',(#9543));
#7876=EDGE_CURVE('',#9544,#9538,#9545,.T.);
#7877=EDGE_CURVE('',#9544,#9530,#9546,.T.);
#7878=FILL_AREA_STYLE('',(#9547));
#7879=EDGE_CURVE('',#9540,#9548,#9549,.T.);
#7880=EDGE_CURVE('',#9544,#9548,#9550,.T.);
#7881=FILL_AREA_STYLE('',(#9551));
#7882=EDGE_CURVE('',#9534,#9548,#9552,.T.);
#7883=FILL_AREA_STYLE('',(#9553));
#7884=EDGE_CURVE('',#9554,#9408,#9555,.T.);
#7885=EDGE_CURVE('',#9554,#9556,#9557,.T.);
#7886=EDGE_CURVE('',#9452,#9556,#9558,.T.);
#7887=EDGE_CURVE('',#9496,#9559,#9560,.T.);
#7888=EDGE_CURVE('',#9406,#9559,#9561,.T.);
#7889=FILL_AREA_STYLE('',(#9562));
#7890=EDGE_CURVE('',#9563,#9559,#9564,.T.);
#7891=EDGE_CURVE('',#9563,#9565,#9566,.T.);
#7892=EDGE_CURVE('',#9565,#9567,#9568,.T.);
#7893=EDGE_CURVE('',#9569,#9567,#9570,.T.);
#7894=EDGE_CURVE('',#9485,#9569,#9571,.T.);
#7895=EDGE_CURVE('',#9572,#9476,#9573,.T.);
#7896=EDGE_CURVE('',#9524,#9572,#9574,.T.);
#7897=FILL_AREA_STYLE('',(#9575));
#7898=EDGE_CURVE('',#9500,#9572,#9576,.T.);
#7899=FILL_AREA_STYLE('',(#9577));
#7900=EDGE_CURVE('',#9578,#9579,#9580,.T.);
#7901=EDGE_CURVE('',#9578,#9523,#9581,.T.);
#7902=EDGE_CURVE('',#9502,#9582,#9583,.T.);
#7903=EDGE_CURVE('',#9579,#9582,#9584,.T.);
#7904=FILL_AREA_STYLE('',(#9585));
#7905=EDGE_CURVE('',#9586,#9514,#9587,.T.);
#7906=EDGE_CURVE('',#9514,#9588,#9589,.T.);
#7907=EDGE_CURVE('',#9588,#9578,#9590,.T.);
#7908=EDGE_CURVE('',#9586,#9579,#9591,.T.);
#7909=FILL_AREA_STYLE('',(#9592));
#7910=EDGE_CURVE('',#9588,#9593,#9594,.T.);
#7911=EDGE_CURVE('',#9593,#9512,#9595,.T.);
#7912=FILL_AREA_STYLE('',(#9596));
#7913=EDGE_CURVE('',#9391,#9593,#9597,.T.);
#7914=EDGE_CURVE('',#9510,#9431,#9598,.T.);
#7915=EDGE_CURVE('',#9454,#9393,#9599,.T.);
#7916=FILL_AREA_STYLE('',(#9600));
#7917=EDGE_CURVE('',#9388,#9601,#9602,.T.);
#7918=EDGE_CURVE('',#9601,#9603,#9604,.T.);
#7919=EDGE_CURVE('',#9605,#9603,#9606,.T.);
#7920=EDGE_CURVE('',#9605,#9554,#9607,.T.);
#7921=FILL_AREA_STYLE('',(#9608));
#7922=EDGE_CURVE('',#9609,#9556,#9610,.T.);
#7923=EDGE_CURVE('',#9609,#9389,#9611,.T.);
#7924=FILL_AREA_STYLE('',(#9612));
#7925=EDGE_CURVE('',#9609,#9605,#9613,.T.);
#7926=FILL_AREA_STYLE('',(#9614));
#7927=EDGE_CURVE('',#9601,#9603,#9615,.T.);
#7928=FILL_AREA_STYLE('',(#9616));
#7929=FILL_AREA_STYLE('',(#9617));
#7930=EDGE_CURVE('',#9563,#9569,#9618,.T.);
#7931=FILL_AREA_STYLE('',(#9619));
#7932=EDGE_CURVE('',#9565,#9567,#9620,.T.);
#7933=FILL_AREA_STYLE('',(#9621));
#7934=FILL_AREA_STYLE('',(#9622));
#7935=EDGE_CURVE('',#9623,#9624,#9625,.T.);
#7936=EDGE_CURVE('',#9623,#9445,#9626,.T.);
#7937=EDGE_CURVE('',#9509,#9627,#9628,.T.);
#7938=EDGE_CURVE('',#9586,#9627,#9629,.T.);
#7939=EDGE_CURVE('',#9582,#9630,#9631,.T.);
#7940=EDGE_CURVE('',#9632,#9630,#9633,.T.);
#7941=EDGE_CURVE('',#9632,#9624,#9634,.T.);
#7942=FILL_AREA_STYLE('',(#9635));
#7943=EDGE_CURVE('',#9209,#9516,#9636,.T.);
#7944=FILL_AREA_STYLE('',(#9637));
#7945=EDGE_CURVE('',#9519,#9627,#9638,.T.);
#7946=FILL_AREA_STYLE('',(#9639));
#7947=FILL_AREA_STYLE('',(#9640));
#7948=EDGE_CURVE('',#9641,#9316,#9642,.T.);
#7949=EDGE_CURVE('',#9641,#9643,#9644,.T.);
#7950=EDGE_CURVE('',#9643,#9318,#9645,.T.);
#7951=FILL_AREA_STYLE('',(#9646));
#7952=EDGE_CURVE('',#9647,#9648,#9649,.T.);
#7953=EDGE_CURVE('',#9647,#9650,#9651,.T.);
#7954=EDGE_CURVE('',#9650,#9652,#9653,.T.);
#7955=EDGE_CURVE('',#9654,#9652,#9655,.T.);
#7956=EDGE_CURVE('',#9654,#9656,#9657,.T.);
#7957=EDGE_CURVE('',#9656,#9648,#9658,.T.);
#7958=FILL_AREA_STYLE('',(#9659));
#7959=EDGE_CURVE('',#9660,#9320,#9661,.T.);
#7960=EDGE_CURVE('',#9384,#9660,#9662,.T.);
#7961=FILL_AREA_STYLE('',(#9663));
#7962=EDGE_CURVE('',#9664,#9384,#9665,.T.);
#7963=EDGE_CURVE('',#9666,#9660,#9667,.T.);
#7964=EDGE_CURVE('',#9664,#9666,#9668,.T.);
#7965=FILL_AREA_STYLE('',(#9669));
#7966=EDGE_CURVE('',#9670,#9660,#9671,.T.);
#7967=EDGE_CURVE('',#9670,#9672,#9673,.T.);
#7968=EDGE_CURVE('',#9672,#9647,#9674,.T.);
#7969=EDGE_CURVE('',#9648,#9666,#9675,.T.);
#7970=FILL_AREA_STYLE('',(#9676));
#7971=EDGE_CURVE('',#9677,#9672,#9678,.T.);
#7972=EDGE_CURVE('',#9677,#9650,#9679,.T.);
#7973=FILL_AREA_STYLE('',(#9680));
#7974=EDGE_CURVE('',#9670,#9643,#9681,.T.);
#7975=FILL_AREA_STYLE('',(#9682));
#7976=EDGE_CURVE('',#9683,#9677,#9684,.T.);
#7977=EDGE_CURVE('',#9641,#9683,#9685,.T.);
#7978=FILL_AREA_STYLE('',(#9686));
#7979=EDGE_CURVE('',#9632,#9683,#9687,.T.);
#7980=EDGE_CURVE('',#9630,#9656,#9688,.T.);
#7981=FILL_AREA_STYLE('',(#9689));
#7982=EDGE_CURVE('',#9314,#9632,#9690,.T.);
#7983=FILL_AREA_STYLE('',(#9691));
#7984=EDGE_CURVE('',#9312,#9624,#9692,.T.);
#7985=FILL_AREA_STYLE('',(#9693));
#7986=EDGE_CURVE('',#9310,#9694,#9695,.T.);
#7987=EDGE_CURVE('',#9694,#9624,#9696,.T.);
#7988=FILL_AREA_STYLE('',(#9697));
#7989=EDGE_CURVE('',#9698,#9694,#9699,.T.);
#7990=EDGE_CURVE('',#9623,#9698,#9700,.T.);
#7991=FILL_AREA_STYLE('',(#9701));
#7992=EDGE_CURVE('',#9698,#9664,#9702,.T.);
#7993=FILL_AREA_STYLE('',(#9703));
#7994=EDGE_CURVE('',#9704,#9705,#9706,.T.);
#7995=EDGE_CURVE('',#9664,#9705,#9707,.T.);
#7996=EDGE_CURVE('',#9698,#9708,#9709,.T.);
#7997=EDGE_CURVE('',#9708,#9710,#9711,.T.);
#7998=EDGE_CURVE('',#9712,#9710,#9713,.T.);
#7999=EDGE_CURVE('',#9714,#9712,#9715,.T.);
#8000=EDGE_CURVE('',#9704,#9714,#9716,.T.);
#8001=FILL_AREA_STYLE('',(#9717));
#8002=EDGE_CURVE('',#9718,#9708,#9719,.T.);
#8003=EDGE_CURVE('',#9720,#9718,#9721,.T.);
#8004=EDGE_CURVE('',#9710,#9720,#9722,.T.);
#8005=FILL_AREA_STYLE('',(#9723));
#8006=EDGE_CURVE('',#9720,#9724,#9725,.T.);
#8007=EDGE_CURVE('',#9712,#9724,#9726,.T.);
#8008=FILL_AREA_STYLE('',(#9727));
#8009=EDGE_CURVE('',#9728,#9729,#9730,.T.);
#8010=EDGE_CURVE('',#9729,#9704,#9731,.T.);
#8011=EDGE_CURVE('',#9714,#9728,#9732,.T.);
#8012=FILL_AREA_STYLE('',(#9733));
#8013=EDGE_CURVE('',#9734,#9729,#9735,.T.);
#8014=EDGE_CURVE('',#9705,#9734,#9736,.T.);
#8015=FILL_AREA_STYLE('',(#9737));
#8016=EDGE_CURVE('',#9734,#9738,#9739,.T.);
#8017=EDGE_CURVE('',#9738,#9326,#9740,.T.);
#8018=FILL_AREA_STYLE('',(#9741));
#8019=EDGE_CURVE('',#9258,#9738,#9742,.T.);
#8020=FILL_AREA_STYLE('',(#9743));
#8021=EDGE_CURVE('',#9744,#9738,#9745,.T.);
#8022=EDGE_CURVE('',#9744,#9746,#9747,.T.);
#8023=EDGE_CURVE('',#9353,#9746,#9748,.T.);
#8024=FILL_AREA_STYLE('',(#9749));
#8025=EDGE_CURVE('',#9746,#9750,#9751,.T.);
#8026=EDGE_CURVE('',#9752,#9744,#9753,.T.);
#8027=EDGE_CURVE('',#9752,#9750,#9754,.T.);
#8028=FILL_AREA_STYLE('',(#9755));
#8029=EDGE_CURVE('',#9750,#9355,#9756,.T.);
#8030=FILL_AREA_STYLE('',(#9757));
#8031=EDGE_CURVE('',#9728,#9752,#9758,.T.);
#8032=EDGE_CURVE('',#9759,#9724,#9760,.T.);
#8033=EDGE_CURVE('',#9759,#9373,#9761,.T.);
#8034=FILL_AREA_STYLE('',(#9762));
#8035=EDGE_CURVE('',#9718,#9763,#9764,.T.);
#8036=EDGE_CURVE('',#9763,#9765,#9766,.T.);
#8037=EDGE_CURVE('',#9765,#9759,#9767,.T.);
#8038=FILL_AREA_STYLE('',(#9768));
#8039=EDGE_CURVE('',#9763,#9272,#9769,.T.);
#8040=EDGE_CURVE('',#9763,#9306,#9770,.T.);
#8041=FILL_AREA_STYLE('',(#9771));
#8042=EDGE_CURVE('',#9694,#9308,#9772,.T.);
#8043=FILL_AREA_STYLE('',(#9773));
#8044=FILL_AREA_STYLE('',(#9774));
#8045=FILL_AREA_STYLE('',(#9775));
#8046=EDGE_CURVE('',#9765,#9375,#9776,.T.);
#8047=FILL_AREA_STYLE('',(#9777));
#8048=FILL_AREA_STYLE('',(#9778));
#8049=FILL_AREA_STYLE('',(#9779));
#8050=FILL_AREA_STYLE('',(#9780));
#8051=EDGE_CURVE('',#9781,#9782,#9783,.T.);
#8052=EDGE_CURVE('',#9784,#9781,#9785,.T.);
#8053=EDGE_CURVE('',#9784,#9782,#9786,.T.);
#8054=FILL_AREA_STYLE('',(#9787));
#8055=EDGE_CURVE('',#9788,#9789,#9790,.T.);
#8056=EDGE_CURVE('',#9791,#9788,#9792,.T.);
#8057=EDGE_CURVE('',#9793,#9791,#9794,.T.);
#8058=EDGE_CURVE('',#9789,#9793,#9795,.T.);
#8059=FILL_AREA_STYLE('',(#9796));
#8060=EDGE_CURVE('',#9797,#9798,#9799,.T.);
#8061=EDGE_CURVE('',#9797,#9800,#9801,.T.);
#8062=EDGE_CURVE('',#9802,#9800,#9803,.T.);
#8063=EDGE_CURVE('',#9804,#9802,#9805,.T.);
#8064=EDGE_CURVE('',#9806,#9804,#9807,.T.);
#8065=EDGE_CURVE('',#9808,#9806,#9809,.T.);
#8066=EDGE_CURVE('',#9808,#9810,#9811,.T.);
#8067=EDGE_CURVE('',#9798,#9810,#9812,.T.);
#8068=FILL_AREA_STYLE('',(#9813));
#8069=EDGE_CURVE('',#9814,#9815,#9816,.T.);
#8070=EDGE_CURVE('',#9814,#9817,#9818,.T.);
#8071=EDGE_CURVE('',#9817,#9819,#9820,.T.);
#8072=EDGE_CURVE('',#9821,#9819,#9822,.T.);
#8073=EDGE_CURVE('',#9821,#9823,#9824,.T.);
#8074=EDGE_CURVE('',#9825,#9823,#9826,.T.);
#8075=EDGE_CURVE('',#9827,#9825,#9828,.T.);
#8076=EDGE_CURVE('',#9829,#9827,#9830,.T.);
#8077=EDGE_CURVE('',#9829,#9831,#9832,.T.);
#8078=EDGE_CURVE('',#9833,#9831,#9834,.T.);
#8079=EDGE_CURVE('',#9833,#9835,#9836,.T.);
#8080=EDGE_CURVE('',#9837,#9835,#9838,.T.);
#8081=EDGE_CURVE('',#9839,#9837,#9840,.T.);
#8082=EDGE_CURVE('',#9839,#9841,#9842,.T.);
#8083=EDGE_CURVE('',#9843,#9841,#9844,.T.);
#8084=EDGE_CURVE('',#9843,#9845,#9846,.T.);
#8085=EDGE_CURVE('',#9815,#9845,#9847,.T.);
#8086=FILL_AREA_STYLE('',(#9848));
#8087=EDGE_CURVE('',#9800,#9797,#9849,.T.);
#8088=EDGE_CURVE('',#9850,#9851,#9852,.T.);
#8089=EDGE_CURVE('',#9850,#9853,#9854,.T.);
#8090=EDGE_CURVE('',#9853,#9855,#9856,.T.);
#8091=EDGE_CURVE('',#9855,#9851,#9857,.T.);
#8092=FILL_AREA_STYLE('',(#9858));
#8093=EDGE_CURVE('',#9859,#9860,#9861,.T.);
#8094=EDGE_CURVE('',#9859,#9862,#9863,.T.);
#8095=EDGE_CURVE('',#9864,#9862,#9865,.T.);
#8096=EDGE_CURVE('',#9864,#9860,#9866,.T.);
#8097=FILL_AREA_STYLE('',(#9867));
#8098=EDGE_CURVE('',#9868,#9862,#9869,.T.);
#8099=EDGE_CURVE('',#9859,#9870,#9871,.T.);
#8100=EDGE_CURVE('',#9868,#9870,#9872,.T.);
#8101=FILL_AREA_STYLE('',(#9873));
#8102=EDGE_CURVE('',#9874,#9860,#9875,.T.);
#8103=EDGE_CURVE('',#9874,#9870,#9876,.T.);
#8104=FILL_AREA_STYLE('',(#9877));
#8105=EDGE_CURVE('',#9878,#9879,#9880,.T.);
#8106=EDGE_CURVE('',#9879,#9881,#9882,.T.);
#8107=EDGE_CURVE('',#9883,#9881,#9884,.T.);
#8108=EDGE_CURVE('',#9885,#9883,#9886,.T.);
#8109=EDGE_CURVE('',#9885,#9887,#9888,.T.);
#8110=EDGE_CURVE('',#9889,#9887,#9890,.T.);
#8111=EDGE_CURVE('',#9891,#9889,#9892,.T.);
#8112=EDGE_CURVE('',#9891,#9878,#9893,.T.);
#8113=FILL_AREA_STYLE('',(#9894));
#8114=EDGE_CURVE('',#9895,#9896,#9897,.T.);
#8115=EDGE_CURVE('',#9898,#9896,#9899,.T.);
#8116=EDGE_CURVE('',#9898,#9900,#9901,.T.);
#8117=EDGE_CURVE('',#9900,#9902,#9903,.T.);
#8118=EDGE_CURVE('',#9904,#9902,#9905,.T.);
#8119=EDGE_CURVE('',#9906,#9904,#9907,.T.);
#8120=EDGE_CURVE('',#9906,#9908,#9909,.T.);
#8121=EDGE_CURVE('',#9910,#9908,#9911,.T.);
#8122=EDGE_CURVE('',#9881,#9910,#9912,.T.);
#8123=EDGE_CURVE('',#9879,#9913,#9914,.T.);
#8124=EDGE_CURVE('',#9915,#9913,#9916,.T.);
#8125=EDGE_CURVE('',#9915,#9917,#9918,.T.);
#8126=EDGE_CURVE('',#9917,#9919,#9920,.T.);
#8127=EDGE_CURVE('',#9919,#9921,#9922,.T.);
#8128=EDGE_CURVE('',#9921,#9895,#9923,.T.);
#8129=FILL_AREA_STYLE('',(#9924));
#8130=EDGE_CURVE('',#9910,#9925,#9926,.T.);
#8131=EDGE_CURVE('',#9925,#9927,#9928,.T.);
#8132=EDGE_CURVE('',#9883,#9927,#9929,.T.);
#8133=FILL_AREA_STYLE('',(#9930));
#8134=EDGE_CURVE('',#9878,#9931,#9932,.T.);
#8135=EDGE_CURVE('',#9931,#9913,#9933,.T.);
#8136=FILL_AREA_STYLE('',(#9934));
#8137=EDGE_CURVE('',#9915,#9935,#9936,.T.);
#8138=EDGE_CURVE('',#9931,#9935,#9937,.T.);
#8139=FILL_AREA_STYLE('',(#9938));
#8140=EDGE_CURVE('',#9917,#9939,#9940,.T.);
#8141=EDGE_CURVE('',#9935,#9939,#9941,.T.);
#8142=FILL_AREA_STYLE('',(#9942));
#8143=EDGE_CURVE('',#9943,#9939,#9944,.T.);
#8144=EDGE_CURVE('',#9919,#9943,#9945,.T.);
#8145=FILL_AREA_STYLE('',(#9946));
#8146=EDGE_CURVE('',#9943,#9947,#9948,.T.);
#8147=EDGE_CURVE('',#9921,#9947,#9949,.T.);
#8148=FILL_AREA_STYLE('',(#9950));
#8149=EDGE_CURVE('',#9951,#9947,#9952,.T.);
#8150=EDGE_CURVE('',#9895,#9951,#9953,.T.);
#8151=FILL_AREA_STYLE('',(#9954));
#8152=EDGE_CURVE('',#9955,#9956,#9957,.T.);
#8153=EDGE_CURVE('',#9958,#9956,#9959,.T.);
#8154=EDGE_CURVE('',#9958,#9960,#9961,.T.);
#8155=EDGE_CURVE('',#9960,#9896,#9962,.T.);
#8156=EDGE_CURVE('',#9963,#9951,#9964,.T.);
#8157=EDGE_CURVE('',#9963,#9965,#9966,.T.);
#8158=EDGE_CURVE('',#9967,#9965,#9968,.T.);
#8159=EDGE_CURVE('',#9969,#9967,#9970,.T.);
#8160=EDGE_CURVE('',#9969,#9955,#9971,.T.);
#8161=EDGE_CURVE('',#9864,#9972,#9973,.T.);
#8162=EDGE_CURVE('',#9874,#9972,#9974,.T.);
#8163=FILL_AREA_STYLE('',(#9975));
#8164=EDGE_CURVE('',#9976,#9977,#9978,.T.);
#8165=EDGE_CURVE('',#9958,#9976,#9979,.T.);
#8166=EDGE_CURVE('',#9977,#9956,#9980,.T.);
#8167=FILL_AREA_STYLE('',(#9981));
#8168=EDGE_CURVE('',#9982,#9908,#9983,.T.);
#8169=EDGE_CURVE('',#9982,#9925,#9984,.T.);
#8170=FILL_AREA_STYLE('',(#9985));
#8171=EDGE_CURVE('',#9986,#9906,#9987,.T.);
#8172=EDGE_CURVE('',#9986,#9982,#9988,.T.);
#8173=FILL_AREA_STYLE('',(#9989));
#8174=EDGE_CURVE('',#9990,#9976,#9991,.T.);
#8175=EDGE_CURVE('',#9990,#9927,#9992,.T.);
#8176=EDGE_CURVE('',#9960,#9986,#9993,.T.);
#8177=FILL_AREA_STYLE('',(#9994));
#8178=EDGE_CURVE('',#9885,#9990,#9995,.T.);
#8179=FILL_AREA_STYLE('',(#9996));
#8180=EDGE_CURVE('',#9955,#9997,#9998,.T.);
#8181=EDGE_CURVE('',#9997,#9977,#9999,.T.);
#8182=FILL_AREA_STYLE('',(#10000));
#8183=EDGE_CURVE('',#9898,#9904,#10001,.T.);
#8184=FILL_AREA_STYLE('',(#10002));
#8185=EDGE_CURVE('',#9900,#9902,#10003,.T.);
#8186=FILL_AREA_STYLE('',(#10004));
#8187=FILL_AREA_STYLE('',(#10005));
#8188=EDGE_CURVE('',#10006,#10007,#10008,.T.);
#8189=EDGE_CURVE('',#9887,#10006,#10009,.T.);
#8190=EDGE_CURVE('',#10010,#9997,#10011,.T.);
#8191=EDGE_CURVE('',#10010,#10012,#10013,.T.);
#8192=EDGE_CURVE('',#10014,#10012,#10015,.T.);
#8193=EDGE_CURVE('',#10016,#10014,#10017,.T.);
#8194=EDGE_CURVE('',#10016,#10018,#10019,.T.);
#8195=EDGE_CURVE('',#10018,#10020,#10021,.T.);
#8196=EDGE_CURVE('',#10020,#10022,#10023,.T.);
#8197=EDGE_CURVE('',#10024,#10022,#10025,.T.);
#8198=EDGE_CURVE('',#10007,#10024,#10026,.T.);
#8199=FILL_AREA_STYLE('',(#10027));
#8200=EDGE_CURVE('',#10028,#10029,#10030,.T.);
#8201=EDGE_CURVE('',#10029,#10031,#10032,.T.);
#8202=EDGE_CURVE('',#10033,#10031,#10034,.T.);
#8203=EDGE_CURVE('',#10033,#10035,#10036,.T.);
#8204=EDGE_CURVE('',#10037,#10035,#10038,.T.);
#8205=EDGE_CURVE('',#10037,#10028,#10039,.T.);
#8206=FILL_AREA_STYLE('',(#10040));
#8207=EDGE_CURVE('',#10041,#10042,#10043,.T.);
#8208=EDGE_CURVE('',#10031,#10041,#10044,.T.);
#8209=EDGE_CURVE('',#10029,#10042,#10045,.T.);
#8210=FILL_AREA_STYLE('',(#10046));
#8211=EDGE_CURVE('',#10041,#10024,#10047,.T.);
#8212=EDGE_CURVE('',#10042,#10048,#10049,.T.);
#8213=EDGE_CURVE('',#10050,#10048,#10051,.T.);
#8214=EDGE_CURVE('',#10050,#10007,#10052,.T.);
#8215=FILL_AREA_STYLE('',(#10053));
#8216=EDGE_CURVE('',#10054,#10028,#10055,.T.);
#8217=EDGE_CURVE('',#10054,#10006,#10056,.T.);
#8218=FILL_AREA_STYLE('',(#10057));
#8219=EDGE_CURVE('',#10037,#9831,#10058,.T.);
#8220=EDGE_CURVE('',#9829,#10054,#10059,.T.);
#8221=FILL_AREA_STYLE('',(#10060));
#8222=EDGE_CURVE('',#9814,#10061,#10062,.T.);
#8223=EDGE_CURVE('',#10063,#9815,#10064,.T.);
#8224=EDGE_CURVE('',#10061,#10063,#10065,.T.);
#8225=FILL_AREA_STYLE('',(#10066));
#8226=EDGE_CURVE('',#10067,#10068,#10069,.T.);
#8227=EDGE_CURVE('',#9806,#10067,#10070,.T.);
#8228=EDGE_CURVE('',#9804,#10068,#10071,.T.);
#8229=FILL_AREA_STYLE('',(#10072));
#8230=EDGE_CURVE('',#10073,#10074,#10075,.T.);
#8231=EDGE_CURVE('',#9793,#10073,#10076,.T.);
#8232=EDGE_CURVE('',#10074,#9791,#10077,.T.);
#8233=FILL_AREA_STYLE('',(#10078));
#8234=EDGE_CURVE('',#10079,#10080,#10081,.T.);
#8235=EDGE_CURVE('',#10020,#10080,#10082,.T.);
#8236=EDGE_CURVE('',#10018,#10083,#10084,.T.);
#8237=EDGE_CURVE('',#10083,#10085,#10086,.T.);
#8238=EDGE_CURVE('',#10087,#10085,#10088,.T.);
#8239=EDGE_CURVE('',#10089,#10087,#10090,.T.);
#8240=EDGE_CURVE('',#10079,#10089,#10091,.T.);
#8241=FILL_AREA_STYLE('',(#10092));
#8242=EDGE_CURVE('',#10020,#10093,#10094,.T.);
#8243=EDGE_CURVE('',#10093,#10095,#10096,.T.);
#8244=EDGE_CURVE('',#10022,#10095,#10097,.T.);
#8245=FILL_AREA_STYLE('',(#10098));
#8246=EDGE_CURVE('',#10099,#9817,#10100,.T.);
#8247=EDGE_CURVE('',#10101,#10099,#10102,.T.);
#8248=EDGE_CURVE('',#9845,#10101,#10103,.T.);
#8249=EDGE_CURVE('',#10104,#9843,#10105,.T.);
#8250=EDGE_CURVE('',#10106,#10104,#10107,.T.);
#8251=EDGE_CURVE('',#10106,#10108,#10109,.T.);
#8252=EDGE_CURVE('',#10073,#10108,#10110,.T.);
#8253=EDGE_CURVE('',#10111,#10074,#10112,.T.);
#8254=EDGE_CURVE('',#10111,#10113,#10114,.T.);
#8255=EDGE_CURVE('',#10115,#10113,#10116,.T.);
#8256=EDGE_CURVE('',#9819,#10115,#10117,.T.);
#8257=FILL_AREA_STYLE('',(#10118));
#8258=EDGE_CURVE('',#9868,#9972,#10119,.T.);
#8259=FILL_AREA_STYLE('',(#10120));
#8260=EDGE_CURVE('',#10121,#10122,#10123,.T.);
#8261=EDGE_CURVE('',#10089,#10121,#10124,.T.);
#8262=EDGE_CURVE('',#10087,#10125,#10126,.T.);
#8263=EDGE_CURVE('',#10127,#10125,#10128,.T.);
#8264=EDGE_CURVE('',#10127,#10129,#10130,.T.);
#8265=EDGE_CURVE('',#10131,#10129,#10132,.T.);
#8266=EDGE_CURVE('',#10111,#10131,#10133,.T.);
#8267=EDGE_CURVE('',#10111,#10134,#10135,.T.);
#8268=EDGE_CURVE('',#10136,#10134,#10137,.T.);
#8269=EDGE_CURVE('',#10108,#10136,#10138,.T.);
#8270=EDGE_CURVE('',#10108,#10139,#10140,.T.);
#8271=EDGE_CURVE('',#10141,#10139,#10142,.T.);
#8272=EDGE_CURVE('',#10122,#10141,#10143,.T.);
#8273=FILL_AREA_STYLE('',(#10144));
#8274=EDGE_CURVE('',#10145,#10146,#10147,.T.);
#8275=EDGE_CURVE('',#10145,#10148,#10149,.T.);
#8276=EDGE_CURVE('',#10150,#10148,#10151,.T.);
#8277=EDGE_CURVE('',#10146,#10150,#10152,.T.);
#8278=FILL_AREA_STYLE('',(#10153));
#8279=EDGE_CURVE('',#10154,#9798,#10155,.T.);
#8280=EDGE_CURVE('',#10156,#10154,#10157,.T.);
#8281=EDGE_CURVE('',#10067,#10156,#10158,.T.);
#8282=EDGE_CURVE('',#9802,#10068,#10159,.T.);
#8283=FILL_AREA_STYLE('',(#10160));
#8284=EDGE_CURVE('',#10099,#10146,#10161,.T.);
#8285=EDGE_CURVE('',#10101,#10150,#10162,.T.);
#8286=FILL_AREA_STYLE('',(#10163));
#8287=EDGE_CURVE('',#9827,#10164,#10165,.T.);
#8288=EDGE_CURVE('',#9825,#10166,#10167,.T.);
#8289=EDGE_CURVE('',#10166,#10164,#10168,.T.);
#8290=FILL_AREA_STYLE('',(#10169));
#8291=EDGE_CURVE('',#10054,#10164,#10170,.T.);
#8292=FILL_AREA_STYLE('',(#10171));
#8293=EDGE_CURVE('',#10121,#10172,#10173,.T.);
#8294=EDGE_CURVE('',#10172,#10079,#10174,.T.);
#8295=FILL_AREA_STYLE('',(#10175));
#8296=EDGE_CURVE('',#10106,#10176,#10177,.T.);
#8297=EDGE_CURVE('',#10104,#10178,#10179,.T.);
#8298=EDGE_CURVE('',#10180,#10178,#10181,.T.);
#8299=EDGE_CURVE('',#10180,#10182,#10183,.T.);
#8300=EDGE_CURVE('',#10176,#10182,#10184,.T.);
#8301=FILL_AREA_STYLE('',(#10185));
#8302=EDGE_CURVE('',#10136,#9789,#10186,.T.);
#8303=EDGE_CURVE('',#9788,#10134,#10187,.T.);
#8304=FILL_AREA_STYLE('',(#10188));
#8305=EDGE_CURVE('',#10139,#10176,#10189,.T.);
#8306=FILL_AREA_STYLE('',(#10190));
#8307=EDGE_CURVE('',#10191,#10014,#10192,.T.);
#8308=EDGE_CURVE('',#10193,#10012,#10194,.T.);
#8309=EDGE_CURVE('',#10191,#10193,#10195,.T.);
#8310=FILL_AREA_STYLE('',(#10196));
#8311=EDGE_CURVE('',#10197,#10191,#10198,.T.);
#8312=EDGE_CURVE('',#10193,#10199,#10200,.T.);
#8313=EDGE_CURVE('',#10197,#10199,#10201,.T.);
#8314=FILL_AREA_STYLE('',(#10202));
#8315=EDGE_CURVE('',#10197,#10203,#10204,.T.);
#8316=EDGE_CURVE('',#10199,#10205,#10206,.T.);
#8317=EDGE_CURVE('',#10203,#10205,#10207,.T.);
#8318=FILL_AREA_STYLE('',(#10208));
#8319=EDGE_CURVE('',#10209,#10210,#10211,.T.);
#8320=EDGE_CURVE('',#10210,#10212,#10213,.T.);
#8321=EDGE_CURVE('',#10214,#10212,#10215,.T.);
#8322=EDGE_CURVE('',#10216,#10214,#10217,.T.);
#8323=EDGE_CURVE('',#9782,#10216,#10218,.T.);
#8324=EDGE_CURVE('',#10219,#9784,#10220,.T.);
#8325=EDGE_CURVE('',#10219,#10209,#10221,.T.);
#8326=FILL_AREA_STYLE('',(#10222));
#8327=EDGE_CURVE('',#10223,#10224,#10225,.T.);
#8328=EDGE_CURVE('',#10214,#10223,#10226,.T.);
#8329=EDGE_CURVE('',#10224,#10212,#10227,.T.);
#8330=FILL_AREA_STYLE('',(#10228));
#8331=EDGE_CURVE('',#10229,#10230,#10231,.T.);
#8332=EDGE_CURVE('',#10229,#10224,#10232,.T.);
#8333=EDGE_CURVE('',#10210,#10203,#10233,.T.);
#8334=EDGE_CURVE('',#10205,#10234,#10235,.T.);
#8335=EDGE_CURVE('',#10234,#10230,#10236,.T.);
#8336=FILL_AREA_STYLE('',(#10237));
#8337=EDGE_CURVE('',#10238,#9965,#10239,.T.);
#8338=EDGE_CURVE('',#10240,#9963,#10241,.T.);
#8339=EDGE_CURVE('',#10238,#10240,#10242,.T.);
#8340=FILL_AREA_STYLE('',(#10243));
#8341=EDGE_CURVE('',#10238,#10244,#10245,.T.);
#8342=EDGE_CURVE('',#10230,#10244,#10246,.T.);
#8343=EDGE_CURVE('',#10234,#9967,#10247,.T.);
#8344=FILL_AREA_STYLE('',(#10248));
#8345=EDGE_CURVE('',#10249,#10244,#10250,.T.);
#8346=EDGE_CURVE('',#10229,#10249,#10251,.T.);
#8347=FILL_AREA_STYLE('',(#10252));
#8348=EDGE_CURVE('',#10253,#10254,#10255,.T.);
#8349=EDGE_CURVE('',#10253,#10254,#10256,.T.);
#8350=FILL_AREA_STYLE('',(#10257));
#8351=EDGE_CURVE('',#10240,#10254,#10258,.T.);
#8352=EDGE_CURVE('',#10249,#10253,#10259,.T.);
#8353=FILL_AREA_STYLE('',(#10260));
#8354=EDGE_CURVE('',#10261,#10214,#10262,.T.);
#8355=EDGE_CURVE('',#10223,#9891,#10263,.T.);
#8356=EDGE_CURVE('',#10261,#9889,#10264,.T.);
#8357=FILL_AREA_STYLE('',(#10265));
#8358=EDGE_CURVE('',#10016,#10164,#10266,.T.);
#8359=EDGE_CURVE('',#10018,#10166,#10267,.T.);
#8360=FILL_AREA_STYLE('',(#10268));
#8361=EDGE_CURVE('',#10209,#10269,#10270,.T.);
#8362=EDGE_CURVE('',#10261,#10269,#10271,.T.);
#8363=FILL_AREA_STYLE('',(#10272));
#8364=EDGE_CURVE('',#9781,#10216,#10273,.T.);
#8365=FILL_AREA_STYLE('',(#10274));
#8366=EDGE_CURVE('',#10219,#10269,#10275,.T.);
#8367=FILL_AREA_STYLE('',(#10276));
#8368=FILL_AREA_STYLE('',(#10277));
#8369=EDGE_CURVE('',#9969,#10010,#10278,.T.);
#8370=FILL_AREA_STYLE('',(#10279));
#8371=FILL_AREA_STYLE('',(#10280));
#8372=FILL_AREA_STYLE('',(#10281));
#8373=EDGE_CURVE('',#10148,#9851,#10282,.T.);
#8374=EDGE_CURVE('',#10063,#9855,#10283,.T.);
#8375=FILL_AREA_STYLE('',(#10284));
#8376=EDGE_CURVE('',#10182,#10141,#10285,.T.);
#8377=FILL_AREA_STYLE('',(#10286));
#8378=EDGE_CURVE('',#10154,#9810,#10287,.T.);
#8379=FILL_AREA_STYLE('',(#10288));
#8380=EDGE_CURVE('',#10289,#10172,#10290,.T.);
#8381=EDGE_CURVE('',#10080,#10289,#10291,.T.);
#8382=FILL_AREA_STYLE('',(#10292));
#8383=EDGE_CURVE('',#10061,#9853,#10293,.T.);
#8384=FILL_AREA_STYLE('',(#10294));
#8385=FILL_AREA_STYLE('',(#10295));
#8386=FILL_AREA_STYLE('',(#10296));
#8387=FILL_AREA_STYLE('',(#10297));
#8388=EDGE_CURVE('',#10156,#9808,#10298,.T.);
#8389=FILL_AREA_STYLE('',(#10299));
#8390=EDGE_CURVE('',#9839,#10093,#10300,.T.);
#8391=EDGE_CURVE('',#10093,#9837,#10301,.T.);
#8392=FILL_AREA_STYLE('',(#10302));
#8393=EDGE_CURVE('',#10129,#10303,#10304,.T.);
#8394=EDGE_CURVE('',#10305,#10127,#10306,.T.);
#8395=EDGE_CURVE('',#10305,#10303,#10307,.T.);
#8396=FILL_AREA_STYLE('',(#10308));
#8397=EDGE_CURVE('',#10309,#10115,#10310,.T.);
#8398=EDGE_CURVE('',#10311,#10113,#10312,.T.);
#8399=EDGE_CURVE('',#10303,#10311,#10313,.T.);
#8400=EDGE_CURVE('',#10309,#10305,#10314,.T.);
#8401=FILL_AREA_STYLE('',(#10315));
#8402=EDGE_CURVE('',#10122,#10180,#10316,.T.);
#8403=FILL_AREA_STYLE('',(#10317));
#8404=FILL_AREA_STYLE('',(#10318));
#8405=EDGE_CURVE('',#10289,#10178,#10319,.T.);
#8406=EDGE_CURVE('',#10178,#9841,#10320,.T.);
#8407=FILL_AREA_STYLE('',(#10321));
#8408=EDGE_CURVE('',#10311,#10131,#10322,.T.);
#8409=FILL_AREA_STYLE('',(#10323));
#8410=FILL_AREA_STYLE('',(#10324));
#8411=EDGE_CURVE('',#10325,#10083,#10326,.T.);
#8412=EDGE_CURVE('',#10327,#10325,#10328,.T.);
#8413=EDGE_CURVE('',#10085,#10327,#10329,.T.);
#8414=FILL_AREA_STYLE('',(#10330));
#8415=EDGE_CURVE('',#10327,#10125,#10331,.T.);
#8416=FILL_AREA_STYLE('',(#10332));
#8417=EDGE_CURVE('',#10033,#10095,#10333,.T.);
#8418=FILL_AREA_STYLE('',(#10334));
#8419=EDGE_CURVE('',#10325,#10309,#10335,.T.);
#8420=FILL_AREA_STYLE('',(#10336));
#8421=EDGE_CURVE('',#10309,#9821,#10337,.T.);
#8422=FILL_AREA_STYLE('',(#10338));
#8423=EDGE_CURVE('',#10166,#9823,#10339,.T.);
#8424=FILL_AREA_STYLE('',(#10340));
#8425=FILL_AREA_STYLE('',(#10341));
#8426=EDGE_CURVE('',#10145,#9850,#10342,.T.);
#8427=FILL_AREA_STYLE('',(#10343));
#8428=EDGE_CURVE('',#10095,#9835,#10344,.T.);
#8429=EDGE_CURVE('',#10035,#9833,#10345,.T.);
#8430=FILL_AREA_STYLE('',(#10346));
#8431=FILL_AREA_STYLE('',(#10347));
#8432=FILL_AREA_STYLE('',(#10348));
#8433=FILL_AREA_STYLE('',(#10349));
#8434=FILL_AREA_STYLE('',(#10350));
#8435=FILL_AREA_STYLE('',(#10351));
#8436=FILL_AREA_STYLE('',(#10352));
#8437=EDGE_CURVE('',#10353,#10354,#10355,.T.);
#8438=EDGE_CURVE('',#10353,#10356,#10357,.T.);
#8439=EDGE_CURVE('',#10358,#10356,#10359,.T.);
#8440=EDGE_CURVE('',#10360,#10358,#10361,.T.);
#8441=EDGE_CURVE('',#10362,#10360,#10363,.T.);
#8442=EDGE_CURVE('',#10364,#10362,#10365,.T.);
#8443=EDGE_CURVE('',#10364,#10366,#10367,.T.);
#8444=EDGE_CURVE('',#10354,#10366,#10368,.T.);
#8445=FILL_AREA_STYLE('',(#10369));
#8446=EDGE_CURVE('',#10370,#10371,#10372,.T.);
#8447=EDGE_CURVE('',#10373,#10370,#10374,.T.);
#8448=EDGE_CURVE('',#10375,#10373,#10376,.T.);
#8449=EDGE_CURVE('',#10371,#10375,#10377,.T.);
#8450=FILL_AREA_STYLE('',(#10378));
#8451=EDGE_CURVE('',#10379,#10380,#10381,.T.);
#8452=EDGE_CURVE('',#10382,#10379,#10383,.T.);
#8453=EDGE_CURVE('',#10382,#10380,#10384,.T.);
#8454=FILL_AREA_STYLE('',(#10385));
#8455=EDGE_CURVE('',#10386,#10387,#10388,.T.);
#8456=EDGE_CURVE('',#10386,#10389,#10390,.T.);
#8457=EDGE_CURVE('',#10389,#10391,#10392,.T.);
#8458=EDGE_CURVE('',#10393,#10391,#10394,.T.);
#8459=EDGE_CURVE('',#10393,#10395,#10396,.T.);
#8460=EDGE_CURVE('',#10397,#10395,#10398,.T.);
#8461=EDGE_CURVE('',#10399,#10397,#10400,.T.);
#8462=EDGE_CURVE('',#10401,#10399,#10402,.T.);
#8463=EDGE_CURVE('',#10401,#10403,#10404,.T.);
#8464=EDGE_CURVE('',#10405,#10403,#10406,.T.);
#8465=EDGE_CURVE('',#10405,#10407,#10408,.T.);
#8466=EDGE_CURVE('',#10409,#10407,#10410,.T.);
#8467=EDGE_CURVE('',#10411,#10409,#10412,.T.);
#8468=EDGE_CURVE('',#10411,#10413,#10414,.T.);
#8469=EDGE_CURVE('',#10415,#10413,#10416,.T.);
#8470=EDGE_CURVE('',#10415,#10417,#10418,.T.);
#8471=EDGE_CURVE('',#10387,#10417,#10419,.T.);
#8472=FILL_AREA_STYLE('',(#10420));
#8473=EDGE_CURVE('',#10356,#10353,#10421,.T.);
#8474=EDGE_CURVE('',#10422,#10423,#10424,.T.);
#8475=EDGE_CURVE('',#10422,#10425,#10426,.T.);
#8476=EDGE_CURVE('',#10425,#10427,#10428,.T.);
#8477=EDGE_CURVE('',#10423,#10427,#10429,.T.);
#8478=FILL_AREA_STYLE('',(#10430));
#8479=EDGE_CURVE('',#10386,#10431,#10432,.T.);
#8480=EDGE_CURVE('',#10387,#10433,#10434,.T.);
#8481=EDGE_CURVE('',#10431,#10433,#10435,.T.);
#8482=FILL_AREA_STYLE('',(#10436));
#8483=EDGE_CURVE('',#10437,#10389,#10438,.T.);
#8484=EDGE_CURVE('',#10439,#10437,#10440,.T.);
#8485=EDGE_CURVE('',#10439,#10417,#10441,.T.);
#8486=EDGE_CURVE('',#10442,#10415,#10443,.T.);
#8487=EDGE_CURVE('',#10444,#10442,#10445,.T.);
#8488=EDGE_CURVE('',#10444,#10446,#10447,.T.);
#8489=EDGE_CURVE('',#10448,#10446,#10449,.T.);
#8490=EDGE_CURVE('',#10448,#10450,#10451,.T.);
#8491=EDGE_CURVE('',#10452,#10450,#10453,.T.);
#8492=EDGE_CURVE('',#10452,#10454,#10455,.T.);
#8493=EDGE_CURVE('',#10456,#10454,#10457,.T.);
#8494=EDGE_CURVE('',#10391,#10456,#10458,.T.);
#8495=FILL_AREA_STYLE('',(#10459));
#8496=EDGE_CURVE('',#10460,#10461,#10462,.T.);
#8497=EDGE_CURVE('',#10460,#10463,#10464,.T.);
#8498=EDGE_CURVE('',#10463,#10465,#10466,.T.);
#8499=EDGE_CURVE('',#10461,#10465,#10467,.T.);
#8500=FILL_AREA_STYLE('',(#10468));
#8501=EDGE_CURVE('',#10437,#10461,#10469,.T.);
#8502=EDGE_CURVE('',#10439,#10465,#10470,.T.);
#8503=FILL_AREA_STYLE('',(#10471));
#8504=EDGE_CURVE('',#10431,#10425,#10472,.T.);
#8505=EDGE_CURVE('',#10433,#10427,#10473,.T.);
#8506=FILL_AREA_STYLE('',(#10474));
#8507=EDGE_CURVE('',#10460,#10422,#10475,.T.);
#8508=EDGE_CURVE('',#10463,#10423,#10476,.T.);
#8509=FILL_AREA_STYLE('',(#10477));
#8510=EDGE_CURVE('',#10380,#10478,#10479,.T.);
#8511=EDGE_CURVE('',#10379,#10478,#10480,.T.);
#8512=FILL_AREA_STYLE('',(#10481));
#8513=EDGE_CURVE('',#10482,#10483,#10484,.T.);
#8514=EDGE_CURVE('',#10485,#10483,#10486,.T.);
#8515=EDGE_CURVE('',#10485,#10382,#10487,.T.);
#8516=EDGE_CURVE('',#10478,#10488,#10489,.T.);
#8517=EDGE_CURVE('',#10482,#10488,#10490,.T.);
#8518=FILL_AREA_STYLE('',(#10491));
#8519=EDGE_CURVE('',#10485,#10492,#10493,.T.);
#8520=EDGE_CURVE('',#10492,#10483,#10494,.T.);
#8521=FILL_AREA_STYLE('',(#10495));
#8522=EDGE_CURVE('',#10496,#10497,#10498,.T.);
#8523=EDGE_CURVE('',#10499,#10497,#10500,.T.);
#8524=EDGE_CURVE('',#10501,#10499,#10502,.T.);
#8525=EDGE_CURVE('',#10503,#10501,#10504,.T.);
#8526=EDGE_CURVE('',#10505,#10503,#10506,.T.);
#8527=EDGE_CURVE('',#10505,#10507,#10508,.T.);
#8528=EDGE_CURVE('',#10509,#10507,#10510,.T.);
#8529=EDGE_CURVE('',#10496,#10509,#10511,.T.);
#8530=FILL_AREA_STYLE('',(#10512));
#8531=EDGE_CURVE('',#10509,#10513,#10514,.T.);
#8532=EDGE_CURVE('',#10515,#10513,#10516,.T.);
#8533=EDGE_CURVE('',#10496,#10515,#10517,.T.);
#8534=FILL_AREA_STYLE('',(#10518));
#8535=EDGE_CURVE('',#10519,#10520,#10521,.T.);
#8536=EDGE_CURVE('',#10520,#10522,#10523,.T.);
#8537=EDGE_CURVE('',#10524,#10522,#10525,.T.);
#8538=EDGE_CURVE('',#10524,#10526,#10527,.T.);
#8539=EDGE_CURVE('',#10528,#10526,#10529,.T.);
#8540=EDGE_CURVE('',#10530,#10528,#10531,.T.);
#8541=EDGE_CURVE('',#10532,#10530,#10533,.T.);
#8542=EDGE_CURVE('',#10534,#10532,#10535,.T.);
#8543=EDGE_CURVE('',#10536,#10534,#10537,.T.);
#8544=EDGE_CURVE('',#10536,#10538,#10539,.T.);
#8545=EDGE_CURVE('',#10540,#10538,#10541,.T.);
#8546=EDGE_CURVE('',#10540,#10542,#10543,.T.);
#8547=EDGE_CURVE('',#10542,#10544,#10545,.T.);
#8548=EDGE_CURVE('',#10544,#10546,#10547,.T.);
#8549=EDGE_CURVE('',#10548,#10546,#10549,.T.);
#8550=EDGE_CURVE('',#10548,#10519,#10550,.T.);
#8551=FILL_AREA_STYLE('',(#10551));
#8552=EDGE_CURVE('',#10552,#10526,#10553,.T.);
#8553=EDGE_CURVE('',#10554,#10524,#10555,.T.);
#8554=EDGE_CURVE('',#10552,#10554,#10556,.T.);
#8555=FILL_AREA_STYLE('',(#10557));
#8556=EDGE_CURVE('',#10558,#10522,#10559,.T.);
#8557=EDGE_CURVE('',#10560,#10520,#10561,.T.);
#8558=EDGE_CURVE('',#10558,#10560,#10562,.T.);
#8559=FILL_AREA_STYLE('',(#10563));
#8560=EDGE_CURVE('',#10554,#10558,#10564,.T.);
#8561=FILL_AREA_STYLE('',(#10565));
#8562=EDGE_CURVE('',#10566,#10567,#10568,.T.);
#8563=EDGE_CURVE('',#10569,#10567,#10570,.T.);
#8564=EDGE_CURVE('',#10569,#10571,#10572,.T.);
#8565=EDGE_CURVE('',#10566,#10571,#10573,.T.);
#8566=FILL_AREA_STYLE('',(#10574));
#8567=EDGE_CURVE('',#10569,#10575,#10576,.T.);
#8568=EDGE_CURVE('',#10577,#10575,#10578,.T.);
#8569=EDGE_CURVE('',#10577,#10571,#10579,.T.);
#8570=FILL_AREA_STYLE('',(#10580));
#8571=EDGE_CURVE('',#10581,#10567,#10582,.T.);
#8572=EDGE_CURVE('',#10581,#10575,#10583,.T.);
#8573=FILL_AREA_STYLE('',(#10584));
#8574=EDGE_CURVE('',#10566,#10585,#10586,.T.);
#8575=EDGE_CURVE('',#10581,#10585,#10587,.T.);
#8576=FILL_AREA_STYLE('',(#10588));
#8577=EDGE_CURVE('',#10515,#10589,#10590,.T.);
#8578=EDGE_CURVE('',#10591,#10589,#10592,.T.);
#8579=EDGE_CURVE('',#10591,#10593,#10594,.T.);
#8580=EDGE_CURVE('',#10593,#10595,#10596,.T.);
#8581=EDGE_CURVE('',#10560,#10595,#10597,.T.);
#8582=EDGE_CURVE('',#10519,#10598,#10599,.T.);
#8583=EDGE_CURVE('',#10497,#10598,#10600,.T.);
#8584=EDGE_CURVE('',#10577,#10585,#10601,.T.);
#8585=FILL_AREA_STYLE('',(#10602));
#8586=EDGE_CURVE('',#10513,#10603,#10604,.T.);
#8587=EDGE_CURVE('',#10603,#10589,#10605,.T.);
#8588=FILL_AREA_STYLE('',(#10606));
#8589=EDGE_CURVE('',#10607,#10507,#10608,.T.);
#8590=EDGE_CURVE('',#10609,#10607,#10610,.T.);
#8591=EDGE_CURVE('',#10609,#10611,#10612,.T.);
#8592=EDGE_CURVE('',#10611,#10613,#10614,.T.);
#8593=EDGE_CURVE('',#10613,#10615,#10616,.T.);
#8594=EDGE_CURVE('',#10617,#10615,#10618,.T.);
#8595=EDGE_CURVE('',#10619,#10617,#10620,.T.);
#8596=EDGE_CURVE('',#10621,#10619,#10622,.T.);
#8597=EDGE_CURVE('',#10623,#10621,#10624,.T.);
#8598=EDGE_CURVE('',#10625,#10623,#10626,.T.);
#8599=EDGE_CURVE('',#10625,#10627,#10628,.T.);
#8600=EDGE_CURVE('',#10627,#10629,#10630,.T.);
#8601=EDGE_CURVE('',#10629,#10603,#10631,.T.);
#8602=FILL_AREA_STYLE('',(#10632));
#8603=EDGE_CURVE('',#10633,#10634,#10635,.T.);
#8604=EDGE_CURVE('',#10636,#10633,#10637,.T.);
#8605=EDGE_CURVE('',#10638,#10636,#10639,.T.);
#8606=EDGE_CURVE('',#10638,#10634,#10640,.T.);
#8607=FILL_AREA_STYLE('',(#10641));
#8608=EDGE_CURVE('',#10642,#10456,#10643,.T.);
#8609=EDGE_CURVE('',#10644,#10454,#10645,.T.);
#8610=EDGE_CURVE('',#10634,#10644,#10646,.T.);
#8611=EDGE_CURVE('',#10642,#10638,#10647,.T.);
#8612=FILL_AREA_STYLE('',(#10648));
#8613=EDGE_CURVE('',#10649,#10371,#10650,.T.);
#8614=EDGE_CURVE('',#10649,#10651,#10652,.T.);
#8615=EDGE_CURVE('',#10370,#10651,#10653,.T.);
#8616=FILL_AREA_STYLE('',(#10654));
#8617=EDGE_CURVE('',#10450,#10373,#10655,.T.);
#8618=EDGE_CURVE('',#10452,#10651,#10656,.T.);
#8619=FILL_AREA_STYLE('',(#10657));
#8620=EDGE_CURVE('',#10375,#10448,#10658,.T.);
#8621=FILL_AREA_STYLE('',(#10659));
#8622=EDGE_CURVE('',#10362,#10660,#10661,.T.);
#8623=EDGE_CURVE('',#10360,#10662,#10663,.T.);
#8624=EDGE_CURVE('',#10660,#10662,#10664,.T.);
#8625=FILL_AREA_STYLE('',(#10665));
#8626=EDGE_CURVE('',#10358,#10662,#10666,.T.);
#8627=FILL_AREA_STYLE('',(#10667));
#8628=EDGE_CURVE('',#10660,#10668,#10669,.T.);
#8629=EDGE_CURVE('',#10668,#10364,#10670,.T.);
#8630=FILL_AREA_STYLE('',(#10671));
#8631=EDGE_CURVE('',#10668,#10672,#10673,.T.);
#8632=EDGE_CURVE('',#10672,#10366,#10674,.T.);
#8633=FILL_AREA_STYLE('',(#10675));
#8634=EDGE_CURVE('',#10672,#10354,#10676,.T.);
#8635=FILL_AREA_STYLE('',(#10677));
#8636=FILL_AREA_STYLE('',(#10678));
#8637=EDGE_CURVE('',#10452,#10679,#10680,.T.);
#8638=EDGE_CURVE('',#10644,#10679,#10681,.T.);
#8639=FILL_AREA_STYLE('',(#10682));
#8640=EDGE_CURVE('',#10679,#10633,#10683,.T.);
#8641=FILL_AREA_STYLE('',(#10684));
#8642=EDGE_CURVE('',#10685,#10686,#10687,.T.);
#8643=EDGE_CURVE('',#10688,#10685,#10689,.T.);
#8644=EDGE_CURVE('',#10690,#10688,#10691,.T.);
#8645=EDGE_CURVE('',#10686,#10690,#10692,.T.);
#8646=FILL_AREA_STYLE('',(#10693));
#8647=EDGE_CURVE('',#10694,#10686,#10695,.T.);
#8648=EDGE_CURVE('',#10690,#10696,#10697,.T.);
#8649=EDGE_CURVE('',#10694,#10696,#10698,.T.);
#8650=FILL_AREA_STYLE('',(#10699));
#8651=EDGE_CURVE('',#10700,#10694,#10701,.T.);
#8652=EDGE_CURVE('',#10636,#10696,#10702,.T.);
#8653=EDGE_CURVE('',#10446,#10649,#10703,.T.);
#8654=EDGE_CURVE('',#10446,#10704,#10705,.T.);
#8655=EDGE_CURVE('',#10706,#10704,#10707,.T.);
#8656=EDGE_CURVE('',#10708,#10706,#10709,.T.);
#8657=EDGE_CURVE('',#10710,#10708,#10711,.T.);
#8658=EDGE_CURVE('',#10700,#10710,#10712,.T.);
#8659=FILL_AREA_STYLE('',(#10713));
#8660=EDGE_CURVE('',#10688,#10642,#10714,.T.);
#8661=FILL_AREA_STYLE('',(#10715));
#8662=EDGE_CURVE('',#10642,#10393,#10716,.T.);
#8663=FILL_AREA_STYLE('',(#10717));
#8664=EDGE_CURVE('',#10718,#10395,#10719,.T.);
#8665=EDGE_CURVE('',#10397,#10718,#10720,.T.);
#8666=FILL_AREA_STYLE('',(#10721));
#8667=EDGE_CURVE('',#10611,#10685,#10722,.T.);
#8668=EDGE_CURVE('',#10611,#10718,#10723,.T.);
#8669=FILL_AREA_STYLE('',(#10724));
#8670=EDGE_CURVE('',#10725,#10700,#10726,.T.);
#8671=EDGE_CURVE('',#10725,#10727,#10728,.T.);
#8672=EDGE_CURVE('',#10613,#10727,#10729,.T.);
#8673=FILL_AREA_STYLE('',(#10730));
#8674=EDGE_CURVE('',#10411,#10731,#10732,.T.);
#8675=EDGE_CURVE('',#10613,#10731,#10733,.T.);
#8676=EDGE_CURVE('',#10727,#10734,#10735,.T.);
#8677=EDGE_CURVE('',#10734,#10736,#10737,.T.);
#8678=EDGE_CURVE('',#10736,#10413,#10738,.T.);
#8679=FILL_AREA_STYLE('',(#10739));
#8680=EDGE_CURVE('',#10731,#10409,#10740,.T.);
#8681=FILL_AREA_STYLE('',(#10741));
#8682=EDGE_CURVE('',#10731,#10742,#10743,.T.);
#8683=EDGE_CURVE('',#10615,#10742,#10744,.T.);
#8684=FILL_AREA_STYLE('',(#10745));
#8685=FILL_AREA_STYLE('',(#10746));
#8686=EDGE_CURVE('',#10747,#10595,#10748,.T.);
#8687=EDGE_CURVE('',#10747,#10749,#10750,.T.);
#8688=EDGE_CURVE('',#10749,#10751,#10752,.T.);
#8689=EDGE_CURVE('',#10753,#10751,#10754,.T.);
#8690=EDGE_CURVE('',#10755,#10753,#10756,.T.);
#8691=EDGE_CURVE('',#10755,#10757,#10758,.T.);
#8692=EDGE_CURVE('',#10759,#10757,#10760,.T.);
#8693=EDGE_CURVE('',#10761,#10759,#10762,.T.);
#8694=EDGE_CURVE('',#10763,#10761,#10764,.T.);
#8695=EDGE_CURVE('',#10763,#10765,#10766,.T.);
#8696=EDGE_CURVE('',#10767,#10765,#10768,.T.);
#8697=EDGE_CURVE('',#10767,#10552,#10769,.T.);
#8698=FILL_AREA_STYLE('',(#10770));
#8699=EDGE_CURVE('',#10759,#10771,#10772,.T.);
#8700=EDGE_CURVE('',#10771,#10773,#10774,.T.);
#8701=EDGE_CURVE('',#10775,#10773,#10776,.T.);
#8702=EDGE_CURVE('',#10775,#10761,#10777,.T.);
#8703=FILL_AREA_STYLE('',(#10778));
#8704=EDGE_CURVE('',#10534,#10779,#10780,.T.);
#8705=EDGE_CURVE('',#10532,#10763,#10781,.T.);
#8706=EDGE_CURVE('',#10625,#10775,#10782,.T.);
#8707=EDGE_CURVE('',#10779,#10623,#10783,.T.);
#8708=FILL_AREA_STYLE('',(#10784));
#8709=EDGE_CURVE('',#10591,#10629,#10785,.T.);
#8710=FILL_AREA_STYLE('',(#10786));
#8711=EDGE_CURVE('',#10787,#10757,#10788,.T.);
#8712=EDGE_CURVE('',#10787,#10771,#10789,.T.);
#8713=FILL_AREA_STYLE('',(#10790));
#8714=EDGE_CURVE('',#10791,#10755,#10792,.T.);
#8715=EDGE_CURVE('',#10791,#10787,#10793,.T.);
#8716=FILL_AREA_STYLE('',(#10794));
#8717=EDGE_CURVE('',#10627,#10773,#10795,.T.);
#8718=EDGE_CURVE('',#10593,#10791,#10796,.T.);
#8719=FILL_AREA_STYLE('',(#10797));
#8720=FILL_AREA_STYLE('',(#10798));
#8721=EDGE_CURVE('',#10799,#10800,#10801,.T.);
#8722=EDGE_CURVE('',#10800,#10505,#10802,.T.);
#8723=EDGE_CURVE('',#10799,#10503,#10803,.T.);
#8724=FILL_AREA_STYLE('',(#10804));
#8725=EDGE_CURVE('',#10747,#10753,#10805,.T.);
#8726=FILL_AREA_STYLE('',(#10806));
#8727=EDGE_CURVE('',#10749,#10751,#10807,.T.);
#8728=FILL_AREA_STYLE('',(#10808));
#8729=FILL_AREA_STYLE('',(#10809));
#8730=EDGE_CURVE('',#10810,#10742,#10811,.T.);
#8731=EDGE_CURVE('',#10810,#10812,#10813,.T.);
#8732=EDGE_CURVE('',#10812,#10814,#10815,.T.);
#8733=EDGE_CURVE('',#10814,#10617,#10816,.T.);
#8734=FILL_AREA_STYLE('',(#10817));
#8735=EDGE_CURVE('',#10814,#10818,#10819,.T.);
#8736=EDGE_CURVE('',#10820,#10812,#10821,.T.);
#8737=EDGE_CURVE('',#10820,#10818,#10822,.T.);
#8738=FILL_AREA_STYLE('',(#10823));
#8739=EDGE_CURVE('',#10818,#10824,#10825,.T.);
#8740=EDGE_CURVE('',#10824,#10826,#10827,.F.);
#8741=EDGE_CURVE('',#10826,#10619,#10828,.T.);
#8742=FILL_AREA_STYLE('',(#10829));
#8743=EDGE_CURVE('',#10830,#10403,#10831,.T.);
#8744=EDGE_CURVE('',#10830,#10832,#10833,.T.);
#8745=EDGE_CURVE('',#10832,#10405,#10834,.T.);
#8746=FILL_AREA_STYLE('',(#10835));
#8747=EDGE_CURVE('',#10836,#10820,#10837,.T.);
#8748=EDGE_CURVE('',#10810,#10832,#10838,.T.);
#8749=EDGE_CURVE('',#10830,#10836,#10839,.T.);
#8750=FILL_AREA_STYLE('',(#10840));
#8751=EDGE_CURVE('',#10742,#10407,#10841,.T.);
#8752=FILL_AREA_STYLE('',(#10842));
#8753=EDGE_CURVE('',#10544,#10546,#10843,.T.);
#8754=EDGE_CURVE('',#10542,#10844,#10845,.T.);
#8755=EDGE_CURVE('',#10846,#10844,#10847,.T.);
#8756=EDGE_CURVE('',#10846,#10548,#10848,.T.);
#8757=FILL_AREA_STYLE('',(#10849));
#8758=FILL_AREA_STYLE('',(#10850));
#8759=EDGE_CURVE('',#10734,#10851,#10852,.T.);
#8760=EDGE_CURVE('',#10851,#10725,#10853,.T.);
#8761=FILL_AREA_STYLE('',(#10854));
#8762=EDGE_CURVE('',#10710,#10851,#10855,.T.);
#8763=FILL_AREA_STYLE('',(#10856));
#8764=EDGE_CURVE('',#10767,#10528,#10857,.T.);
#8765=FILL_AREA_STYLE('',(#10858));
#8766=EDGE_CURVE('',#10859,#10706,#10860,.T.);
#8767=EDGE_CURVE('',#10861,#10859,#10862,.T.);
#8768=EDGE_CURVE('',#10708,#10861,#10863,.T.);
#8769=FILL_AREA_STYLE('',(#10864));
#8770=EDGE_CURVE('',#10444,#10865,#10866,.T.);
#8771=EDGE_CURVE('',#10704,#10865,#10867,.T.);
#8772=FILL_AREA_STYLE('',(#10868));
#8773=EDGE_CURVE('',#10865,#10859,#10869,.T.);
#8774=FILL_AREA_STYLE('',(#10870));
#8775=FILL_AREA_STYLE('',(#10871));
#8776=EDGE_CURVE('',#10492,#10872,#10873,.T.);
#8777=EDGE_CURVE('',#10872,#10874,#10875,.T.);
#8778=EDGE_CURVE('',#10488,#10874,#10876,.T.);
#8779=FILL_AREA_STYLE('',(#10877));
#8780=EDGE_CURVE('',#10442,#10736,#10878,.T.);
#8781=FILL_AREA_STYLE('',(#10879));
#8782=EDGE_CURVE('',#10861,#10736,#10880,.T.);
#8783=FILL_AREA_STYLE('',(#10881));
#8784=FILL_AREA_STYLE('',(#10882));
#8785=EDGE_CURVE('',#10540,#10883,#10884,.T.);
#8786=EDGE_CURVE('',#10538,#10874,#10885,.T.);
#8787=EDGE_CURVE('',#10872,#10886,#10887,.T.);
#8788=EDGE_CURVE('',#10886,#10501,#10888,.T.);
#8789=EDGE_CURVE('',#10499,#10883,#10889,.T.);
#8790=FILL_AREA_STYLE('',(#10890));
#8791=EDGE_CURVE('',#10609,#10891,#10892,.T.);
#8792=EDGE_CURVE('',#10718,#10891,#10893,.T.);
#8793=FILL_AREA_STYLE('',(#10894));
#8794=EDGE_CURVE('',#10883,#10844,#10895,.T.);
#8795=FILL_AREA_STYLE('',(#10896));
#8796=EDGE_CURVE('',#10399,#10891,#10897,.T.);
#8797=EDGE_CURVE('',#10898,#10891,#10899,.T.);
#8798=EDGE_CURVE('',#10401,#10898,#10900,.T.);
#8799=FILL_AREA_STYLE('',(#10901));
#8800=EDGE_CURVE('',#10846,#10598,#10902,.T.);
#8801=FILL_AREA_STYLE('',(#10903));
#8802=EDGE_CURVE('',#10898,#10836,#10904,.T.);
#8803=FILL_AREA_STYLE('',(#10905));
#8804=FILL_AREA_STYLE('',(#10906));
#8805=EDGE_CURVE('',#10530,#10765,#10907,.T.);
#8806=FILL_AREA_STYLE('',(#10908));
#8807=EDGE_CURVE('',#10488,#10536,#10909,.T.);
#8808=FILL_AREA_STYLE('',(#10910));
#8809=EDGE_CURVE('',#10800,#10607,#10911,.T.);
#8810=EDGE_CURVE('',#10799,#10886,#10912,.T.);
#8811=EDGE_CURVE('',#10482,#10779,#10913,.T.);
#8812=EDGE_CURVE('',#10898,#10621,#10914,.T.);
#8813=FILL_AREA_STYLE('',(#10915));
#8814=FILL_AREA_STYLE('',(#10916));
#8815=FILL_AREA_STYLE('',(#10917));
#8816=FILL_AREA_STYLE('',(#10918));
#8817=FILL_AREA_STYLE('',(#10919));
#8818=FILL_AREA_STYLE('',(#10920));
#8819=FILL_AREA_STYLE('',(#10921));
#8820=FILL_AREA_STYLE('',(#10922));
#8821=FILL_AREA_STYLE('',(#10923));
#8822=FILL_AREA_STYLE('',(#10924));
#8823=EDGE_CURVE('',#10925,#10926,#10927,.T.);
#8824=EDGE_CURVE('',#10925,#10928,#10929,.T.);
#8825=EDGE_CURVE('',#10930,#10928,#10931,.T.);
#8826=EDGE_CURVE('',#10932,#10930,#10933,.T.);
#8827=EDGE_CURVE('',#10934,#10932,#10935,.T.);
#8828=EDGE_CURVE('',#10936,#10934,#10937,.T.);
#8829=EDGE_CURVE('',#10936,#10938,#10939,.T.);
#8830=EDGE_CURVE('',#10926,#10938,#10940,.T.);
#8831=FILL_AREA_STYLE('',(#10941));
#8832=EDGE_CURVE('',#10942,#10943,#10944,.T.);
#8833=EDGE_CURVE('',#10945,#10942,#10946,.T.);
#8834=EDGE_CURVE('',#10947,#10945,#10948,.T.);
#8835=EDGE_CURVE('',#10943,#10947,#10949,.T.);
#8836=FILL_AREA_STYLE('',(#10950));
#8837=EDGE_CURVE('',#10951,#10952,#10953,.T.);
#8838=EDGE_CURVE('',#10954,#10951,#10955,.T.);
#8839=EDGE_CURVE('',#10954,#10952,#10956,.T.);
#8840=FILL_AREA_STYLE('',(#10957));
#8841=EDGE_CURVE('',#10958,#10959,#10960,.T.);
#8842=EDGE_CURVE('',#10958,#10961,#10962,.T.);
#8843=EDGE_CURVE('',#10961,#10963,#10964,.T.);
#8844=EDGE_CURVE('',#10965,#10963,#10966,.T.);
#8845=EDGE_CURVE('',#10965,#10967,#10968,.T.);
#8846=EDGE_CURVE('',#10969,#10967,#10970,.T.);
#8847=EDGE_CURVE('',#10971,#10969,#10972,.T.);
#8848=EDGE_CURVE('',#10973,#10971,#10974,.T.);
#8849=EDGE_CURVE('',#10973,#10975,#10976,.T.);
#8850=EDGE_CURVE('',#10977,#10975,#10978,.T.);
#8851=EDGE_CURVE('',#10977,#10979,#10980,.T.);
#8852=EDGE_CURVE('',#10981,#10979,#10982,.T.);
#8853=EDGE_CURVE('',#10983,#10981,#10984,.T.);
#8854=EDGE_CURVE('',#10983,#10985,#10986,.T.);
#8855=EDGE_CURVE('',#10987,#10985,#10988,.T.);
#8856=EDGE_CURVE('',#10987,#10989,#10990,.T.);
#8857=EDGE_CURVE('',#10959,#10989,#10991,.T.);
#8858=FILL_AREA_STYLE('',(#10992));
#8859=EDGE_CURVE('',#10928,#10925,#10993,.T.);
#8860=EDGE_CURVE('',#10994,#10995,#10996,.T.);
#8861=EDGE_CURVE('',#10994,#10997,#10998,.T.);
#8862=EDGE_CURVE('',#10997,#10999,#11000,.T.);
#8863=EDGE_CURVE('',#10995,#10999,#11001,.T.);
#8864=FILL_AREA_STYLE('',(#11002));
#8865=EDGE_CURVE('',#10958,#11003,#11004,.T.);
#8866=EDGE_CURVE('',#10959,#11005,#11006,.T.);
#8867=EDGE_CURVE('',#11003,#11005,#11007,.T.);
#8868=FILL_AREA_STYLE('',(#11008));
#8869=EDGE_CURVE('',#11009,#10961,#11010,.T.);
#8870=EDGE_CURVE('',#11011,#11009,#11012,.T.);
#8871=EDGE_CURVE('',#11011,#10989,#11013,.T.);
#8872=EDGE_CURVE('',#11014,#10987,#11015,.T.);
#8873=EDGE_CURVE('',#11016,#11014,#11017,.T.);
#8874=EDGE_CURVE('',#11016,#11018,#11019,.T.);
#8875=EDGE_CURVE('',#11020,#11018,#11021,.T.);
#8876=EDGE_CURVE('',#11020,#11022,#11023,.T.);
#8877=EDGE_CURVE('',#11024,#11022,#11025,.T.);
#8878=EDGE_CURVE('',#11024,#11026,#11027,.T.);
#8879=EDGE_CURVE('',#11028,#11026,#11029,.T.);
#8880=EDGE_CURVE('',#10963,#11028,#11030,.T.);
#8881=FILL_AREA_STYLE('',(#11031));
#8882=EDGE_CURVE('',#11032,#11033,#11034,.T.);
#8883=EDGE_CURVE('',#11032,#11035,#11036,.T.);
#8884=EDGE_CURVE('',#11035,#11037,#11038,.T.);
#8885=EDGE_CURVE('',#11033,#11037,#11039,.T.);
#8886=FILL_AREA_STYLE('',(#11040));
#8887=EDGE_CURVE('',#11009,#11033,#11041,.T.);
#8888=EDGE_CURVE('',#11011,#11037,#11042,.T.);
#8889=FILL_AREA_STYLE('',(#11043));
#8890=EDGE_CURVE('',#11003,#10997,#11044,.T.);
#8891=EDGE_CURVE('',#11005,#10999,#11045,.T.);
#8892=FILL_AREA_STYLE('',(#11046));
#8893=EDGE_CURVE('',#11032,#10994,#11047,.T.);
#8894=EDGE_CURVE('',#11035,#10995,#11048,.T.);
#8895=FILL_AREA_STYLE('',(#11049));
#8896=EDGE_CURVE('',#10952,#11050,#11051,.T.);
#8897=EDGE_CURVE('',#10951,#11050,#11052,.T.);
#8898=FILL_AREA_STYLE('',(#11053));
#8899=EDGE_CURVE('',#11054,#11055,#11056,.T.);
#8900=EDGE_CURVE('',#11057,#11055,#11058,.T.);
#8901=EDGE_CURVE('',#11057,#10954,#11059,.T.);
#8902=EDGE_CURVE('',#11050,#11060,#11061,.T.);
#8903=EDGE_CURVE('',#11054,#11060,#11062,.T.);
#8904=FILL_AREA_STYLE('',(#11063));
#8905=EDGE_CURVE('',#11057,#11064,#11065,.T.);
#8906=EDGE_CURVE('',#11064,#11055,#11066,.T.);
#8907=FILL_AREA_STYLE('',(#11067));
#8908=EDGE_CURVE('',#11068,#11069,#11070,.T.);
#8909=EDGE_CURVE('',#11071,#11069,#11072,.T.);
#8910=EDGE_CURVE('',#11073,#11071,#11074,.T.);
#8911=EDGE_CURVE('',#11075,#11073,#11076,.T.);
#8912=EDGE_CURVE('',#11077,#11075,#11078,.T.);
#8913=EDGE_CURVE('',#11077,#11079,#11080,.T.);
#8914=EDGE_CURVE('',#11081,#11079,#11082,.T.);
#8915=EDGE_CURVE('',#11068,#11081,#11083,.T.);
#8916=FILL_AREA_STYLE('',(#11084));
#8917=EDGE_CURVE('',#11081,#11085,#11086,.T.);
#8918=EDGE_CURVE('',#11087,#11085,#11088,.T.);
#8919=EDGE_CURVE('',#11068,#11087,#11089,.T.);
#8920=FILL_AREA_STYLE('',(#11090));
#8921=EDGE_CURVE('',#11091,#11092,#11093,.T.);
#8922=EDGE_CURVE('',#11092,#11094,#11095,.T.);
#8923=EDGE_CURVE('',#11096,#11094,#11097,.T.);
#8924=EDGE_CURVE('',#11096,#11098,#11099,.T.);
#8925=EDGE_CURVE('',#11100,#11098,#11101,.T.);
#8926=EDGE_CURVE('',#11102,#11100,#11103,.T.);
#8927=EDGE_CURVE('',#11104,#11102,#11105,.T.);
#8928=EDGE_CURVE('',#11106,#11104,#11107,.T.);
#8929=EDGE_CURVE('',#11108,#11106,#11109,.T.);
#8930=EDGE_CURVE('',#11108,#11110,#11111,.T.);
#8931=EDGE_CURVE('',#11112,#11110,#11113,.T.);
#8932=EDGE_CURVE('',#11112,#11114,#11115,.T.);
#8933=EDGE_CURVE('',#11114,#11116,#11117,.T.);
#8934=EDGE_CURVE('',#11116,#11118,#11119,.T.);
#8935=EDGE_CURVE('',#11120,#11118,#11121,.T.);
#8936=EDGE_CURVE('',#11120,#11091,#11122,.T.);
#8937=FILL_AREA_STYLE('',(#11123));
#8938=EDGE_CURVE('',#11124,#11098,#11125,.T.);
#8939=EDGE_CURVE('',#11126,#11096,#11127,.T.);
#8940=EDGE_CURVE('',#11124,#11126,#11128,.T.);
#8941=FILL_AREA_STYLE('',(#11129));
#8942=EDGE_CURVE('',#11130,#11094,#11131,.T.);
#8943=EDGE_CURVE('',#11132,#11092,#11133,.T.);
#8944=EDGE_CURVE('',#11130,#11132,#11134,.T.);
#8945=FILL_AREA_STYLE('',(#11135));
#8946=EDGE_CURVE('',#11126,#11130,#11136,.T.);
#8947=FILL_AREA_STYLE('',(#11137));
#8948=EDGE_CURVE('',#11138,#11139,#11140,.T.);
#8949=EDGE_CURVE('',#11141,#11139,#11142,.T.);
#8950=EDGE_CURVE('',#11141,#11143,#11144,.T.);
#8951=EDGE_CURVE('',#11138,#11143,#11145,.T.);
#8952=FILL_AREA_STYLE('',(#11146));
#8953=EDGE_CURVE('',#11141,#11147,#11148,.T.);
#8954=EDGE_CURVE('',#11149,#11147,#11150,.T.);
#8955=EDGE_CURVE('',#11149,#11143,#11151,.T.);
#8956=FILL_AREA_STYLE('',(#11152));
#8957=EDGE_CURVE('',#11153,#11139,#11154,.T.);
#8958=EDGE_CURVE('',#11153,#11147,#11155,.T.);
#8959=FILL_AREA_STYLE('',(#11156));
#8960=EDGE_CURVE('',#11138,#11157,#11158,.T.);
#8961=EDGE_CURVE('',#11153,#11157,#11159,.T.);
#8962=FILL_AREA_STYLE('',(#11160));
#8963=EDGE_CURVE('',#11087,#11161,#11162,.T.);
#8964=EDGE_CURVE('',#11163,#11161,#11164,.T.);
#8965=EDGE_CURVE('',#11163,#11165,#11166,.T.);
#8966=EDGE_CURVE('',#11165,#11167,#11168,.T.);
#8967=EDGE_CURVE('',#11132,#11167,#11169,.T.);
#8968=EDGE_CURVE('',#11091,#11170,#11171,.T.);
#8969=EDGE_CURVE('',#11069,#11170,#11172,.T.);
#8970=EDGE_CURVE('',#11149,#11157,#11173,.T.);
#8971=FILL_AREA_STYLE('',(#11174));
#8972=EDGE_CURVE('',#11085,#11175,#11176,.T.);
#8973=EDGE_CURVE('',#11175,#11161,#11177,.T.);
#8974=FILL_AREA_STYLE('',(#11178));
#8975=EDGE_CURVE('',#11179,#11079,#11180,.T.);
#8976=EDGE_CURVE('',#11181,#11179,#11182,.T.);
#8977=EDGE_CURVE('',#11181,#11183,#11184,.T.);
#8978=EDGE_CURVE('',#11183,#11185,#11186,.T.);
#8979=EDGE_CURVE('',#11185,#11187,#11188,.T.);
#8980=EDGE_CURVE('',#11189,#11187,#11190,.T.);
#8981=EDGE_CURVE('',#11191,#11189,#11192,.T.);
#8982=EDGE_CURVE('',#11193,#11191,#11194,.T.);
#8983=EDGE_CURVE('',#11195,#11193,#11196,.T.);
#8984=EDGE_CURVE('',#11197,#11195,#11198,.T.);
#8985=EDGE_CURVE('',#11197,#11199,#11200,.T.);
#8986=EDGE_CURVE('',#11199,#11201,#11202,.T.);
#8987=EDGE_CURVE('',#11201,#11175,#11203,.T.);
#8988=FILL_AREA_STYLE('',(#11204));
#8989=EDGE_CURVE('',#11205,#11206,#11207,.T.);
#8990=EDGE_CURVE('',#11208,#11205,#11209,.T.);
#8991=EDGE_CURVE('',#11210,#11208,#11211,.T.);
#8992=EDGE_CURVE('',#11210,#11206,#11212,.T.);
#8993=FILL_AREA_STYLE('',(#11213));
#8994=EDGE_CURVE('',#11214,#11028,#11215,.T.);
#8995=EDGE_CURVE('',#11216,#11026,#11217,.T.);
#8996=EDGE_CURVE('',#11206,#11216,#11218,.T.);
#8997=EDGE_CURVE('',#11214,#11210,#11219,.T.);
#8998=FILL_AREA_STYLE('',(#11220));
#8999=EDGE_CURVE('',#11221,#10943,#11222,.T.);
#9000=EDGE_CURVE('',#11221,#11223,#11224,.T.);
#9001=EDGE_CURVE('',#10942,#11223,#11225,.T.);
#9002=FILL_AREA_STYLE('',(#11226));
#9003=EDGE_CURVE('',#11022,#10945,#11227,.T.);
#9004=EDGE_CURVE('',#11024,#11223,#11228,.T.);
#9005=FILL_AREA_STYLE('',(#11229));
#9006=EDGE_CURVE('',#10947,#11020,#11230,.T.);
#9007=FILL_AREA_STYLE('',(#11231));
#9008=EDGE_CURVE('',#10934,#11232,#11233,.T.);
#9009=EDGE_CURVE('',#10932,#11234,#11235,.T.);
#9010=EDGE_CURVE('',#11232,#11234,#11236,.T.);
#9011=FILL_AREA_STYLE('',(#11237));
#9012=EDGE_CURVE('',#10930,#11234,#11238,.T.);
#9013=FILL_AREA_STYLE('',(#11239));
#9014=EDGE_CURVE('',#11232,#11240,#11241,.T.);
#9015=EDGE_CURVE('',#11240,#10936,#11242,.T.);
#9016=FILL_AREA_STYLE('',(#11243));
#9017=EDGE_CURVE('',#11240,#11244,#11245,.T.);
#9018=EDGE_CURVE('',#11244,#10938,#11246,.T.);
#9019=FILL_AREA_STYLE('',(#11247));
#9020=EDGE_CURVE('',#11244,#10926,#11248,.T.);
#9021=FILL_AREA_STYLE('',(#11249));
#9022=FILL_AREA_STYLE('',(#11250));
#9023=EDGE_CURVE('',#11024,#11251,#11252,.T.);
#9024=EDGE_CURVE('',#11216,#11251,#11253,.T.);
#9025=FILL_AREA_STYLE('',(#11254));
#9026=EDGE_CURVE('',#11251,#11205,#11255,.T.);
#9027=FILL_AREA_STYLE('',(#11256));
#9028=EDGE_CURVE('',#11257,#11258,#11259,.T.);
#9029=EDGE_CURVE('',#11260,#11257,#11261,.T.);
#9030=EDGE_CURVE('',#11262,#11260,#11263,.T.);
#9031=EDGE_CURVE('',#11258,#11262,#11264,.T.);
#9032=FILL_AREA_STYLE('',(#11265));
#9033=EDGE_CURVE('',#11266,#11258,#11267,.T.);
#9034=EDGE_CURVE('',#11262,#11268,#11269,.T.);
#9035=EDGE_CURVE('',#11266,#11268,#11270,.T.);
#9036=FILL_AREA_STYLE('',(#11271));
#9037=EDGE_CURVE('',#11272,#11266,#11273,.T.);
#9038=EDGE_CURVE('',#11208,#11268,#11274,.T.);
#9039=EDGE_CURVE('',#11018,#11221,#11275,.T.);
#9040=EDGE_CURVE('',#11018,#11276,#11277,.T.);
#9041=EDGE_CURVE('',#11278,#11276,#11279,.T.);
#9042=EDGE_CURVE('',#11280,#11278,#11281,.T.);
#9043=EDGE_CURVE('',#11282,#11280,#11283,.T.);
#9044=EDGE_CURVE('',#11272,#11282,#11284,.T.);
#9045=FILL_AREA_STYLE('',(#11285));
#9046=EDGE_CURVE('',#11260,#11214,#11286,.T.);
#9047=FILL_AREA_STYLE('',(#11287));
#9048=EDGE_CURVE('',#11214,#10965,#11288,.T.);
#9049=FILL_AREA_STYLE('',(#11289));
#9050=EDGE_CURVE('',#11290,#10967,#11291,.T.);
#9051=EDGE_CURVE('',#10969,#11290,#11292,.T.);
#9052=FILL_AREA_STYLE('',(#11293));
#9053=EDGE_CURVE('',#11183,#11257,#11294,.T.);
#9054=EDGE_CURVE('',#11183,#11290,#11295,.T.);
#9055=FILL_AREA_STYLE('',(#11296));
#9056=EDGE_CURVE('',#11297,#11272,#11298,.T.);
#9057=EDGE_CURVE('',#11297,#11299,#11300,.T.);
#9058=EDGE_CURVE('',#11185,#11299,#11301,.T.);
#9059=FILL_AREA_STYLE('',(#11302));
#9060=EDGE_CURVE('',#10983,#11303,#11304,.T.);
#9061=EDGE_CURVE('',#11185,#11303,#11305,.T.);
#9062=EDGE_CURVE('',#11299,#11306,#11307,.T.);
#9063=EDGE_CURVE('',#11306,#11308,#11309,.T.);
#9064=EDGE_CURVE('',#11308,#10985,#11310,.T.);
#9065=FILL_AREA_STYLE('',(#11311));
#9066=EDGE_CURVE('',#11303,#10981,#11312,.T.);
#9067=FILL_AREA_STYLE('',(#11313));
#9068=EDGE_CURVE('',#11303,#11314,#11315,.T.);
#9069=EDGE_CURVE('',#11187,#11314,#11316,.T.);
#9070=FILL_AREA_STYLE('',(#11317));
#9071=FILL_AREA_STYLE('',(#11318));
#9072=EDGE_CURVE('',#11319,#11167,#11320,.T.);
#9073=EDGE_CURVE('',#11319,#11321,#11322,.T.);
#9074=EDGE_CURVE('',#11321,#11323,#11324,.T.);
#9075=EDGE_CURVE('',#11325,#11323,#11326,.T.);
#9076=EDGE_CURVE('',#11327,#11325,#11328,.T.);
#9077=EDGE_CURVE('',#11327,#11329,#11330,.T.);
#9078=EDGE_CURVE('',#11331,#11329,#11332,.T.);
#9079=EDGE_CURVE('',#11333,#11331,#11334,.T.);
#9080=EDGE_CURVE('',#11335,#11333,#11336,.T.);
#9081=EDGE_CURVE('',#11335,#11337,#11338,.T.);
#9082=EDGE_CURVE('',#11339,#11337,#11340,.T.);
#9083=EDGE_CURVE('',#11339,#11124,#11341,.T.);
#9084=FILL_AREA_STYLE('',(#11342));
#9085=EDGE_CURVE('',#11331,#11343,#11344,.T.);
#9086=EDGE_CURVE('',#11343,#11345,#11346,.T.);
#9087=EDGE_CURVE('',#11347,#11345,#11348,.T.);
#9088=EDGE_CURVE('',#11347,#11333,#11349,.T.);
#9089=FILL_AREA_STYLE('',(#11350));
#9090=EDGE_CURVE('',#11106,#11351,#11352,.T.);
#9091=EDGE_CURVE('',#11104,#11335,#11353,.T.);
#9092=EDGE_CURVE('',#11197,#11347,#11354,.T.);
#9093=EDGE_CURVE('',#11351,#11195,#11355,.T.);
#9094=FILL_AREA_STYLE('',(#11356));
#9095=EDGE_CURVE('',#11163,#11201,#11357,.T.);
#9096=FILL_AREA_STYLE('',(#11358));
#9097=EDGE_CURVE('',#11359,#11329,#11360,.T.);
#9098=EDGE_CURVE('',#11359,#11343,#11361,.T.);
#9099=FILL_AREA_STYLE('',(#11362));
#9100=EDGE_CURVE('',#11363,#11327,#11364,.T.);
#9101=EDGE_CURVE('',#11363,#11359,#11365,.T.);
#9102=FILL_AREA_STYLE('',(#11366));
#9103=EDGE_CURVE('',#11199,#11345,#11367,.T.);
#9104=EDGE_CURVE('',#11165,#11363,#11368,.T.);
#9105=FILL_AREA_STYLE('',(#11369));
#9106=FILL_AREA_STYLE('',(#11370));
#9107=EDGE_CURVE('',#11371,#11372,#11373,.T.);
#9108=EDGE_CURVE('',#11372,#11077,#11374,.T.);
#9109=EDGE_CURVE('',#11371,#11075,#11375,.T.);
#9110=FILL_AREA_STYLE('',(#11376));
#9111=EDGE_CURVE('',#11319,#11325,#11377,.T.);
#9112=FILL_AREA_STYLE('',(#11378));
#9113=EDGE_CURVE('',#11321,#11323,#11379,.T.);
#9114=FILL_AREA_STYLE('',(#11380));
#9115=FILL_AREA_STYLE('',(#11381));
#9116=EDGE_CURVE('',#11382,#11314,#11383,.T.);
#9117=EDGE_CURVE('',#11382,#11384,#11385,.T.);
#9118=EDGE_CURVE('',#11384,#11386,#11387,.T.);
#9119=EDGE_CURVE('',#11386,#11189,#11388,.T.);
#9120=FILL_AREA_STYLE('',(#11389));
#9121=EDGE_CURVE('',#11386,#11390,#11391,.T.);
#9122=EDGE_CURVE('',#11392,#11384,#11393,.T.);
#9123=EDGE_CURVE('',#11392,#11390,#11394,.T.);
#9124=FILL_AREA_STYLE('',(#11395));
#9125=EDGE_CURVE('',#11390,#11396,#11397,.T.);
#9126=EDGE_CURVE('',#11396,#11398,#11399,.F.);
#9127=EDGE_CURVE('',#11398,#11191,#11400,.T.);
#9128=FILL_AREA_STYLE('',(#11401));
#9129=EDGE_CURVE('',#11402,#10975,#11403,.T.);
#9130=EDGE_CURVE('',#11402,#11404,#11405,.T.);
#9131=EDGE_CURVE('',#11404,#10977,#11406,.T.);
#9132=FILL_AREA_STYLE('',(#11407));
#9133=EDGE_CURVE('',#11408,#11392,#11409,.T.);
#9134=EDGE_CURVE('',#11382,#11404,#11410,.T.);
#9135=EDGE_CURVE('',#11402,#11408,#11411,.T.);
#9136=FILL_AREA_STYLE('',(#11412));
#9137=EDGE_CURVE('',#11314,#10979,#11413,.T.);
#9138=FILL_AREA_STYLE('',(#11414));
#9139=EDGE_CURVE('',#11116,#11118,#11415,.T.);
#9140=EDGE_CURVE('',#11114,#11416,#11417,.T.);
#9141=EDGE_CURVE('',#11418,#11416,#11419,.T.);
#9142=EDGE_CURVE('',#11418,#11120,#11420,.T.);
#9143=FILL_AREA_STYLE('',(#11421));
#9144=FILL_AREA_STYLE('',(#11422));
#9145=EDGE_CURVE('',#11306,#11423,#11424,.T.);
#9146=EDGE_CURVE('',#11423,#11297,#11425,.T.);
#9147=FILL_AREA_STYLE('',(#11426));
#9148=EDGE_CURVE('',#11282,#11423,#11427,.T.);
#9149=FILL_AREA_STYLE('',(#11428));
#9150=EDGE_CURVE('',#11339,#11100,#11429,.T.);
#9151=FILL_AREA_STYLE('',(#11430));
#9152=EDGE_CURVE('',#11431,#11278,#11432,.T.);
#9153=EDGE_CURVE('',#11433,#11431,#11434,.T.);
#9154=EDGE_CURVE('',#11280,#11433,#11435,.T.);
#9155=FILL_AREA_STYLE('',(#11436));
#9156=EDGE_CURVE('',#11016,#11437,#11438,.T.);
#9157=EDGE_CURVE('',#11276,#11437,#11439,.T.);
#9158=FILL_AREA_STYLE('',(#11440));
#9159=EDGE_CURVE('',#11437,#11431,#11441,.T.);
#9160=FILL_AREA_STYLE('',(#11442));
#9161=FILL_AREA_STYLE('',(#11443));
#9162=EDGE_CURVE('',#11064,#11444,#11445,.T.);
#9163=EDGE_CURVE('',#11444,#11446,#11447,.T.);
#9164=EDGE_CURVE('',#11060,#11446,#11448,.T.);
#9165=FILL_AREA_STYLE('',(#11449));
#9166=EDGE_CURVE('',#11014,#11308,#11450,.T.);
#9167=FILL_AREA_STYLE('',(#11451));
#9168=EDGE_CURVE('',#11433,#11308,#11452,.T.);
#9169=FILL_AREA_STYLE('',(#11453));
#9170=FILL_AREA_STYLE('',(#11454));
#9171=EDGE_CURVE('',#11112,#11455,#11456,.T.);
#9172=EDGE_CURVE('',#11110,#11446,#11457,.T.);
#9173=EDGE_CURVE('',#11444,#11458,#11459,.T.);
#9174=EDGE_CURVE('',#11458,#11073,#11460,.T.);
#9175=EDGE_CURVE('',#11071,#11455,#11461,.T.);
#9176=FILL_AREA_STYLE('',(#11462));
#9177=EDGE_CURVE('',#11181,#11463,#11464,.T.);
#9178=EDGE_CURVE('',#11290,#11463,#11465,.T.);
#9179=FILL_AREA_STYLE('',(#11466));
#9180=EDGE_CURVE('',#11455,#11416,#11467,.T.);
#9181=FILL_AREA_STYLE('',(#11468));
#9182=EDGE_CURVE('',#10971,#11463,#11469,.T.);
#9183=EDGE_CURVE('',#11470,#11463,#11471,.T.);
#9184=EDGE_CURVE('',#10973,#11470,#11472,.T.);
#9185=FILL_AREA_STYLE('',(#11473));
#9186=EDGE_CURVE('',#11418,#11170,#11474,.T.);
#9187=FILL_AREA_STYLE('',(#11475));
#9188=EDGE_CURVE('',#11470,#11408,#11476,.T.);
#9189=FILL_AREA_STYLE('',(#11477));
#9190=FILL_AREA_STYLE('',(#11478));
#9191=EDGE_CURVE('',#11102,#11337,#11479,.T.);
#9192=FILL_AREA_STYLE('',(#11480));
#9193=EDGE_CURVE('',#11060,#11108,#11481,.T.);
#9194=FILL_AREA_STYLE('',(#11482));
#9195=EDGE_CURVE('',#11372,#11179,#11483,.T.);
#9196=EDGE_CURVE('',#11371,#11458,#11484,.T.);
#9197=EDGE_CURVE('',#11054,#11351,#11485,.T.);
#9198=EDGE_CURVE('',#11470,#11193,#11486,.T.);
#9199=FILL_AREA_STYLE('',(#11487));
#9200=FILL_AREA_STYLE('',(#11488));
#9201=FILL_AREA_STYLE('',(#11489));
#9202=FILL_AREA_STYLE('',(#11490));
#9203=FILL_AREA_STYLE('',(#11491));
#9204=FILL_AREA_STYLE('',(#11492));
#9205=FILL_AREA_STYLE('',(#11493));
#9206=FILL_AREA_STYLE('',(#11494));
#9207=FILL_AREA_STYLE('',(#11495));
#9208=FILL_AREA_STYLE_COLOUR('',#11496);
#9209=VERTEX_POINT('',#11497);
#9210=VERTEX_POINT('',#11498);
#9211=LINE('',#11499,#11500);
#9212=VERTEX_POINT('',#11501);
#9213=CIRCLE('',#11502,1.45);
#9214=B_SPLINE_CURVE_WITH_KNOTS('',3,(#11503,#11504,#11505,#11506,#11507,#11508,#11509,#11510,#11511,#11512,#11513,#11514,#11515,#11516,#11517,#11518,#11519,#11520,#11521,#11522,#11523,#11524,#11525,#11526,#11527,#11528,#11529,#11530,#11531,#11532,#11533,#11534,#11535,#11536,#11537,#11538,#11539,#11540,#11541,#11542,#11543,#11544,#11545,#11546,#11547,#11548,#11549,#11550,#11551,#11552,#11553,#11554,#11555,#11556,#11557,#11558,#11559,#11560,#11561,#11562,#11563,#11564,#11565,#11566,#11567,#11568),.UNSPECIFIED.,.F.,.F.,(4,2,2,2,2,2,2,2,2,2,2,2,2,2,2,2,2,2,2,2,2,2,2,2,2,2,2,2,2,2,2,2,4),(4.0325305700795E-14,0.0509781889416397,0.10195635555309,0.152934512449961,0.203912674140606,0.254890858101114,0.305869086147579,0.356847386080785,0.40781716046256,0.458767120841721,0.509717030033767,0.5606669035635,0.611616759727611,0.662566620392812,0.713516511789624,0.764466465273581,0.815416517826273,0.866366570550176,0.917316524034118,0.968266415426233,1.01921627608208,1.07016613223686,1.12111600575727,1.1720659149479,1.22301587533358,1.27398564971723,1.3249639496384,1.37594217765504,1.42692036158488,1.47789852325255,1.52887668012647,1.57985484671984,1.63083303565251),.UNSPECIFIED.);
#9215=FILL_AREA_STYLE_COLOUR('',#11569);
#9216=VERTEX_POINT('',#11570);
#9217=VERTEX_POINT('',#11571);
#9218=LINE('',#11572,#11573);
#9219=VERTEX_POINT('',#11574);
#9220=CIRCLE('',#11575,0.5);
#9221=VERTEX_POINT('',#11576);
#9222=LINE('',#11577,#11578);
#9223=CIRCLE('',#11579,0.5);
#9224=FILL_AREA_STYLE_COLOUR('',#11580);
#9225=VERTEX_POINT('',#11581);
#9226=VERTEX_POINT('',#11582);
#9227=LINE('',#11583,#11584);
#9228=VERTEX_POINT('',#11585);
#9229=CIRCLE('',#11586,1.85);
#9230=VERTEX_POINT('',#11587);
#9231=LINE('',#11588,#11589);
#9232=VERTEX_POINT('',#11590);
#9233=CIRCLE('',#11591,1.85);
#9234=VERTEX_POINT('',#11592);
#9235=LINE('',#11593,#11594);
#9236=VERTEX_POINT('',#11595);
#9237=CIRCLE('',#11596,1.85);
#9238=VERTEX_POINT('',#11597);
#9239=LINE('',#11598,#11599);
#9240=CIRCLE('',#11600,1.85);
#9241=FILL_AREA_STYLE_COLOUR('',#11601);
#9242=VERTEX_POINT('',#11602);
#9243=VERTEX_POINT('',#11603);
#9244=LINE('',#11604,#11605);
#9245=VERTEX_POINT('',#11606);
#9246=LINE('',#11607,#11608);
#9247=VERTEX_POINT('',#11609);
#9248=LINE('',#11610,#11611);
#9249=LINE('',#11612,#11613);
#9250=FILL_AREA_STYLE_COLOUR('',#11614);
#9251=VERTEX_POINT('',#11615);
#9252=VERTEX_POINT('',#11616);
#9253=LINE('',#11617,#11618);
#9254=VERTEX_POINT('',#11619);
#9255=LINE('',#11620,#11621);
#9256=VERTEX_POINT('',#11622);
#9257=LINE('',#11623,#11624);
#9258=VERTEX_POINT('',#11625);
#9259=LINE('',#11626,#11627);
#9260=VERTEX_POINT('',#11628);
#9261=LINE('',#11629,#11630);
#9262=VERTEX_POINT('',#11631);
#9263=LINE('',#11632,#11633);
#9264=VERTEX_POINT('',#11634);
#9265=LINE('',#11635,#11636);
#9266=VERTEX_POINT('',#11637);
#9267=LINE('',#11638,#11639);
#9268=VERTEX_POINT('',#11640);
#9269=LINE('',#11641,#11642);
#9270=VERTEX_POINT('',#11643);
#9271=LINE('',#11644,#11645);
#9272=VERTEX_POINT('',#11646);
#9273=LINE('',#11647,#11648);
#9274=VERTEX_POINT('',#11649);
#9275=LINE('',#11650,#11651);
#9276=VERTEX_POINT('',#11652);
#9277=LINE('',#11653,#11654);
#9278=LINE('',#11655,#11656);
#9279=FILL_AREA_STYLE_COLOUR('',#11657);
#9280=VERTEX_POINT('',#11658);
#9281=VERTEX_POINT('',#11659);
#9282=LINE('',#11660,#11661);
#9283=VERTEX_POINT('',#11662);
#9284=LINE('',#11663,#11664);
#9285=VERTEX_POINT('',#11665);
#9286=LINE('',#11666,#11667);
#9287=LINE('',#11668,#11669);
#9288=FILL_AREA_STYLE_COLOUR('',#11670);
#9289=LINE('',#11671,#11672);
#9290=LINE('',#11673,#11674);
#9291=FILL_AREA_STYLE_COLOUR('',#11675);
#9292=VERTEX_POINT('',#11676);
#9293=LINE('',#11677,#11678);
#9294=VERTEX_POINT('',#11679);
#9295=LINE('',#11680,#11681);
#9296=LINE('',#11682,#11683);
#9297=FILL_AREA_STYLE_COLOUR('',#11684);
#9298=VERTEX_POINT('',#11685);
#9299=LINE('',#11686,#11687);
#9300=VERTEX_POINT('',#11688);
#9301=LINE('',#11689,#11690);
#9302=LINE('',#11691,#11692);
#9303=FILL_AREA_STYLE_COLOUR('',#11693);
#9304=LINE('',#11694,#11695);
#9305=LINE('',#11696,#11697);
#9306=VERTEX_POINT('',#11698);
#9307=LINE('',#11699,#11700);
#9308=VERTEX_POINT('',#11701);
#9309=LINE('',#11702,#11703);
#9310=VERTEX_POINT('',#11704);
#9311=LINE('',#11705,#11706);
#9312=VERTEX_POINT('',#11707);
#9313=ELLIPSE('',#11708,0.85134221798073,0.8);
#9314=VERTEX_POINT('',#11709);
#9315=LINE('',#11710,#11711);
#9316=VERTEX_POINT('',#11712);
#9317=LINE('',#11713,#11714);
#9318=VERTEX_POINT('',#11715);
#9319=ELLIPSE('',#11716,0.168704904832168,0.15);
#9320=VERTEX_POINT('',#11717);
#9321=LINE('',#11718,#11719);
#9322=VERTEX_POINT('',#11720);
#9323=ELLIPSE('',#11721,0.85134221798073,0.8);
#9324=VERTEX_POINT('',#11722);
#9325=LINE('',#11723,#11724);
#9326=VERTEX_POINT('',#11725);
#9327=LINE('',#11726,#11727);
#9328=LINE('',#11728,#11729);
#9329=FILL_AREA_STYLE_COLOUR('',#11730);
#9330=VERTEX_POINT('',#11731);
#9331=CIRCLE('',#11732,1.85);
#9332=LINE('',#11733,#11734);
#9333=FILL_AREA_STYLE_COLOUR('',#11735);
#9334=VERTEX_POINT('',#11736);
#9335=CIRCLE('',#11737,1.85);
#9336=LINE('',#11738,#11739);
#9337=FILL_AREA_STYLE_COLOUR('',#11740);
#9338=VERTEX_POINT('',#11741);
#9339=LINE('',#11742,#11743);
#9340=LINE('',#11744,#11745);
#9341=FILL_AREA_STYLE_COLOUR('',#11746);
#9342=VERTEX_POINT('',#11747);
#9343=CIRCLE('',#11748,1.85);
#9344=LINE('',#11749,#11750);
#9345=FILL_AREA_STYLE_COLOUR('',#11751);
#9346=LINE('',#11752,#11753);
#9347=FILL_AREA_STYLE_COLOUR('',#11754);
#9348=CIRCLE('',#11755,1.85);
#9349=FILL_AREA_STYLE_COLOUR('',#11756);
#9350=LINE('',#11757,#11758);
#9351=LINE('',#11759,#11760);
#9352=FILL_AREA_STYLE_COLOUR('',#11761);
#9353=VERTEX_POINT('',#11762);
#9354=LINE('',#11763,#11764);
#9355=VERTEX_POINT('',#11765);
#9356=LINE('',#11766,#11767);
#9357=LINE('',#11768,#11769);
#9358=FILL_AREA_STYLE_COLOUR('',#11770);
#9359=LINE('',#11771,#11772);
#9360=VERTEX_POINT('',#11773);
#9361=CIRCLE('',#11774,0.5);
#9362=LINE('',#11775,#11776);
#9363=FILL_AREA_STYLE_COLOUR('',#11777);
#9364=LINE('',#11778,#11779);
#9365=FILL_AREA_STYLE_COLOUR('',#11780);
#9366=VERTEX_POINT('',#11781);
#9367=CIRCLE('',#11782,0.5);
#9368=LINE('',#11783,#11784);
#9369=FILL_AREA_STYLE_COLOUR('',#11785);
#9370=VERTEX_POINT('',#11786);
#9371=VERTEX_POINT('',#11787);
#9372=LINE('',#11788,#11789);
#9373=VERTEX_POINT('',#11790);
#9374=LINE('',#11791,#11792);
#9375=VERTEX_POINT('',#11793);
#9376=LINE('',#11794,#11795);
#9377=LINE('',#11796,#11797);
#9378=FILL_AREA_STYLE_COLOUR('',#11798);
#9379=LINE('',#11799,#11800);
#9380=LINE('',#11801,#11802);
#9381=FILL_AREA_STYLE_COLOUR('',#11803);
#9382=LINE('',#11804,#11805);
#9383=FILL_AREA_STYLE_COLOUR('',#11806);
#9384=VERTEX_POINT('',#11807);
#9385=LINE('',#11808,#11809);
#9386=LINE('',#11810,#11811);
#9387=FILL_AREA_STYLE_COLOUR('',#11812);
#9388=VERTEX_POINT('',#11813);
#9389=VERTEX_POINT('',#11814);
#9390=CIRCLE('',#11815,1.25);
#9391=VERTEX_POINT('',#11816);
#9392=LINE('',#11817,#11818);
#9393=VERTEX_POINT('',#11819);
#9394=LINE('',#11820,#11821);
#9395=LINE('',#11822,#11823);
#9396=FILL_AREA_STYLE_COLOUR('',#11824);
#9397=VERTEX_POINT('',#11825);
#9398=VERTEX_POINT('',#11826);
#9399=CIRCLE('',#11827,1.0);
#9400=VERTEX_POINT('',#11828);
#9401=LINE('',#11829,#11830);
#9402=VERTEX_POINT('',#11831);
#9403=CIRCLE('',#11832,1.0);
#9404=LINE('',#11833,#11834);
#9405=FILL_AREA_STYLE_COLOUR('',#11835);
#9406=VERTEX_POINT('',#11836);
#9407=LINE('',#11837,#11838);
#9408=VERTEX_POINT('',#11839);
#9409=LINE('',#11840,#11841);
#9410=LINE('',#11842,#11843);
#9411=FILL_AREA_STYLE_COLOUR('',#11844);
#9412=VERTEX_POINT('',#11845);
#9413=LINE('',#11846,#11847);
#9414=VERTEX_POINT('',#11848);
#9415=LINE('',#11849,#11850);
#9416=LINE('',#11851,#11852);
#9417=FILL_AREA_STYLE_COLOUR('',#11853);
#9418=VERTEX_POINT('',#11854);
#9419=VERTEX_POINT('',#11855);
#9420=LINE('',#11856,#11857);
#9421=CIRCLE('',#11858,0.199999999999999);
#9422=CIRCLE('',#11859,0.199999999999999);
#9423=FILL_AREA_STYLE_COLOUR('',#11860);
#9424=VERTEX_POINT('',#11861);
#9425=LINE('',#11862,#11863);
#9426=VERTEX_POINT('',#11864);
#9427=LINE('',#11865,#11866);
#9428=LINE('',#11867,#11868);
#9429=FILL_AREA_STYLE_COLOUR('',#11869);
#9430=VERTEX_POINT('',#11870);
#9431=VERTEX_POINT('',#11871);
#9432=CIRCLE('',#11872,0.2);
#9433=VERTEX_POINT('',#11873);
#9434=LINE('',#11874,#11875);
#9435=VERTEX_POINT('',#11876);
#9436=CIRCLE('',#11877,0.2);
#9437=LINE('',#11878,#11879);
#9438=FILL_AREA_STYLE_COLOUR('',#11880);
#9439=VERTEX_POINT('',#11881);
#9440=LINE('',#11882,#11883);
#9441=VERTEX_POINT('',#11884);
#9442=LINE('',#11885,#11886);
#9443=LINE('',#11887,#11888);
#9444=FILL_AREA_STYLE_COLOUR('',#11889);
#9445=VERTEX_POINT('',#11890);
#9446=CIRCLE('',#11891,0.200000000000001);
#9447=VERTEX_POINT('',#11892);
#9448=LINE('',#11893,#11894);
#9449=CIRCLE('',#11895,0.200000000000001);
#9450=FILL_AREA_STYLE_COLOUR('',#11896);
#9451=VERTEX_POINT('',#11897);
#9452=VERTEX_POINT('',#11898);
#9453=LINE('',#11899,#11900);
#9454=VERTEX_POINT('',#11901);
#9455=LINE('',#11902,#11903);
#9456=LINE('',#11904,#11905);
#9457=VERTEX_POINT('',#11906);
#9458=LINE('',#11907,#11908);
#9459=LINE('',#11909,#11910);
#9460=FILL_AREA_STYLE_COLOUR('',#11911);
#9461=VERTEX_POINT('',#11912);
#9462=CIRCLE('',#11913,0.1);
#9463=VERTEX_POINT('',#11914);
#9464=LINE('',#11915,#11916);
#9465=CIRCLE('',#11917,0.0999999999999995);
#9466=FILL_AREA_STYLE_COLOUR('',#11918);
#9467=VERTEX_POINT('',#11919);
#9468=VERTEX_POINT('',#11920);
#9469=CIRCLE('',#11921,0.1);
#9470=VERTEX_POINT('',#11922);
#9471=LINE('',#11923,#11924);
#9472=VERTEX_POINT('',#11925);
#9473=CIRCLE('',#11926,0.0999999999999095);
#9474=LINE('',#11927,#11928);
#9475=FILL_AREA_STYLE_COLOUR('',#11929);
#9476=VERTEX_POINT('',#11930);
#9477=VERTEX_POINT('',#11931);
#9478=LINE('',#11932,#11933);
#9479=VERTEX_POINT('',#11934);
#9480=LINE('',#11935,#11936);
#9481=VERTEX_POINT('',#11937);
#9482=LINE('',#11938,#11939);
#9483=LINE('',#11940,#11941);
#9484=FILL_AREA_STYLE_COLOUR('',#11942);
#9485=VERTEX_POINT('',#11943);
#9486=LINE('',#11944,#11945);
#9487=VERTEX_POINT('',#11946);
#9488=LINE('',#11947,#11948);
#9489=LINE('',#11949,#11950);
#9490=FILL_AREA_STYLE_COLOUR('',#11951);
#9491=VERTEX_POINT('',#11952);
#9492=LINE('',#11953,#11954);
#9493=VERTEX_POINT('',#11955);
#9494=LINE('',#11956,#11957);
#9495=LINE('',#11958,#11959);
#9496=VERTEX_POINT('',#11960);
#9497=LINE('',#11961,#11962);
#9498=LINE('',#11963,#11964);
#9499=FILL_AREA_STYLE_COLOUR('',#11965);
#9500=VERTEX_POINT('',#11966);
#9501=CIRCLE('',#11967,0.1);
#9502=VERTEX_POINT('',#11968);
#9503=CIRCLE('',#11969,0.1);
#9504=LINE('',#11970,#11971);
#9505=FILL_AREA_STYLE_COLOUR('',#11972);
#9506=LINE('',#11973,#11974);
#9507=LINE('',#11975,#11976);
#9508=FILL_AREA_STYLE_COLOUR('',#11977);
#9509=VERTEX_POINT('',#11978);
#9510=VERTEX_POINT('',#11979);
#9511=LINE('',#11980,#11981);
#9512=VERTEX_POINT('',#11982);
#9513=CIRCLE('',#11983,0.800000000000001);
#9514=VERTEX_POINT('',#11984);
#9515=LINE('',#11985,#11986);
#9516=VERTEX_POINT('',#11987);
#9517=LINE('',#11988,#11989);
#9518=B_SPLINE_CURVE_WITH_KNOTS('',3,(#11990,#11991,#11992,#11993,#11994,#11995,#11996,#11997,#11998,#11999,#12000,#12001,#12002,#12003,#12004,#12005,#12006,#12007,#12008,#12009,#12010,#12011,#12012,#12013,#12014,#12015,#12016,#12017,#12018,#12019,#12020,#12021,#12022,#12023,#12024,#12025,#12026,#12027,#12028,#12029,#12030,#12031,#12032,#12033,#12034,#12035,#12036,#12037,#12038,#12039,#12040,#12041,#12042,#12043,#12044,#12045,#12046,#12047,#12048,#12049,#12050,#12051,#12052,#12053,#12054,#12055),.UNSPECIFIED.,.F.,.F.,(4,2,2,2,2,2,2,2,2,2,2,2,2,2,2,2,2,2,2,2,2,2,2,2,2,2,2,2,2,2,2,2,4),(4.0325305700795E-14,0.0509781889416397,0.10195635555309,0.152934512449961,0.203912674140606,0.254890858101114,0.305869086147579,0.356847386080785,0.40781716046256,0.458767120841721,0.509717030033767,0.5606669035635,0.611616759727611,0.662566620392812,0.713516511789624,0.764466465273581,0.815416517826273,0.866366570550176,0.917316524034118,0.968266415426233,1.01921627608208,1.07016613223686,1.12111600575727,1.1720659149479,1.22301587533358,1.27398564971723,1.3249639496384,1.37594217765504,1.42692036158488,1.47789852325255,1.52887668012647,1.57985484671984,1.63083303565251),.UNSPECIFIED.);
#9519=VERTEX_POINT('',#12056);
#9520=LINE('',#12057,#12058);
#9521=CIRCLE('',#12059,0.799999999999989);
#9522=FILL_AREA_STYLE_COLOUR('',#12060);
#9523=VERTEX_POINT('',#12061);
#9524=VERTEX_POINT('',#12062);
#9525=LINE('',#12063,#12064);
#9526=CIRCLE('',#12065,0.2);
#9527=CIRCLE('',#12066,0.2);
#9528=FILL_AREA_STYLE_COLOUR('',#12067);
#9529=VERTEX_POINT('',#12068);
#9530=VERTEX_POINT('',#12069);
#9531=LINE('',#12070,#12071);
#9532=VERTEX_POINT('',#12072);
#9533=LINE('',#12073,#12074);
#9534=VERTEX_POINT('',#12075);
#9535=LINE('',#12076,#12077);
#9536=LINE('',#12078,#12079);
#9537=FILL_AREA_STYLE_COLOUR('',#12080);
#9538=VERTEX_POINT('',#12081);
#9539=LINE('',#12082,#12083);
#9540=VERTEX_POINT('',#12084);
#9541=LINE('',#12085,#12086);
#9542=LINE('',#12087,#12088);
#9543=FILL_AREA_STYLE_COLOUR('',#12089);
#9544=VERTEX_POINT('',#12090);
#9545=LINE('',#12091,#12092);
#9546=LINE('',#12093,#12094);
#9547=FILL_AREA_STYLE_COLOUR('',#12095);
#9548=VERTEX_POINT('',#12096);
#9549=LINE('',#12097,#12098);
#9550=LINE('',#12099,#12100);
#9551=FILL_AREA_STYLE_COLOUR('',#12101);
#9552=LINE('',#12102,#12103);
#9553=FILL_AREA_STYLE_COLOUR('',#12104);
#9554=VERTEX_POINT('',#12105);
#9555=LINE('',#12106,#12107);
#9556=VERTEX_POINT('',#12108);
#9557=LINE('',#12109,#12110);
#9558=CIRCLE('',#12111,0.0999999999999615);
#9559=VERTEX_POINT('',#12112);
#9560=LINE('',#12113,#12114);
#9561=LINE('',#12115,#12116);
#9562=FILL_AREA_STYLE_COLOUR('',#12117);
#9563=VERTEX_POINT('',#12118);
#9564=LINE('',#12119,#12120);
#9565=VERTEX_POINT('',#12121);
#9566=LINE('',#12122,#12123);
#9567=VERTEX_POINT('',#12124);
#9568=B_SPLINE_CURVE_WITH_KNOTS('',3,(#12125,#12126,#12127,#12128,#12129,#12130,#12131,#12132,#12133,#12134,#12135,#12136,#12137,#12138,#12139,#12140,#12141,#12142,#12143,#12144,#12145,#12146,#12147,#12148,#12149,#12150,#12151,#12152,#12153,#12154,#12155,#12156,#12157,#12158,#12159,#12160,#12161,#12162,#12163,#12164,#12165,#12166,#12167,#12168,#12169,#12170,#12171,#12172,#12173,#12174,#12175,#12176,#12177,#12178,#12179,#12180,#12181,#12182,#12183,#12184,#12185,#12186,#12187,#12188,#12189,#12190,#12191),.UNSPECIFIED.,.F.,.F.,(4,3,3,3,3,3,3,3,3,3,3,3,3,3,3,3,3,3,3,3,3,3,4),(4.30224815374891E-11,0.0800350732974958,0.159982733033227,0.239808903991472,0.319766528787812,0.400095434925197,0.440266576537004,0.480385825729069,0.520426502192917,0.560377491045105,0.600298159262728,0.640348007205917,0.680515656236807,0.72076400127472,0.761045138282222,0.801303706859412,0.841479710320857,0.881511216984553,0.961329921701543,1.04132777487583,1.12151027265313,1.20173084040333,1.28172331489372),.UNSPECIFIED.);
#9569=VERTEX_POINT('',#12192);
#9570=LINE('',#12193,#12194);
#9571=LINE('',#12195,#12196);
#9572=VERTEX_POINT('',#12197);
#9573=LINE('',#12198,#12199);
#9574=LINE('',#12200,#12201);
#9575=FILL_AREA_STYLE_COLOUR('',#12202);
#9576=LINE('',#12203,#12204);
#9577=FILL_AREA_STYLE_COLOUR('',#12205);
#9578=VERTEX_POINT('',#12206);
#9579=VERTEX_POINT('',#12207);
#9580=LINE('',#12208,#12209);
#9581=LINE('',#12210,#12211);
#9582=VERTEX_POINT('',#12212);
#9583=LINE('',#12213,#12214);
#9584=LINE('',#12215,#12216);
#9585=FILL_AREA_STYLE_COLOUR('',#12217);
#9586=VERTEX_POINT('',#12218);
#9587=LINE('',#12219,#12220);
#9588=VERTEX_POINT('',#12221);
#9589=LINE('',#12222,#12223);
#9590=LINE('',#12224,#12225);
#9591=LINE('',#12226,#12227);
#9592=FILL_AREA_STYLE_COLOUR('',#12228);
#9593=VERTEX_POINT('',#12229);
#9594=LINE('',#12230,#12231);
#9595=LINE('',#12232,#12233);
#9596=FILL_AREA_STYLE_COLOUR('',#12234);
#9597=LINE('',#12235,#12236);
#9598=LINE('',#12237,#12238);
#9599=CIRCLE('',#12239,0.0999999999999996);
#9600=FILL_AREA_STYLE_COLOUR('',#12240);
#9601=VERTEX_POINT('',#12241);
#9602=LINE('',#12242,#12243);
#9603=VERTEX_POINT('',#12244);
#9604=B_SPLINE_CURVE_WITH_KNOTS('',3,(#12245,#12246,#12247,#12248,#12249,#12250,#12251,#12252,#12253,#12254,#12255,#12256,#12257,#12258,#12259,#12260,#12261,#12262,#12263,#12264,#12265,#12266,#12267,#12268,#12269,#12270,#12271,#12272,#12273,#12274,#12275,#12276,#12277,#12278,#12279,#12280,#12281,#12282,#12283,#12284,#12285,#12286,#12287,#12288,#12289,#12290,#12291,#12292,#12293,#12294,#12295,#12296,#12297,#12298,#12299,#12300,#12301,#12302,#12303,#12304,#12305,#12306,#12307,#12308,#12309,#12310,#12311),.UNSPECIFIED.,.F.,.F.,(4,3,3,3,3,3,3,3,3,3,3,3,3,3,3,3,3,3,3,3,3,3,4),(4.30241351348158E-11,0.0800350732974943,0.159982733033226,0.239808903991469,0.319766528787808,0.400095434925194,0.440266576537006,0.480385825729075,0.520426502192923,0.56037749104511,0.600298159262733,0.64034800720592,0.680515656236811,0.720764001274724,0.761045138282219,0.801303706859401,0.841479710320843,0.881511216984538,0.961329921701528,1.04132777487582,1.12151027265311,1.20173084040331,1.2817233148937),.UNSPECIFIED.);
#9605=VERTEX_POINT('',#12312);
#9606=LINE('',#12313,#12314);
#9607=LINE('',#12315,#12316);
#9608=FILL_AREA_STYLE_COLOUR('',#12317);
#9609=VERTEX_POINT('',#12318);
#9610=LINE('',#12319,#12320);
#9611=B_SPLINE_CURVE_WITH_KNOTS('',3,(#12321,#12322,#12323,#12324,#12325,#12326,#12327,#12328,#12329,#12330,#12331,#12332,#12333,#12334,#12335,#12336,#12337,#12338,#12339,#12340,#12341,#12342,#12343,#12344,#12345,#12346,#12347,#12348,#12349,#12350,#12351,#12352,#12353,#12354,#12355,#12356,#12357,#12358,#12359,#12360,#12361,#12362,#12363),.UNSPECIFIED.,.F.,.F.,(4,3,3,3,3,3,3,3,3,3,3,3,3,3,4),(5.87468599261769E-15,0.0313385970800763,0.0626555046292097,0.125256225398296,0.156553426306328,0.187850981563624,0.219146746805203,0.250443064785869,0.281739382766539,0.313035148008113,0.344332703265408,0.375629904173441,0.438230624942529,0.469547532491658,0.500886129571733),.UNSPECIFIED.);
#9612=FILL_AREA_STYLE_COLOUR('',#12364);
#9613=CIRCLE('',#12365,1.25);
#9614=FILL_AREA_STYLE_COLOUR('',#12366);
#9615=CIRCLE('',#12367,1.25);
#9616=FILL_AREA_STYLE_COLOUR('',#12368);
#9617=FILL_AREA_STYLE_COLOUR('',#12369);
#9618=CIRCLE('',#12370,1.25);
#9619=FILL_AREA_STYLE_COLOUR('',#12371);
#9620=CIRCLE('',#12372,1.25);
#9621=FILL_AREA_STYLE_COLOUR('',#12373);
#9622=FILL_AREA_STYLE_COLOUR('',#12374);
#9623=VERTEX_POINT('',#12375);
#9624=VERTEX_POINT('',#12376);
#9625=LINE('',#12377,#12378);
#9626=LINE('',#12379,#12380);
#9627=VERTEX_POINT('',#12381);
#9628=LINE('',#12382,#12383);
#9629=LINE('',#12384,#12385);
#9630=VERTEX_POINT('',#12386);
#9631=LINE('',#12387,#12388);
#9632=VERTEX_POINT('',#12389);
#9633=LINE('',#12390,#12391);
#9634=LINE('',#12392,#12393);
#9635=FILL_AREA_STYLE_COLOUR('',#12394);
#9636=CIRCLE('',#12395,1.45);
#9637=FILL_AREA_STYLE_COLOUR('',#12396);
#9638=LINE('',#12397,#12398);
#9639=FILL_AREA_STYLE_COLOUR('',#12399);
#9640=FILL_AREA_STYLE_COLOUR('',#12400);
#9641=VERTEX_POINT('',#12401);
#9642=LINE('',#12402,#12403);
#9643=VERTEX_POINT('',#12404);
#9644=ELLIPSE('',#12405,0.154339019842384,0.15);
#9645=LINE('',#12406,#12407);
#9646=FILL_AREA_STYLE_COLOUR('',#12408);
#9647=VERTEX_POINT('',#12409);
#9648=VERTEX_POINT('',#12410);
#9649=LINE('',#12411,#12412);
#9650=VERTEX_POINT('',#12413);
#9651=CIRCLE('',#12414,0.8);
#9652=VERTEX_POINT('',#12415);
#9653=LINE('',#12416,#12417);
#9654=VERTEX_POINT('',#12418);
#9655=B_SPLINE_CURVE_WITH_KNOTS('',3,(#12419,#12420,#12421,#12422),.UNSPECIFIED.,.F.,.F.,(4,4),(1.00411712695022E-13,1.0),.UNSPECIFIED.);
#9656=VERTEX_POINT('',#12423);
#9657=LINE('',#12424,#12425);
#9658=CIRCLE('',#12426,0.8);
#9659=FILL_AREA_STYLE_COLOUR('',#12427);
#9660=VERTEX_POINT('',#12428);
#9661=LINE('',#12429,#12430);
#9662=ELLIPSE('',#12431,0.812341289508596,0.8);
#9663=FILL_AREA_STYLE_COLOUR('',#12432);
#9664=VERTEX_POINT('',#12433);
#9665=LINE('',#12434,#12435);
#9666=VERTEX_POINT('',#12436);
#9667=LINE('',#12437,#12438);
#9668=CIRCLE('',#12439,0.8);
#9669=FILL_AREA_STYLE_COLOUR('',#12440);
#9670=VERTEX_POINT('',#12441);
#9671=LINE('',#12442,#12443);
#9672=VERTEX_POINT('',#12444);
#9673=LINE('',#12445,#12446);
#9674=LINE('',#12447,#12448);
#9675=LINE('',#12449,#12450);
#9676=FILL_AREA_STYLE_COLOUR('',#12451);
#9677=VERTEX_POINT('',#12452);
#9678=CIRCLE('',#12453,0.15);
#9679=LINE('',#12454,#12455);
#9680=FILL_AREA_STYLE_COLOUR('',#12456);
#9681=ELLIPSE('',#12457,0.438570660024463,0.15);
#9682=FILL_AREA_STYLE_COLOUR('',#12458);
#9683=VERTEX_POINT('',#12459);
#9684=LINE('',#12460,#12461);
#9685=ELLIPSE('',#12462,0.438570660024463,0.15);
#9686=FILL_AREA_STYLE_COLOUR('',#12463);
#9687=LINE('',#12464,#12465);
#9688=LINE('',#12466,#12467);
#9689=FILL_AREA_STYLE_COLOUR('',#12468);
#9690=LINE('',#12469,#12470);
#9691=FILL_AREA_STYLE_COLOUR('',#12471);
#9692=LINE('',#12472,#12473);
#9693=FILL_AREA_STYLE_COLOUR('',#12474);
#9694=VERTEX_POINT('',#12475);
#9695=LINE('',#12476,#12477);
#9696=ELLIPSE('',#12478,0.812341289508596,0.8);
#9697=FILL_AREA_STYLE_COLOUR('',#12479);
#9698=VERTEX_POINT('',#12480);
#9699=LINE('',#12481,#12482);
#9700=CIRCLE('',#12483,0.8);
#9701=FILL_AREA_STYLE_COLOUR('',#12484);
#9702=LINE('',#12485,#12486);
#9703=FILL_AREA_STYLE_COLOUR('',#12487);
#9704=VERTEX_POINT('',#12488);
#9705=VERTEX_POINT('',#12489);
#9706=LINE('',#12490,#12491);
#9707=LINE('',#12492,#12493);
#9708=VERTEX_POINT('',#12494);
#9709=LINE('',#12495,#12496);
#9710=VERTEX_POINT('',#12497);
#9711=LINE('',#12498,#12499);
#9712=VERTEX_POINT('',#12500);
#9713=LINE('',#12501,#12502);
#9714=VERTEX_POINT('',#12503);
#9715=LINE('',#12504,#12505);
#9716=LINE('',#12506,#12507);
#9717=FILL_AREA_STYLE_COLOUR('',#12508);
#9718=VERTEX_POINT('',#12509);
#9719=LINE('',#12510,#12511);
#9720=VERTEX_POINT('',#12512);
#9721=LINE('',#12513,#12514);
#9722=LINE('',#12515,#12516);
#9723=FILL_AREA_STYLE_COLOUR('',#12517);
#9724=VERTEX_POINT('',#12518);
#9725=LINE('',#12519,#12520);
#9726=LINE('',#12521,#12522);
#9727=FILL_AREA_STYLE_COLOUR('',#12523);
#9728=VERTEX_POINT('',#12524);
#9729=VERTEX_POINT('',#12525);
#9730=LINE('',#12526,#12527);
#9731=LINE('',#12528,#12529);
#9732=LINE('',#12530,#12531);
#9733=FILL_AREA_STYLE_COLOUR('',#12532);
#9734=VERTEX_POINT('',#12533);
#9735=LINE('',#12534,#12535);
#9736=LINE('',#12536,#12537);
#9737=FILL_AREA_STYLE_COLOUR('',#12538);
#9738=VERTEX_POINT('',#12539);
#9739=LINE('',#12540,#12541);
#9740=LINE('',#12542,#12543);
#9741=FILL_AREA_STYLE_COLOUR('',#12544);
#9742=LINE('',#12545,#12546);
#9743=FILL_AREA_STYLE_COLOUR('',#12547);
#9744=VERTEX_POINT('',#12548);
#9745=LINE('',#12549,#12550);
#9746=VERTEX_POINT('',#12551);
#9747=LINE('',#12552,#12553);
#9748=LINE('',#12554,#12555);
#9749=FILL_AREA_STYLE_COLOUR('',#12556);
#9750=VERTEX_POINT('',#12557);
#9751=LINE('',#12558,#12559);
#9752=VERTEX_POINT('',#12560);
#9753=LINE('',#12561,#12562);
#9754=LINE('',#12563,#12564);
#9755=FILL_AREA_STYLE_COLOUR('',#12565);
#9756=LINE('',#12566,#12567);
#9757=FILL_AREA_STYLE_COLOUR('',#12568);
#9758=LINE('',#12569,#12570);
#9759=VERTEX_POINT('',#12571);
#9760=LINE('',#12572,#12573);
#9761=LINE('',#12574,#12575);
#9762=FILL_AREA_STYLE_COLOUR('',#12576);
#9763=VERTEX_POINT('',#12577);
#9764=LINE('',#12578,#12579);
#9765=VERTEX_POINT('',#12580);
#9766=LINE('',#12581,#12582);
#9767=LINE('',#12583,#12584);
#9768=FILL_AREA_STYLE_COLOUR('',#12585);
#9769=LINE('',#12586,#12587);
#9770=LINE('',#12588,#12589);
#9771=FILL_AREA_STYLE_COLOUR('',#12590);
#9772=LINE('',#12591,#12592);
#9773=FILL_AREA_STYLE_COLOUR('',#12593);
#9774=FILL_AREA_STYLE_COLOUR('',#12594);
#9775=FILL_AREA_STYLE_COLOUR('',#12595);
#9776=LINE('',#12596,#12597);
#9777=FILL_AREA_STYLE_COLOUR('',#12598);
#9778=FILL_AREA_STYLE_COLOUR('',#12599);
#9779=FILL_AREA_STYLE_COLOUR('',#12600);
#9780=FILL_AREA_STYLE_COLOUR('',#12601);
#9781=VERTEX_POINT('',#12602);
#9782=VERTEX_POINT('',#12603);
#9783=LINE('',#12604,#12605);
#9784=VERTEX_POINT('',#12606);
#9785=CIRCLE('',#12607,1.45);
#9786=B_SPLINE_CURVE_WITH_KNOTS('',3,(#12608,#12609,#12610,#12611,#12612,#12613,#12614,#12615,#12616,#12617,#12618,#12619,#12620,#12621,#12622,#12623,#12624,#12625,#12626,#12627,#12628,#12629,#12630,#12631,#12632,#12633,#12634,#12635,#12636,#12637,#12638,#12639,#12640,#12641,#12642,#12643,#12644,#12645,#12646,#12647,#12648,#12649,#12650,#12651,#12652,#12653,#12654,#12655,#12656,#12657,#12658,#12659,#12660,#12661,#12662,#12663,#12664,#12665,#12666,#12667,#12668,#12669,#12670,#12671,#12672,#12673),.UNSPECIFIED.,.F.,.F.,(4,2,2,2,2,2,2,2,2,2,2,2,2,2,2,2,2,2,2,2,2,2,2,2,2,2,2,2,2,2,2,2,4),(4.03253057008477E-14,0.0509781889416397,0.10195635555309,0.152934512449961,0.203912674140606,0.254890858101114,0.305869086147579,0.356847386080785,0.40781716046256,0.458767120841721,0.509717030033767,0.5606669035635,0.611616759727611,0.662566620392812,0.713516511789624,0.764466465273581,0.815416517826273,0.866366570550176,0.917316524034118,0.968266415426233,1.01921627608208,1.07016613223686,1.12111600575727,1.1720659149479,1.22301587533358,1.27398564971723,1.3249639496384,1.37594217765504,1.42692036158488,1.47789852325255,1.52887668012647,1.57985484671984,1.63083303565251),.UNSPECIFIED.);
#9787=FILL_AREA_STYLE_COLOUR('',#12674);
#9788=VERTEX_POINT('',#12675);
#9789=VERTEX_POINT('',#12676);
#9790=LINE('',#12677,#12678);
#9791=VERTEX_POINT('',#12679);
#9792=CIRCLE('',#12680,0.5);
#9793=VERTEX_POINT('',#12681);
#9794=LINE('',#12682,#12683);
#9795=CIRCLE('',#12684,0.5);
#9796=FILL_AREA_STYLE_COLOUR('',#12685);
#9797=VERTEX_POINT('',#12686);
#9798=VERTEX_POINT('',#12687);
#9799=LINE('',#12688,#12689);
#9800=VERTEX_POINT('',#12690);
#9801=CIRCLE('',#12691,1.85);
#9802=VERTEX_POINT('',#12692);
#9803=LINE('',#12693,#12694);
#9804=VERTEX_POINT('',#12695);
#9805=CIRCLE('',#12696,1.85);
#9806=VERTEX_POINT('',#12697);
#9807=LINE('',#12698,#12699);
#9808=VERTEX_POINT('',#12700);
#9809=CIRCLE('',#12701,1.85);
#9810=VERTEX_POINT('',#12702);
#9811=LINE('',#12703,#12704);
#9812=CIRCLE('',#12705,1.85);
#9813=FILL_AREA_STYLE_COLOUR('',#12706);
#9814=VERTEX_POINT('',#12707);
#9815=VERTEX_POINT('',#12708);
#9816=LINE('',#12709,#12710);
#9817=VERTEX_POINT('',#12711);
#9818=LINE('',#12712,#12713);
#9819=VERTEX_POINT('',#12714);
#9820=LINE('',#12715,#12716);
#9821=VERTEX_POINT('',#12717);
#9822=LINE('',#12718,#12719);
#9823=VERTEX_POINT('',#12720);
#9824=LINE('',#12721,#12722);
#9825=VERTEX_POINT('',#12723);
#9826=LINE('',#12724,#12725);
#9827=VERTEX_POINT('',#12726);
#9828=ELLIPSE('',#12727,0.85134221798073,0.8);
#9829=VERTEX_POINT('',#12728);
#9830=LINE('',#12729,#12730);
#9831=VERTEX_POINT('',#12731);
#9832=LINE('',#12732,#12733);
#9833=VERTEX_POINT('',#12734);
#9834=ELLIPSE('',#12735,0.168704904832168,0.15);
#9835=VERTEX_POINT('',#12736);
#9836=LINE('',#12737,#12738);
#9837=VERTEX_POINT('',#12739);
#9838=ELLIPSE('',#12740,0.85134221798073,0.8);
#9839=VERTEX_POINT('',#12741);
#9840=LINE('',#12742,#12743);
#9841=VERTEX_POINT('',#12744);
#9842=LINE('',#12745,#12746);
#9843=VERTEX_POINT('',#12747);
#9844=LINE('',#12748,#12749);
#9845=VERTEX_POINT('',#12750);
#9846=LINE('',#12751,#12752);
#9847=LINE('',#12753,#12754);
#9848=FILL_AREA_STYLE_COLOUR('',#12755);
#9849=CIRCLE('',#12756,1.85);
#9850=VERTEX_POINT('',#12757);
#9851=VERTEX_POINT('',#12758);
#9852=LINE('',#12759,#12760);
#9853=VERTEX_POINT('',#12761);
#9854=LINE('',#12762,#12763);
#9855=VERTEX_POINT('',#12764);
#9856=LINE('',#12765,#12766);
#9857=LINE('',#12767,#12768);
#9858=FILL_AREA_STYLE_COLOUR('',#12769);
#9859=VERTEX_POINT('',#12770);
#9860=VERTEX_POINT('',#12771);
#9861=LINE('',#12772,#12773);
#9862=VERTEX_POINT('',#12774);
#9863=LINE('',#12775,#12776);
#9864=VERTEX_POINT('',#12777);
#9865=LINE('',#12778,#12779);
#9866=LINE('',#12780,#12781);
#9867=FILL_AREA_STYLE_COLOUR('',#12782);
#9868=VERTEX_POINT('',#12783);
#9869=LINE('',#12784,#12785);
#9870=VERTEX_POINT('',#12786);
#9871=LINE('',#12787,#12788);
#9872=LINE('',#12789,#12790);
#9873=FILL_AREA_STYLE_COLOUR('',#12791);
#9874=VERTEX_POINT('',#12792);
#9875=LINE('',#12793,#12794);
#9876=LINE('',#12795,#12796);
#9877=FILL_AREA_STYLE_COLOUR('',#12797);
#9878=VERTEX_POINT('',#12798);
#9879=VERTEX_POINT('',#12799);
#9880=LINE('',#12800,#12801);
#9881=VERTEX_POINT('',#12802);
#9882=LINE('',#12803,#12804);
#9883=VERTEX_POINT('',#12805);
#9884=LINE('',#12806,#12807);
#9885=VERTEX_POINT('',#12808);
#9886=LINE('',#12809,#12810);
#9887=VERTEX_POINT('',#12811);
#9888=LINE('',#12812,#12813);
#9889=VERTEX_POINT('',#12814);
#9890=LINE('',#12815,#12816);
#9891=VERTEX_POINT('',#12817);
#9892=LINE('',#12818,#12819);
#9893=LINE('',#12820,#12821);
#9894=FILL_AREA_STYLE_COLOUR('',#12822);
#9895=VERTEX_POINT('',#12823);
#9896=VERTEX_POINT('',#12824);
#9897=LINE('',#12825,#12826);
#9898=VERTEX_POINT('',#12827);
#9899=LINE('',#12828,#12829);
#9900=VERTEX_POINT('',#12830);
#9901=LINE('',#12831,#12832);
#9902=VERTEX_POINT('',#12833);
#9903=B_SPLINE_CURVE_WITH_KNOTS('',3,(#12834,#12835,#12836,#12837,#12838,#12839,#12840,#12841,#12842,#12843,#12844,#12845,#12846,#12847,#12848,#12849,#12850,#12851,#12852,#12853,#12854,#12855,#12856,#12857,#12858,#12859,#12860,#12861,#12862,#12863,#12864,#12865,#12866,#12867,#12868,#12869,#12870,#12871,#12872,#12873,#12874,#12875,#12876,#12877,#12878,#12879,#12880,#12881,#12882,#12883,#12884,#12885,#12886,#12887,#12888,#12889,#12890,#12891,#12892,#12893,#12894,#12895,#12896,#12897,#12898,#12899,#12900),.UNSPECIFIED.,.F.,.F.,(4,3,3,3,3,3,3,3,3,3,3,3,3,3,3,3,3,3,3,3,3,3,4),(4.30241351348083E-11,0.0800350732974882,0.159982733033216,0.23980890399146,0.319766528787801,0.400095434925188,0.440266576536996,0.480385825729056,0.520426502192904,0.560377491045096,0.600298159262719,0.640348007205907,0.680515656236798,0.720764001274708,0.761045138282206,0.801303706859396,0.841479710320841,0.881511216984539,0.961329921701532,1.04132777487582,1.12151027265312,1.20173084040333,1.28172331489371),.UNSPECIFIED.);
#9904=VERTEX_POINT('',#12901);
#9905=LINE('',#12902,#12903);
#9906=VERTEX_POINT('',#12904);
#9907=LINE('',#12905,#12906);
#9908=VERTEX_POINT('',#12907);
#9909=LINE('',#12908,#12909);
#9910=VERTEX_POINT('',#12910);
#9911=LINE('',#12911,#12912);
#9912=LINE('',#12913,#12914);
#9913=VERTEX_POINT('',#12915);
#9914=CIRCLE('',#12916,0.2);
#9915=VERTEX_POINT('',#12917);
#9916=LINE('',#12918,#12919);
#9917=VERTEX_POINT('',#12920);
#9918=CIRCLE('',#12921,0.199999999999999);
#9919=VERTEX_POINT('',#12922);
#9920=LINE('',#12923,#12924);
#9921=VERTEX_POINT('',#12925);
#9922=CIRCLE('',#12926,1.0);
#9923=LINE('',#12927,#12928);
#9924=FILL_AREA_STYLE_COLOUR('',#12929);
#9925=VERTEX_POINT('',#12930);
#9926=LINE('',#12931,#12932);
#9927=VERTEX_POINT('',#12933);
#9928=LINE('',#12934,#12935);
#9929=CIRCLE('',#12936,0.1);
#9930=FILL_AREA_STYLE_COLOUR('',#12937);
#9931=VERTEX_POINT('',#12938);
#9932=CIRCLE('',#12939,0.2);
#9933=LINE('',#12940,#12941);
#9934=FILL_AREA_STYLE_COLOUR('',#12942);
#9935=VERTEX_POINT('',#12943);
#9936=LINE('',#12944,#12945);
#9937=LINE('',#12946,#12947);
#9938=FILL_AREA_STYLE_COLOUR('',#12948);
#9939=VERTEX_POINT('',#12949);
#9940=LINE('',#12950,#12951);
#9941=CIRCLE('',#12952,0.199999999999999);
#9942=FILL_AREA_STYLE_COLOUR('',#12953);
#9943=VERTEX_POINT('',#12954);
#9944=LINE('',#12955,#12956);
#9945=LINE('',#12957,#12958);
#9946=FILL_AREA_STYLE_COLOUR('',#12959);
#9947=VERTEX_POINT('',#12960);
#9948=CIRCLE('',#12961,1.0);
#9949=LINE('',#12962,#12963);
#9950=FILL_AREA_STYLE_COLOUR('',#12964);
#9951=VERTEX_POINT('',#12965);
#9952=LINE('',#12966,#12967);
#9953=LINE('',#12968,#12969);
#9954=FILL_AREA_STYLE_COLOUR('',#12970);
#9955=VERTEX_POINT('',#12971);
#9956=VERTEX_POINT('',#12972);
#9957=LINE('',#12973,#12974);
#9958=VERTEX_POINT('',#12975);
#9959=CIRCLE('',#12976,0.0999999999999095);
#9960=VERTEX_POINT('',#12977);
#9961=LINE('',#12978,#12979);
#9962=LINE('',#12980,#12981);
#9963=VERTEX_POINT('',#12982);
#9964=LINE('',#12983,#12984);
#9965=VERTEX_POINT('',#12985);
#9966=LINE('',#12986,#12987);
#9967=VERTEX_POINT('',#12988);
#9968=CIRCLE('',#12989,0.0999999999999615);
#9969=VERTEX_POINT('',#12990);
#9970=LINE('',#12991,#12992);
#9971=CIRCLE('',#12993,0.0999999999999995);
#9972=VERTEX_POINT('',#12994);
#9973=LINE('',#12995,#12996);
#9974=LINE('',#12997,#12998);
#9975=FILL_AREA_STYLE_COLOUR('',#12999);
#9976=VERTEX_POINT('',#13000);
#9977=VERTEX_POINT('',#13001);
#9978=CIRCLE('',#13002,0.1);
#9979=LINE('',#13003,#13004);
#9980=LINE('',#13005,#13006);
#9981=FILL_AREA_STYLE_COLOUR('',#13007);
#9982=VERTEX_POINT('',#13008);
#9983=LINE('',#13009,#13010);
#9984=LINE('',#13011,#13012);
#9985=FILL_AREA_STYLE_COLOUR('',#13013);
#9986=VERTEX_POINT('',#13014);
#9987=LINE('',#13015,#13016);
#9988=LINE('',#13017,#13018);
#9989=FILL_AREA_STYLE_COLOUR('',#13019);
#9990=VERTEX_POINT('',#13020);
#9991=LINE('',#13021,#13022);
#9992=LINE('',#13023,#13024);
#9993=LINE('',#13025,#13026);
#9994=FILL_AREA_STYLE_COLOUR('',#13027);
#9995=CIRCLE('',#13028,0.1);
#9996=FILL_AREA_STYLE_COLOUR('',#13029);
#9997=VERTEX_POINT('',#13030);
#9998=LINE('',#13031,#13032);
#9999=LINE('',#13033,#13034);
#10000=FILL_AREA_STYLE_COLOUR('',#13035);
#10001=CIRCLE('',#13036,1.25);
#10002=FILL_AREA_STYLE_COLOUR('',#13037);
#10003=CIRCLE('',#13038,1.25);
#10004=FILL_AREA_STYLE_COLOUR('',#13039);
#10005=FILL_AREA_STYLE_COLOUR('',#13040);
#10006=VERTEX_POINT('',#13041);
#10007=VERTEX_POINT('',#13042);
#10008=LINE('',#13043,#13044);
#10009=LINE('',#13045,#13046);
#10010=VERTEX_POINT('',#13047);
#10011=CIRCLE('',#13048,0.1);
#10012=VERTEX_POINT('',#13049);
#10013=LINE('',#13050,#13051);
#10014=VERTEX_POINT('',#13052);
#10015=LINE('',#13053,#13054);
#10016=VERTEX_POINT('',#13055);
#10017=LINE('',#13056,#13057);
#10018=VERTEX_POINT('',#13058);
#10019=CIRCLE('',#13059,0.8);
#10020=VERTEX_POINT('',#13060);
#10021=LINE('',#13061,#13062);
#10022=VERTEX_POINT('',#13063);
#10023=CIRCLE('',#13064,0.8);
#10024=VERTEX_POINT('',#13065);
#10025=LINE('',#13066,#13067);
#10026=CIRCLE('',#13068,0.8);
#10027=FILL_AREA_STYLE_COLOUR('',#13069);
#10028=VERTEX_POINT('',#13070);
#10029=VERTEX_POINT('',#13071);
#10030=LINE('',#13072,#13073);
#10031=VERTEX_POINT('',#13074);
#10032=CIRCLE('',#13075,0.15);
#10033=VERTEX_POINT('',#13076);
#10034=LINE('',#13077,#13078);
#10035=VERTEX_POINT('',#13079);
#10036=ELLIPSE('',#13080,0.438570660024463,0.15);
#10037=VERTEX_POINT('',#13081);
#10038=ELLIPSE('',#13082,0.154339019842384,0.15);
#10039=ELLIPSE('',#13083,0.438570660024463,0.15);
#10040=FILL_AREA_STYLE_COLOUR('',#13084);
#10041=VERTEX_POINT('',#13085);
#10042=VERTEX_POINT('',#13086);
#10043=CIRCLE('',#13087,0.8);
#10044=LINE('',#13088,#13089);
#10045=LINE('',#13090,#13091);
#10046=FILL_AREA_STYLE_COLOUR('',#13092);
#10047=LINE('',#13093,#13094);
#10048=VERTEX_POINT('',#13095);
#10049=LINE('',#13096,#13097);
#10050=VERTEX_POINT('',#13098);
#10051=B_SPLINE_CURVE_WITH_KNOTS('',3,(#13099,#13100,#13101,#13102),.UNSPECIFIED.,.F.,.F.,(4,4),(1.00411712695169E-13,1.0),.UNSPECIFIED.);
#10052=LINE('',#13103,#13104);
#10053=FILL_AREA_STYLE_COLOUR('',#13105);
#10054=VERTEX_POINT('',#13106);
#10055=LINE('',#13107,#13108);
#10056=LINE('',#13109,#13110);
#10057=FILL_AREA_STYLE_COLOUR('',#13111);
#10058=LINE('',#13112,#13113);
#10059=LINE('',#13114,#13115);
#10060=FILL_AREA_STYLE_COLOUR('',#13116);
#10061=VERTEX_POINT('',#13117);
#10062=LINE('',#13118,#13119);
#10063=VERTEX_POINT('',#13120);
#10064=LINE('',#13121,#13122);
#10065=LINE('',#13123,#13124);
#10066=FILL_AREA_STYLE_COLOUR('',#13125);
#10067=VERTEX_POINT('',#13126);
#10068=VERTEX_POINT('',#13127);
#10069=LINE('',#13128,#13129);
#10070=LINE('',#13130,#13131);
#10071=LINE('',#13132,#13133);
#10072=FILL_AREA_STYLE_COLOUR('',#13134);
#10073=VERTEX_POINT('',#13135);
#10074=VERTEX_POINT('',#13136);
#10075=LINE('',#13137,#13138);
#10076=LINE('',#13139,#13140);
#10077=LINE('',#13141,#13142);
#10078=FILL_AREA_STYLE_COLOUR('',#13143);
#10079=VERTEX_POINT('',#13144);
#10080=VERTEX_POINT('',#13145);
#10081=LINE('',#13146,#13147);
#10082=LINE('',#13148,#13149);
#10083=VERTEX_POINT('',#13150);
#10084=LINE('',#13151,#13152);
#10085=VERTEX_POINT('',#13153);
#10086=LINE('',#13154,#13155);
#10087=VERTEX_POINT('',#13156);
#10088=LINE('',#13157,#13158);
#10089=VERTEX_POINT('',#13159);
#10090=LINE('',#13160,#13161);
#10091=LINE('',#13162,#13163);
#10092=FILL_AREA_STYLE_COLOUR('',#13164);
#10093=VERTEX_POINT('',#13165);
#10094=LINE('',#13166,#13167);
#10095=VERTEX_POINT('',#13168);
#10096=ELLIPSE('',#13169,0.812341289508596,0.8);
#10097=LINE('',#13170,#13171);
#10098=FILL_AREA_STYLE_COLOUR('',#13172);
#10099=VERTEX_POINT('',#13173);
#10100=LINE('',#13174,#13175);
#10101=VERTEX_POINT('',#13176);
#10102=LINE('',#13177,#13178);
#10103=LINE('',#13179,#13180);
#10104=VERTEX_POINT('',#13181);
#10105=LINE('',#13182,#13183);
#10106=VERTEX_POINT('',#13184);
#10107=LINE('',#13185,#13186);
#10108=VERTEX_POINT('',#13187);
#10109=LINE('',#13188,#13189);
#10110=LINE('',#13190,#13191);
#10111=VERTEX_POINT('',#13192);
#10112=LINE('',#13193,#13194);
#10113=VERTEX_POINT('',#13195);
#10114=LINE('',#13196,#13197);
#10115=VERTEX_POINT('',#13198);
#10116=LINE('',#13199,#13200);
#10117=LINE('',#13201,#13202);
#10118=FILL_AREA_STYLE_COLOUR('',#13203);
#10119=LINE('',#13204,#13205);
#10120=FILL_AREA_STYLE_COLOUR('',#13206);
#10121=VERTEX_POINT('',#13207);
#10122=VERTEX_POINT('',#13208);
#10123=LINE('',#13209,#13210);
#10124=LINE('',#13211,#13212);
#10125=VERTEX_POINT('',#13213);
#10126=LINE('',#13214,#13215);
#10127=VERTEX_POINT('',#13216);
#10128=LINE('',#13217,#13218);
#10129=VERTEX_POINT('',#13219);
#10130=LINE('',#13220,#13221);
#10131=VERTEX_POINT('',#13222);
#10132=LINE('',#13223,#13224);
#10133=LINE('',#13225,#13226);
#10134=VERTEX_POINT('',#13227);
#10135=LINE('',#13228,#13229);
#10136=VERTEX_POINT('',#13230);
#10137=LINE('',#13231,#13232);
#10138=LINE('',#13233,#13234);
#10139=VERTEX_POINT('',#13235);
#10140=LINE('',#13236,#13237);
#10141=VERTEX_POINT('',#13238);
#10142=LINE('',#13239,#13240);
#10143=LINE('',#13241,#13242);
#10144=FILL_AREA_STYLE_COLOUR('',#13243);
#10145=VERTEX_POINT('',#13244);
#10146=VERTEX_POINT('',#13245);
#10147=LINE('',#13246,#13247);
#10148=VERTEX_POINT('',#13248);
#10149=LINE('',#13249,#13250);
#10150=VERTEX_POINT('',#13251);
#10151=LINE('',#13252,#13253);
#10152=LINE('',#13254,#13255);
#10153=FILL_AREA_STYLE_COLOUR('',#13256);
#10154=VERTEX_POINT('',#13257);
#10155=CIRCLE('',#13258,1.85);
#10156=VERTEX_POINT('',#13259);
#10157=LINE('',#13260,#13261);
#10158=CIRCLE('',#13262,1.85);
#10159=CIRCLE('',#13263,1.85);
#10160=FILL_AREA_STYLE_COLOUR('',#13264);
#10161=LINE('',#13265,#13266);
#10162=LINE('',#13267,#13268);
#10163=FILL_AREA_STYLE_COLOUR('',#13269);
#10164=VERTEX_POINT('',#13270);
#10165=LINE('',#13271,#13272);
#10166=VERTEX_POINT('',#13273);
#10167=LINE('',#13274,#13275);
#10168=ELLIPSE('',#13276,0.812341289508596,0.8);
#10169=FILL_AREA_STYLE_COLOUR('',#13277);
#10170=LINE('',#13278,#13279);
#10171=FILL_AREA_STYLE_COLOUR('',#13280);
#10172=VERTEX_POINT('',#13281);
#10173=LINE('',#13282,#13283);
#10174=LINE('',#13284,#13285);
#10175=FILL_AREA_STYLE_COLOUR('',#13286);
#10176=VERTEX_POINT('',#13287);
#10177=LINE('',#13288,#13289);
#10178=VERTEX_POINT('',#13290);
#10179=LINE('',#13291,#13292);
#10180=VERTEX_POINT('',#13293);
#10181=LINE('',#13294,#13295);
#10182=VERTEX_POINT('',#13296);
#10183=LINE('',#13297,#13298);
#10184=LINE('',#13299,#13300);
#10185=FILL_AREA_STYLE_COLOUR('',#13301);
#10186=CIRCLE('',#13302,0.5);
#10187=CIRCLE('',#13303,0.5);
#10188=FILL_AREA_STYLE_COLOUR('',#13304);
#10189=LINE('',#13305,#13306);
#10190=FILL_AREA_STYLE_COLOUR('',#13307);
#10191=VERTEX_POINT('',#13308);
#10192=CIRCLE('',#13309,0.200000000000001);
#10193=VERTEX_POINT('',#13310);
#10194=CIRCLE('',#13311,0.200000000000001);
#10195=LINE('',#13312,#13313);
#10196=FILL_AREA_STYLE_COLOUR('',#13314);
#10197=VERTEX_POINT('',#13315);
#10198=LINE('',#13316,#13317);
#10199=VERTEX_POINT('',#13318);
#10200=LINE('',#13319,#13320);
#10201=LINE('',#13321,#13322);
#10202=FILL_AREA_STYLE_COLOUR('',#13323);
#10203=VERTEX_POINT('',#13324);
#10204=CIRCLE('',#13325,0.2);
#10205=VERTEX_POINT('',#13326);
#10206=CIRCLE('',#13327,0.2);
#10207=LINE('',#13328,#13329);
#10208=FILL_AREA_STYLE_COLOUR('',#13330);
#10209=VERTEX_POINT('',#13331);
#10210=VERTEX_POINT('',#13332);
#10211=LINE('',#13333,#13334);
#10212=VERTEX_POINT('',#13335);
#10213=CIRCLE('',#13336,0.800000000000001);
#10214=VERTEX_POINT('',#13337);
#10215=LINE('',#13338,#13339);
#10216=VERTEX_POINT('',#13340);
#10217=LINE('',#13341,#13342);
#10218=B_SPLINE_CURVE_WITH_KNOTS('',3,(#13343,#13344,#13345,#13346,#13347,#13348,#13349,#13350,#13351,#13352,#13353,#13354,#13355,#13356,#13357,#13358,#13359,#13360,#13361,#13362,#13363,#13364,#13365,#13366,#13367,#13368,#13369,#13370,#13371,#13372,#13373,#13374,#13375,#13376,#13377,#13378,#13379,#13380,#13381,#13382,#13383,#13384,#13385,#13386,#13387,#13388,#13389,#13390,#13391,#13392,#13393,#13394,#13395,#13396,#13397,#13398,#13399,#13400,#13401,#13402,#13403,#13404,#13405,#13406,#13407,#13408),.UNSPECIFIED.,.F.,.F.,(4,2,2,2,2,2,2,2,2,2,2,2,2,2,2,2,2,2,2,2,2,2,2,2,2,2,2,2,2,2,2,2,4),(4.03253057008477E-14,0.0509781889416397,0.10195635555309,0.152934512449961,0.203912674140606,0.254890858101114,0.305869086147579,0.356847386080785,0.40781716046256,0.458767120841721,0.509717030033767,0.5606669035635,0.611616759727611,0.662566620392812,0.713516511789624,0.764466465273581,0.815416517826273,0.866366570550176,0.917316524034118,0.968266415426233,1.01921627608208,1.07016613223686,1.12111600575727,1.1720659149479,1.22301587533358,1.27398564971723,1.3249639496384,1.37594217765504,1.42692036158488,1.47789852325255,1.52887668012647,1.57985484671984,1.63083303565251),.UNSPECIFIED.);
#10219=VERTEX_POINT('',#13409);
#10220=LINE('',#13410,#13411);
#10221=CIRCLE('',#13412,0.799999999999989);
#10222=FILL_AREA_STYLE_COLOUR('',#13413);
#10223=VERTEX_POINT('',#13414);
#10224=VERTEX_POINT('',#13415);
#10225=LINE('',#13416,#13417);
#10226=LINE('',#13418,#13419);
#10227=LINE('',#13420,#13421);
#10228=FILL_AREA_STYLE_COLOUR('',#13422);
#10229=VERTEX_POINT('',#13423);
#10230=VERTEX_POINT('',#13424);
#10231=LINE('',#13425,#13426);
#10232=LINE('',#13427,#13428);
#10233=LINE('',#13429,#13430);
#10234=VERTEX_POINT('',#13431);
#10235=LINE('',#13432,#13433);
#10236=CIRCLE('',#13434,0.0999999999999996);
#10237=FILL_AREA_STYLE_COLOUR('',#13435);
#10238=VERTEX_POINT('',#13436);
#10239=LINE('',#13437,#13438);
#10240=VERTEX_POINT('',#13439);
#10241=LINE('',#13440,#13441);
#10242=CIRCLE('',#13442,1.25);
#10243=FILL_AREA_STYLE_COLOUR('',#13443);
#10244=VERTEX_POINT('',#13444);
#10245=B_SPLINE_CURVE_WITH_KNOTS('',3,(#13445,#13446,#13447,#13448,#13449,#13450,#13451,#13452,#13453,#13454,#13455,#13456,#13457,#13458,#13459,#13460,#13461,#13462,#13463,#13464,#13465,#13466,#13467,#13468,#13469,#13470,#13471,#13472,#13473,#13474,#13475,#13476,#13477,#13478,#13479,#13480,#13481,#13482,#13483,#13484,#13485,#13486,#13487),.UNSPECIFIED.,.F.,.F.,(4,3,3,3,3,3,3,3,3,3,3,3,3,3,4),(5.87468599261665E-15,0.0313385970800761,0.0626555046292047,0.125256225398296,0.156553426306329,0.187850981563619,0.219146746805198,0.250443064785869,0.281739382766534,0.313035148008108,0.344332703265399,0.375629904173431,0.438230624942523,0.469547532491657,0.500886129571732),.UNSPECIFIED.);
#10246=LINE('',#13488,#13489);
#10247=LINE('',#13490,#13491);
#10248=FILL_AREA_STYLE_COLOUR('',#13492);
#10249=VERTEX_POINT('',#13493);
#10250=CIRCLE('',#13494,1.25);
#10251=LINE('',#13495,#13496);
#10252=FILL_AREA_STYLE_COLOUR('',#13497);
#10253=VERTEX_POINT('',#13498);
#10254=VERTEX_POINT('',#13499);
#10255=B_SPLINE_CURVE_WITH_KNOTS('',3,(#13500,#13501,#13502,#13503,#13504,#13505,#13506,#13507,#13508,#13509,#13510,#13511,#13512,#13513,#13514,#13515,#13516,#13517,#13518,#13519,#13520,#13521,#13522,#13523,#13524,#13525,#13526,#13527,#13528,#13529,#13530,#13531,#13532,#13533,#13534,#13535,#13536,#13537,#13538,#13539,#13540,#13541,#13542,#13543,#13544,#13545,#13546,#13547,#13548,#13549,#13550,#13551,#13552,#13553,#13554,#13555,#13556,#13557,#13558,#13559,#13560,#13561,#13562,#13563,#13564,#13565,#13566),.UNSPECIFIED.,.F.,.F.,(4,3,3,3,3,3,3,3,3,3,3,3,3,3,3,3,3,3,3,3,3,3,4),(4.30241351348196E-11,0.0800350732974909,0.159982733033219,0.239808903991457,0.319766528787791,0.400095434925173,0.440266576536981,0.480385825729042,0.52042650219289,0.56037749104508,0.600298159262703,0.64034800720589,0.680515656236781,0.720764001274695,0.761045138282191,0.801303706859377,0.84147971032082,0.881511216984514,0.961329921701503,1.04132777487579,1.12151027265308,1.20173084040328,1.28172331489367),.UNSPECIFIED.);
#10256=CIRCLE('',#13567,1.25);
#10257=FILL_AREA_STYLE_COLOUR('',#13568);
#10258=LINE('',#13569,#13570);
#10259=LINE('',#13571,#13572);
#10260=FILL_AREA_STYLE_COLOUR('',#13573);
#10261=VERTEX_POINT('',#13574);
#10262=LINE('',#13575,#13576);
#10263=LINE('',#13577,#13578);
#10264=LINE('',#13579,#13580);
#10265=FILL_AREA_STYLE_COLOUR('',#13581);
#10266=LINE('',#13582,#13583);
#10267=LINE('',#13584,#13585);
#10268=FILL_AREA_STYLE_COLOUR('',#13586);
#10269=VERTEX_POINT('',#13587);
#10270=LINE('',#13588,#13589);
#10271=LINE('',#13590,#13591);
#10272=FILL_AREA_STYLE_COLOUR('',#13592);
#10273=CIRCLE('',#13593,1.45);
#10274=FILL_AREA_STYLE_COLOUR('',#13594);
#10275=LINE('',#13595,#13596);
#10276=FILL_AREA_STYLE_COLOUR('',#13597);
#10277=FILL_AREA_STYLE_COLOUR('',#13598);
#10278=LINE('',#13599,#13600);
#10279=FILL_AREA_STYLE_COLOUR('',#13601);
#10280=FILL_AREA_STYLE_COLOUR('',#13602);
#10281=FILL_AREA_STYLE_COLOUR('',#13603);
#10282=LINE('',#13604,#13605);
#10283=LINE('',#13606,#13607);
#10284=FILL_AREA_STYLE_COLOUR('',#13608);
#10285=LINE('',#13609,#13610);
#10286=FILL_AREA_STYLE_COLOUR('',#13611);
#10287=LINE('',#13612,#13613);
#10288=FILL_AREA_STYLE_COLOUR('',#13614);
#10289=VERTEX_POINT('',#13615);
#10290=LINE('',#13616,#13617);
#10291=LINE('',#13618,#13619);
#10292=FILL_AREA_STYLE_COLOUR('',#13620);
#10293=LINE('',#13621,#13622);
#10294=FILL_AREA_STYLE_COLOUR('',#13623);
#10295=FILL_AREA_STYLE_COLOUR('',#13624);
#10296=FILL_AREA_STYLE_COLOUR('',#13625);
#10297=FILL_AREA_STYLE_COLOUR('',#13626);
#10298=LINE('',#13627,#13628);
#10299=FILL_AREA_STYLE_COLOUR('',#13629);
#10300=LINE('',#13630,#13631);
#10301=LINE('',#13632,#13633);
#10302=FILL_AREA_STYLE_COLOUR('',#13634);
#10303=VERTEX_POINT('',#13635);
#10304=LINE('',#13636,#13637);
#10305=VERTEX_POINT('',#13638);
#10306=LINE('',#13639,#13640);
#10307=LINE('',#13641,#13642);
#10308=FILL_AREA_STYLE_COLOUR('',#13643);
#10309=VERTEX_POINT('',#13644);
#10310=LINE('',#13645,#13646);
#10311=VERTEX_POINT('',#13647);
#10312=LINE('',#13648,#13649);
#10313=LINE('',#13650,#13651);
#10314=LINE('',#13652,#13653);
#10315=FILL_AREA_STYLE_COLOUR('',#13654);
#10316=LINE('',#13655,#13656);
#10317=FILL_AREA_STYLE_COLOUR('',#13657);
#10318=FILL_AREA_STYLE_COLOUR('',#13658);
#10319=LINE('',#13659,#13660);
#10320=LINE('',#13661,#13662);
#10321=FILL_AREA_STYLE_COLOUR('',#13663);
#10322=LINE('',#13664,#13665);
#10323=FILL_AREA_STYLE_COLOUR('',#13666);
#10324=FILL_AREA_STYLE_COLOUR('',#13667);
#10325=VERTEX_POINT('',#13668);
#10326=LINE('',#13669,#13670);
#10327=VERTEX_POINT('',#13671);
#10328=LINE('',#13672,#13673);
#10329=LINE('',#13674,#13675);
#10330=FILL_AREA_STYLE_COLOUR('',#13676);
#10331=LINE('',#13677,#13678);
#10332=FILL_AREA_STYLE_COLOUR('',#13679);
#10333=LINE('',#13680,#13681);
#10334=FILL_AREA_STYLE_COLOUR('',#13682);
#10335=LINE('',#13683,#13684);
#10336=FILL_AREA_STYLE_COLOUR('',#13685);
#10337=LINE('',#13686,#13687);
#10338=FILL_AREA_STYLE_COLOUR('',#13688);
#10339=LINE('',#13689,#13690);
#10340=FILL_AREA_STYLE_COLOUR('',#13691);
#10341=FILL_AREA_STYLE_COLOUR('',#13692);
#10342=LINE('',#13693,#13694);
#10343=FILL_AREA_STYLE_COLOUR('',#13695);
#10344=LINE('',#13696,#13697);
#10345=LINE('',#13698,#13699);
#10346=FILL_AREA_STYLE_COLOUR('',#13700);
#10347=FILL_AREA_STYLE_COLOUR('',#13701);
#10348=FILL_AREA_STYLE_COLOUR('',#13702);
#10349=FILL_AREA_STYLE_COLOUR('',#13703);
#10350=FILL_AREA_STYLE_COLOUR('',#13704);
#10351=FILL_AREA_STYLE_COLOUR('',#13705);
#10352=FILL_AREA_STYLE_COLOUR('',#13706);
#10353=VERTEX_POINT('',#13707);
#10354=VERTEX_POINT('',#13708);
#10355=LINE('',#13709,#13710);
#10356=VERTEX_POINT('',#13711);
#10357=CIRCLE('',#13712,1.85);
#10358=VERTEX_POINT('',#13713);
#10359=LINE('',#13714,#13715);
#10360=VERTEX_POINT('',#13716);
#10361=CIRCLE('',#13717,1.85);
#10362=VERTEX_POINT('',#13718);
#10363=LINE('',#13719,#13720);
#10364=VERTEX_POINT('',#13721);
#10365=CIRCLE('',#13722,1.85);
#10366=VERTEX_POINT('',#13723);
#10367=LINE('',#13724,#13725);
#10368=CIRCLE('',#13726,1.85);
#10369=FILL_AREA_STYLE_COLOUR('',#13727);
#10370=VERTEX_POINT('',#13728);
#10371=VERTEX_POINT('',#13729);
#10372=LINE('',#13730,#13731);
#10373=VERTEX_POINT('',#13732);
#10374=CIRCLE('',#13733,0.5);
#10375=VERTEX_POINT('',#13734);
#10376=LINE('',#13735,#13736);
#10377=CIRCLE('',#13737,0.5);
#10378=FILL_AREA_STYLE_COLOUR('',#13738);
#10379=VERTEX_POINT('',#13739);
#10380=VERTEX_POINT('',#13740);
#10381=LINE('',#13741,#13742);
#10382=VERTEX_POINT('',#13743);
#10383=CIRCLE('',#13744,1.45);
#10384=B_SPLINE_CURVE_WITH_KNOTS('',3,(#13745,#13746,#13747,#13748,#13749,#13750,#13751,#13752,#13753,#13754,#13755,#13756,#13757,#13758,#13759,#13760,#13761,#13762,#13763,#13764,#13765,#13766,#13767,#13768,#13769,#13770,#13771,#13772,#13773,#13774,#13775,#13776,#13777,#13778,#13779,#13780,#13781,#13782,#13783,#13784,#13785,#13786,#13787,#13788,#13789,#13790,#13791,#13792,#13793,#13794,#13795,#13796,#13797,#13798,#13799,#13800,#13801,#13802,#13803,#13804,#13805,#13806,#13807,#13808,#13809,#13810),.UNSPECIFIED.,.F.,.F.,(4,2,2,2,2,2,2,2,2,2,2,2,2,2,2,2,2,2,2,2,2,2,2,2,2,2,2,2,2,2,2,2,4),(4.03253057007938E-14,0.0509781889416397,0.10195635555309,0.152934512449961,0.203912674140606,0.254890858101114,0.305869086147579,0.356847386080785,0.40781716046256,0.458767120841721,0.509717030033767,0.5606669035635,0.611616759727611,0.662566620392812,0.713516511789624,0.764466465273581,0.815416517826273,0.866366570550176,0.917316524034118,0.968266415426233,1.01921627608208,1.07016613223686,1.12111600575727,1.1720659149479,1.22301587533358,1.27398564971723,1.3249639496384,1.37594217765504,1.42692036158488,1.47789852325255,1.52887668012647,1.57985484671984,1.63083303565251),.UNSPECIFIED.);
#10385=FILL_AREA_STYLE_COLOUR('',#13811);
#10386=VERTEX_POINT('',#13812);
#10387=VERTEX_POINT('',#13813);
#10388=LINE('',#13814,#13815);
#10389=VERTEX_POINT('',#13816);
#10390=LINE('',#13817,#13818);
#10391=VERTEX_POINT('',#13819);
#10392=LINE('',#13820,#13821);
#10393=VERTEX_POINT('',#13822);
#10394=LINE('',#13823,#13824);
#10395=VERTEX_POINT('',#13825);
#10396=LINE('',#13826,#13827);
#10397=VERTEX_POINT('',#13828);
#10398=LINE('',#13829,#13830);
#10399=VERTEX_POINT('',#13831);
#10400=ELLIPSE('',#13832,0.85134221798073,0.8);
#10401=VERTEX_POINT('',#13833);
#10402=LINE('',#13834,#13835);
#10403=VERTEX_POINT('',#13836);
#10404=LINE('',#13837,#13838);
#10405=VERTEX_POINT('',#13839);
#10406=ELLIPSE('',#13840,0.168704904832168,0.15);
#10407=VERTEX_POINT('',#13841);
#10408=LINE('',#13842,#13843);
#10409=VERTEX_POINT('',#13844);
#10410=ELLIPSE('',#13845,0.85134221798073,0.8);
#10411=VERTEX_POINT('',#13846);
#10412=LINE('',#13847,#13848);
#10413=VERTEX_POINT('',#13849);
#10414=LINE('',#13850,#13851);
#10415=VERTEX_POINT('',#13852);
#10416=LINE('',#13853,#13854);
#10417=VERTEX_POINT('',#13855);
#10418=LINE('',#13856,#13857);
#10419=LINE('',#13858,#13859);
#10420=FILL_AREA_STYLE_COLOUR('',#13860);
#10421=CIRCLE('',#13861,1.85);
#10422=VERTEX_POINT('',#13862);
#10423=VERTEX_POINT('',#13863);
#10424=LINE('',#13864,#13865);
#10425=VERTEX_POINT('',#13866);
#10426=LINE('',#13867,#13868);
#10427=VERTEX_POINT('',#13869);
#10428=LINE('',#13870,#13871);
#10429=LINE('',#13872,#13873);
#10430=FILL_AREA_STYLE_COLOUR('',#13874);
#10431=VERTEX_POINT('',#13875);
#10432=LINE('',#13876,#13877);
#10433=VERTEX_POINT('',#13878);
#10434=LINE('',#13879,#13880);
#10435=LINE('',#13881,#13882);
#10436=FILL_AREA_STYLE_COLOUR('',#13883);
#10437=VERTEX_POINT('',#13884);
#10438=LINE('',#13885,#13886);
#10439=VERTEX_POINT('',#13887);
#10440=LINE('',#13888,#13889);
#10441=LINE('',#13890,#13891);
#10442=VERTEX_POINT('',#13892);
#10443=LINE('',#13893,#13894);
#10444=VERTEX_POINT('',#13895);
#10445=LINE('',#13896,#13897);
#10446=VERTEX_POINT('',#13898);
#10447=LINE('',#13899,#13900);
#10448=VERTEX_POINT('',#13901);
#10449=LINE('',#13902,#13903);
#10450=VERTEX_POINT('',#13904);
#10451=LINE('',#13905,#13906);
#10452=VERTEX_POINT('',#13907);
#10453=LINE('',#13908,#13909);
#10454=VERTEX_POINT('',#13910);
#10455=LINE('',#13911,#13912);
#10456=VERTEX_POINT('',#13913);
#10457=LINE('',#13914,#13915);
#10458=LINE('',#13916,#13917);
#10459=FILL_AREA_STYLE_COLOUR('',#13918);
#10460=VERTEX_POINT('',#13919);
#10461=VERTEX_POINT('',#13920);
#10462=LINE('',#13921,#13922);
#10463=VERTEX_POINT('',#13923);
#10464=LINE('',#13924,#13925);
#10465=VERTEX_POINT('',#13926);
#10466=LINE('',#13927,#13928);
#10467=LINE('',#13929,#13930);
#10468=FILL_AREA_STYLE_COLOUR('',#13931);
#10469=LINE('',#13932,#13933);
#10470=LINE('',#13934,#13935);
#10471=FILL_AREA_STYLE_COLOUR('',#13936);
#10472=LINE('',#13937,#13938);
#10473=LINE('',#13939,#13940);
#10474=FILL_AREA_STYLE_COLOUR('',#13941);
#10475=LINE('',#13942,#13943);
#10476=LINE('',#13944,#13945);
#10477=FILL_AREA_STYLE_COLOUR('',#13946);
#10478=VERTEX_POINT('',#13947);
#10479=B_SPLINE_CURVE_WITH_KNOTS('',3,(#13948,#13949,#13950,#13951,#13952,#13953,#13954,#13955,#13956,#13957,#13958,#13959,#13960,#13961,#13962,#13963,#13964,#13965,#13966,#13967,#13968,#13969,#13970,#13971,#13972,#13973,#13974,#13975,#13976,#13977,#13978,#13979,#13980,#13981,#13982,#13983,#13984,#13985,#13986,#13987,#13988,#13989,#13990,#13991,#13992,#13993,#13994,#13995,#13996,#13997,#13998,#13999,#14000,#14001,#14002,#14003,#14004,#14005,#14006,#14007,#14008,#14009,#14010,#14011,#14012,#14013),.UNSPECIFIED.,.F.,.F.,(4,2,2,2,2,2,2,2,2,2,2,2,2,2,2,2,2,2,2,2,2,2,2,2,2,2,2,2,2,2,2,2,4),(4.03253057007938E-14,0.0509781889416397,0.10195635555309,0.152934512449961,0.203912674140606,0.254890858101114,0.305869086147579,0.356847386080785,0.40781716046256,0.458767120841721,0.509717030033767,0.5606669035635,0.611616759727611,0.662566620392812,0.713516511789624,0.764466465273581,0.815416517826273,0.866366570550176,0.917316524034118,0.968266415426233,1.01921627608208,1.07016613223686,1.12111600575727,1.1720659149479,1.22301587533358,1.27398564971723,1.3249639496384,1.37594217765504,1.42692036158488,1.47789852325255,1.52887668012647,1.57985484671984,1.63083303565251),.UNSPECIFIED.);
#10480=CIRCLE('',#14014,1.45);
#10481=FILL_AREA_STYLE_COLOUR('',#14015);
#10482=VERTEX_POINT('',#14016);
#10483=VERTEX_POINT('',#14017);
#10484=LINE('',#14018,#14019);
#10485=VERTEX_POINT('',#14020);
#10486=LINE('',#14021,#14022);
#10487=LINE('',#14023,#14024);
#10488=VERTEX_POINT('',#14025);
#10489=LINE('',#14026,#14027);
#10490=LINE('',#14028,#14029);
#10491=FILL_AREA_STYLE_COLOUR('',#14030);
#10492=VERTEX_POINT('',#14031);
#10493=CIRCLE('',#14032,0.799999999999989);
#10494=LINE('',#14033,#14034);
#10495=FILL_AREA_STYLE_COLOUR('',#14035);
#10496=VERTEX_POINT('',#14036);
#10497=VERTEX_POINT('',#14037);
#10498=LINE('',#14038,#14039);
#10499=VERTEX_POINT('',#14040);
#10500=LINE('',#14041,#14042);
#10501=VERTEX_POINT('',#14043);
#10502=LINE('',#14044,#14045);
#10503=VERTEX_POINT('',#14046);
#10504=CIRCLE('',#14047,0.2);
#10505=VERTEX_POINT('',#14048);
#10506=LINE('',#14049,#14050);
#10507=VERTEX_POINT('',#14051);
#10508=CIRCLE('',#14052,0.200000000000001);
#10509=VERTEX_POINT('',#14053);
#10510=LINE('',#14054,#14055);
#10511=LINE('',#14056,#14057);
#10512=FILL_AREA_STYLE_COLOUR('',#14058);
#10513=VERTEX_POINT('',#14059);
#10514=CIRCLE('',#14060,0.1);
#10515=VERTEX_POINT('',#14061);
#10516=LINE('',#14062,#14063);
#10517=CIRCLE('',#14064,0.0999999999999995);
#10518=FILL_AREA_STYLE_COLOUR('',#14065);
#10519=VERTEX_POINT('',#14066);
#10520=VERTEX_POINT('',#14067);
#10521=LINE('',#14068,#14069);
#10522=VERTEX_POINT('',#14070);
#10523=LINE('',#14071,#14072);
#10524=VERTEX_POINT('',#14073);
#10525=CIRCLE('',#14074,1.0);
#10526=VERTEX_POINT('',#14075);
#10527=LINE('',#14076,#14077);
#10528=VERTEX_POINT('',#14078);
#10529=CIRCLE('',#14079,0.199999999999999);
#10530=VERTEX_POINT('',#14080);
#10531=LINE('',#14081,#14082);
#10532=VERTEX_POINT('',#14083);
#10533=CIRCLE('',#14084,0.2);
#10534=VERTEX_POINT('',#14085);
#10535=LINE('',#14086,#14087);
#10536=VERTEX_POINT('',#14088);
#10537=LINE('',#14089,#14090);
#10538=VERTEX_POINT('',#14091);
#10539=LINE('',#14092,#14093);
#10540=VERTEX_POINT('',#14094);
#10541=LINE('',#14095,#14096);
#10542=VERTEX_POINT('',#14097);
#10543=LINE('',#14098,#14099);
#10544=VERTEX_POINT('',#14100);
#10545=LINE('',#14101,#14102);
#10546=VERTEX_POINT('',#14103);
#10547=B_SPLINE_CURVE_WITH_KNOTS('',3,(#14104,#14105,#14106,#14107,#14108,#14109,#14110,#14111,#14112,#14113,#14114,#14115,#14116,#14117,#14118,#14119,#14120,#14121,#14122,#14123,#14124,#14125,#14126,#14127,#14128,#14129,#14130,#14131,#14132,#14133,#14134,#14135,#14136,#14137,#14138,#14139,#14140,#14141,#14142,#14143,#14144,#14145,#14146,#14147,#14148,#14149,#14150,#14151,#14152,#14153,#14154,#14155,#14156,#14157,#14158,#14159,#14160,#14161,#14162,#14163,#14164,#14165,#14166,#14167,#14168,#14169,#14170),.UNSPECIFIED.,.F.,.F.,(4,3,3,3,3,3,3,3,3,3,3,3,3,3,3,3,3,3,3,3,3,3,4),(4.30241351348173E-11,0.0800350732974944,0.159982733033226,0.239808903991469,0.319766528787808,0.400095434925194,0.440266576537004,0.480385825729069,0.520426502192915,0.560377491045103,0.600298159262726,0.640348007205913,0.680515656236804,0.720764001274718,0.761045138282212,0.801303706859395,0.841479710320836,0.881511216984531,0.961329921701521,1.04132777487581,1.1215102726531,1.2017308404033,1.28172331489369),.UNSPECIFIED.);
#10548=VERTEX_POINT('',#14171);
#10549=LINE('',#14172,#14173);
#10550=LINE('',#14174,#14175);
#10551=FILL_AREA_STYLE_COLOUR('',#14176);
#10552=VERTEX_POINT('',#14177);
#10553=LINE('',#14178,#14179);
#10554=VERTEX_POINT('',#14180);
#10555=LINE('',#14181,#14182);
#10556=LINE('',#14183,#14184);
#10557=FILL_AREA_STYLE_COLOUR('',#14185);
#10558=VERTEX_POINT('',#14186);
#10559=LINE('',#14187,#14188);
#10560=VERTEX_POINT('',#14189);
#10561=LINE('',#14190,#14191);
#10562=LINE('',#14192,#14193);
#10563=FILL_AREA_STYLE_COLOUR('',#14194);
#10564=CIRCLE('',#14195,1.0);
#10565=FILL_AREA_STYLE_COLOUR('',#14196);
#10566=VERTEX_POINT('',#14197);
#10567=VERTEX_POINT('',#14198);
#10568=LINE('',#14199,#14200);
#10569=VERTEX_POINT('',#14201);
#10570=LINE('',#14202,#14203);
#10571=VERTEX_POINT('',#14204);
#10572=LINE('',#14205,#14206);
#10573=LINE('',#14207,#14208);
#10574=FILL_AREA_STYLE_COLOUR('',#14209);
#10575=VERTEX_POINT('',#14210);
#10576=LINE('',#14211,#14212);
#10577=VERTEX_POINT('',#14213);
#10578=LINE('',#14214,#14215);
#10579=LINE('',#14216,#14217);
#10580=FILL_AREA_STYLE_COLOUR('',#14218);
#10581=VERTEX_POINT('',#14219);
#10582=LINE('',#14220,#14221);
#10583=LINE('',#14222,#14223);
#10584=FILL_AREA_STYLE_COLOUR('',#14224);
#10585=VERTEX_POINT('',#14225);
#10586=LINE('',#14226,#14227);
#10587=LINE('',#14228,#14229);
#10588=FILL_AREA_STYLE_COLOUR('',#14230);
#10589=VERTEX_POINT('',#14231);
#10590=LINE('',#14232,#14233);
#10591=VERTEX_POINT('',#14234);
#10592=CIRCLE('',#14235,0.0999999999999095);
#10593=VERTEX_POINT('',#14236);
#10594=LINE('',#14237,#14238);
#10595=VERTEX_POINT('',#14239);
#10596=LINE('',#14240,#14241);
#10597=LINE('',#14242,#14243);
#10598=VERTEX_POINT('',#14244);
#10599=LINE('',#14245,#14246);
#10600=CIRCLE('',#14247,0.0999999999999615);
#10601=LINE('',#14248,#14249);
#10602=FILL_AREA_STYLE_COLOUR('',#14250);
#10603=VERTEX_POINT('',#14251);
#10604=LINE('',#14252,#14253);
#10605=LINE('',#14254,#14255);
#10606=FILL_AREA_STYLE_COLOUR('',#14256);
#10607=VERTEX_POINT('',#14257);
#10608=LINE('',#14258,#14259);
#10609=VERTEX_POINT('',#14260);
#10610=LINE('',#14261,#14262);
#10611=VERTEX_POINT('',#14263);
#10612=CIRCLE('',#14264,0.8);
#10613=VERTEX_POINT('',#14265);
#10614=LINE('',#14266,#14267);
#10615=VERTEX_POINT('',#14268);
#10616=CIRCLE('',#14269,0.8);
#10617=VERTEX_POINT('',#14270);
#10618=LINE('',#14271,#14272);
#10619=VERTEX_POINT('',#14273);
#10620=CIRCLE('',#14274,0.8);
#10621=VERTEX_POINT('',#14275);
#10622=LINE('',#14276,#14277);
#10623=VERTEX_POINT('',#14278);
#10624=LINE('',#14279,#14280);
#10625=VERTEX_POINT('',#14281);
#10626=LINE('',#14282,#14283);
#10627=VERTEX_POINT('',#14284);
#10628=CIRCLE('',#14285,0.1);
#10629=VERTEX_POINT('',#14286);
#10630=LINE('',#14287,#14288);
#10631=CIRCLE('',#14289,0.1);
#10632=FILL_AREA_STYLE_COLOUR('',#14290);
#10633=VERTEX_POINT('',#14291);
#10634=VERTEX_POINT('',#14292);
#10635=LINE('',#14293,#14294);
#10636=VERTEX_POINT('',#14295);
#10637=LINE('',#14296,#14297);
#10638=VERTEX_POINT('',#14298);
#10639=LINE('',#14299,#14300);
#10640=LINE('',#14301,#14302);
#10641=FILL_AREA_STYLE_COLOUR('',#14303);
#10642=VERTEX_POINT('',#14304);
#10643=LINE('',#14305,#14306);
#10644=VERTEX_POINT('',#14307);
#10645=LINE('',#14308,#14309);
#10646=LINE('',#14310,#14311);
#10647=LINE('',#14312,#14313);
#10648=FILL_AREA_STYLE_COLOUR('',#14314);
#10649=VERTEX_POINT('',#14315);
#10650=CIRCLE('',#14316,0.5);
#10651=VERTEX_POINT('',#14317);
#10652=LINE('',#14318,#14319);
#10653=CIRCLE('',#14320,0.5);
#10654=FILL_AREA_STYLE_COLOUR('',#14321);
#10655=LINE('',#14322,#14323);
#10656=LINE('',#14324,#14325);
#10657=FILL_AREA_STYLE_COLOUR('',#14326);
#10658=LINE('',#14327,#14328);
#10659=FILL_AREA_STYLE_COLOUR('',#14329);
#10660=VERTEX_POINT('',#14330);
#10661=LINE('',#14331,#14332);
#10662=VERTEX_POINT('',#14333);
#10663=LINE('',#14334,#14335);
#10664=LINE('',#14336,#14337);
#10665=FILL_AREA_STYLE_COLOUR('',#14338);
#10666=CIRCLE('',#14339,1.85);
#10667=FILL_AREA_STYLE_COLOUR('',#14340);
#10668=VERTEX_POINT('',#14341);
#10669=CIRCLE('',#14342,1.85);
#10670=LINE('',#14343,#14344);
#10671=FILL_AREA_STYLE_COLOUR('',#14345);
#10672=VERTEX_POINT('',#14346);
#10673=LINE('',#14347,#14348);
#10674=LINE('',#14349,#14350);
#10675=FILL_AREA_STYLE_COLOUR('',#14351);
#10676=CIRCLE('',#14352,1.85);
#10677=FILL_AREA_STYLE_COLOUR('',#14353);
#10678=FILL_AREA_STYLE_COLOUR('',#14354);
#10679=VERTEX_POINT('',#14355);
#10680=LINE('',#14356,#14357);
#10681=LINE('',#14358,#14359);
#10682=FILL_AREA_STYLE_COLOUR('',#14360);
#10683=LINE('',#14361,#14362);
#10684=FILL_AREA_STYLE_COLOUR('',#14363);
#10685=VERTEX_POINT('',#14364);
#10686=VERTEX_POINT('',#14365);
#10687=LINE('',#14366,#14367);
#10688=VERTEX_POINT('',#14368);
#10689=LINE('',#14369,#14370);
#10690=VERTEX_POINT('',#14371);
#10691=LINE('',#14372,#14373);
#10692=LINE('',#14374,#14375);
#10693=FILL_AREA_STYLE_COLOUR('',#14376);
#10694=VERTEX_POINT('',#14377);
#10695=LINE('',#14378,#14379);
#10696=VERTEX_POINT('',#14380);
#10697=LINE('',#14381,#14382);
#10698=LINE('',#14383,#14384);
#10699=FILL_AREA_STYLE_COLOUR('',#14385);
#10700=VERTEX_POINT('',#14386);
#10701=LINE('',#14387,#14388);
#10702=LINE('',#14389,#14390);
#10703=LINE('',#14391,#14392);
#10704=VERTEX_POINT('',#14393);
#10705=LINE('',#14394,#14395);
#10706=VERTEX_POINT('',#14396);
#10707=LINE('',#14397,#14398);
#10708=VERTEX_POINT('',#14399);
#10709=LINE('',#14400,#14401);
#10710=VERTEX_POINT('',#14402);
#10711=LINE('',#14403,#14404);
#10712=LINE('',#14405,#14406);
#10713=FILL_AREA_STYLE_COLOUR('',#14407);
#10714=LINE('',#14408,#14409);
#10715=FILL_AREA_STYLE_COLOUR('',#14410);
#10716=LINE('',#14411,#14412);
#10717=FILL_AREA_STYLE_COLOUR('',#14413);
#10718=VERTEX_POINT('',#14414);
#10719=LINE('',#14415,#14416);
#10720=LINE('',#14417,#14418);
#10721=FILL_AREA_STYLE_COLOUR('',#14419);
#10722=LINE('',#14420,#14421);
#10723=LINE('',#14422,#14423);
#10724=FILL_AREA_STYLE_COLOUR('',#14424);
#10725=VERTEX_POINT('',#14425);
#10726=LINE('',#14426,#14427);
#10727=VERTEX_POINT('',#14428);
#10728=LINE('',#14429,#14430);
#10729=LINE('',#14431,#14432);
#10730=FILL_AREA_STYLE_COLOUR('',#14433);
#10731=VERTEX_POINT('',#14434);
#10732=LINE('',#14435,#14436);
#10733=LINE('',#14437,#14438);
#10734=VERTEX_POINT('',#14439);
#10735=LINE('',#14440,#14441);
#10736=VERTEX_POINT('',#14442);
#10737=LINE('',#14443,#14444);
#10738=LINE('',#14445,#14446);
#10739=FILL_AREA_STYLE_COLOUR('',#14447);
#10740=LINE('',#14448,#14449);
#10741=FILL_AREA_STYLE_COLOUR('',#14450);
#10742=VERTEX_POINT('',#14451);
#10743=ELLIPSE('',#14452,0.812341289508596,0.8);
#10744=LINE('',#14453,#14454);
#10745=FILL_AREA_STYLE_COLOUR('',#14455);
#10746=FILL_AREA_STYLE_COLOUR('',#14456);
#10747=VERTEX_POINT('',#14457);
#10748=LINE('',#14458,#14459);
#10749=VERTEX_POINT('',#14460);
#10750=LINE('',#14461,#14462);
#10751=VERTEX_POINT('',#14463);
#10752=B_SPLINE_CURVE_WITH_KNOTS('',3,(#14464,#14465,#14466,#14467,#14468,#14469,#14470,#14471,#14472,#14473,#14474,#14475,#14476,#14477,#14478,#14479,#14480,#14481,#14482,#14483,#14484,#14485,#14486,#14487,#14488,#14489,#14490,#14491,#14492,#14493,#14494,#14495,#14496,#14497,#14498,#14499,#14500,#14501,#14502,#14503,#14504,#14505,#14506,#14507,#14508,#14509,#14510,#14511,#14512,#14513,#14514,#14515,#14516,#14517,#14518,#14519,#14520,#14521,#14522,#14523,#14524,#14525,#14526,#14527,#14528,#14529,#14530),.UNSPECIFIED.,.F.,.F.,(4,3,3,3,3,3,3,3,3,3,3,3,3,3,3,3,3,3,3,3,3,3,4),(4.30224815374934E-11,0.0800350732974933,0.159982733033222,0.239808903991465,0.319766528787805,0.400095434925188,0.440266576536996,0.480385825729061,0.520426502192909,0.560377491045097,0.60029815926272,0.640348007205908,0.680515656236799,0.720764001274712,0.761045138282214,0.801303706859404,0.841479710320849,0.881511216984545,0.961329921701535,1.04132777487582,1.12151027265312,1.20173084040332,1.28172331489371),.UNSPECIFIED.);
#10753=VERTEX_POINT('',#14531);
#10754=LINE('',#14532,#14533);
#10755=VERTEX_POINT('',#14534);
#10756=LINE('',#14535,#14536);
#10757=VERTEX_POINT('',#14537);
#10758=LINE('',#14538,#14539);
#10759=VERTEX_POINT('',#14540);
#10760=LINE('',#14541,#14542);
#10761=VERTEX_POINT('',#14543);
#10762=LINE('',#14544,#14545);
#10763=VERTEX_POINT('',#14546);
#10764=LINE('',#14547,#14548);
#10765=VERTEX_POINT('',#14549);
#10766=CIRCLE('',#14550,0.2);
#10767=VERTEX_POINT('',#14551);
#10768=LINE('',#14552,#14553);
#10769=CIRCLE('',#14554,0.199999999999999);
#10770=FILL_AREA_STYLE_COLOUR('',#14555);
#10771=VERTEX_POINT('',#14556);
#10772=LINE('',#14557,#14558);
#10773=VERTEX_POINT('',#14559);
#10774=LINE('',#14560,#14561);
#10775=VERTEX_POINT('',#14562);
#10776=CIRCLE('',#14563,0.1);
#10777=LINE('',#14564,#14565);
#10778=FILL_AREA_STYLE_COLOUR('',#14566);
#10779=VERTEX_POINT('',#14567);
#10780=LINE('',#14568,#14569);
#10781=LINE('',#14570,#14571);
#10782=LINE('',#14572,#14573);
#10783=LINE('',#14574,#14575);
#10784=FILL_AREA_STYLE_COLOUR('',#14576);
#10785=LINE('',#14577,#14578);
#10786=FILL_AREA_STYLE_COLOUR('',#14579);
#10787=VERTEX_POINT('',#14580);
#10788=LINE('',#14581,#14582);
#10789=LINE('',#14583,#14584);
#10790=FILL_AREA_STYLE_COLOUR('',#14585);
#10791=VERTEX_POINT('',#14586);
#10792=LINE('',#14587,#14588);
#10793=LINE('',#14589,#14590);
#10794=FILL_AREA_STYLE_COLOUR('',#14591);
#10795=LINE('',#14592,#14593);
#10796=LINE('',#14594,#14595);
#10797=FILL_AREA_STYLE_COLOUR('',#14596);
#10798=FILL_AREA_STYLE_COLOUR('',#14597);
#10799=VERTEX_POINT('',#14598);
#10800=VERTEX_POINT('',#14599);
#10801=LINE('',#14600,#14601);
#10802=LINE('',#14602,#14603);
#10803=LINE('',#14604,#14605);
#10804=FILL_AREA_STYLE_COLOUR('',#14606);
#10805=CIRCLE('',#14607,1.25);
#10806=FILL_AREA_STYLE_COLOUR('',#14608);
#10807=CIRCLE('',#14609,1.25);
#10808=FILL_AREA_STYLE_COLOUR('',#14610);
#10809=FILL_AREA_STYLE_COLOUR('',#14611);
#10810=VERTEX_POINT('',#14612);
#10811=LINE('',#14613,#14614);
#10812=VERTEX_POINT('',#14615);
#10813=LINE('',#14616,#14617);
#10814=VERTEX_POINT('',#14618);
#10815=LINE('',#14619,#14620);
#10816=LINE('',#14621,#14622);
#10817=FILL_AREA_STYLE_COLOUR('',#14623);
#10818=VERTEX_POINT('',#14624);
#10819=CIRCLE('',#14625,0.8);
#10820=VERTEX_POINT('',#14626);
#10821=CIRCLE('',#14627,0.15);
#10822=LINE('',#14628,#14629);
#10823=FILL_AREA_STYLE_COLOUR('',#14630);
#10824=VERTEX_POINT('',#14631);
#10825=LINE('',#14632,#14633);
#10826=VERTEX_POINT('',#14634);
#10827=B_SPLINE_CURVE_WITH_KNOTS('',3,(#14635,#14636,#14637,#14638),.UNSPECIFIED.,.F.,.F.,(4,4),(0.0,0.999999999999996),.UNSPECIFIED.);
#10828=LINE('',#14639,#14640);
#10829=FILL_AREA_STYLE_COLOUR('',#14641);
#10830=VERTEX_POINT('',#14642);
#10831=LINE('',#14643,#14644);
#10832=VERTEX_POINT('',#14645);
#10833=ELLIPSE('',#14646,0.154339019842384,0.15);
#10834=LINE('',#14647,#14648);
#10835=FILL_AREA_STYLE_COLOUR('',#14649);
#10836=VERTEX_POINT('',#14650);
#10837=LINE('',#14651,#14652);
#10838=ELLIPSE('',#14653,0.438570660024463,0.15);
#10839=ELLIPSE('',#14654,0.438570660024463,0.15);
#10840=FILL_AREA_STYLE_COLOUR('',#14655);
#10841=LINE('',#14656,#14657);
#10842=FILL_AREA_STYLE_COLOUR('',#14658);
#10843=CIRCLE('',#14659,1.25);
#10844=VERTEX_POINT('',#14660);
#10845=CIRCLE('',#14661,1.25);
#10846=VERTEX_POINT('',#14662);
#10847=B_SPLINE_CURVE_WITH_KNOTS('',3,(#14663,#14664,#14665,#14666,#14667,#14668,#14669,#14670,#14671,#14672,#14673,#14674,#14675,#14676,#14677,#14678,#14679,#14680,#14681,#14682,#14683,#14684,#14685,#14686,#14687,#14688,#14689,#14690,#14691,#14692,#14693,#14694,#14695,#14696,#14697,#14698,#14699,#14700,#14701,#14702,#14703,#14704,#14705),.UNSPECIFIED.,.F.,.F.,(4,3,3,3,3,3,3,3,3,3,3,3,3,3,4),(5.87468599261754E-15,0.0313385970800763,0.06265550462921,0.125256225398299,0.156553426306337,0.187850981563632,0.219146746805217,0.250443064785897,0.281739382766563,0.313035148008142,0.344332703265438,0.375629904173476,0.438230624942565,0.469547532491704,0.500886129571788),.UNSPECIFIED.);
#10848=CIRCLE('',#14706,1.25);
#10849=FILL_AREA_STYLE_COLOUR('',#14707);
#10850=FILL_AREA_STYLE_COLOUR('',#14708);
#10851=VERTEX_POINT('',#14709);
#10852=LINE('',#14710,#14711);
#10853=LINE('',#14712,#14713);
#10854=FILL_AREA_STYLE_COLOUR('',#14714);
#10855=LINE('',#14715,#14716);
#10856=FILL_AREA_STYLE_COLOUR('',#14717);
#10857=LINE('',#14718,#14719);
#10858=FILL_AREA_STYLE_COLOUR('',#14720);
#10859=VERTEX_POINT('',#14721);
#10860=LINE('',#14722,#14723);
#10861=VERTEX_POINT('',#14724);
#10862=LINE('',#14725,#14726);
#10863=LINE('',#14727,#14728);
#10864=FILL_AREA_STYLE_COLOUR('',#14729);
#10865=VERTEX_POINT('',#14730);
#10866=LINE('',#14731,#14732);
#10867=LINE('',#14733,#14734);
#10868=FILL_AREA_STYLE_COLOUR('',#14735);
#10869=LINE('',#14736,#14737);
#10870=FILL_AREA_STYLE_COLOUR('',#14738);
#10871=FILL_AREA_STYLE_COLOUR('',#14739);
#10872=VERTEX_POINT('',#14740);
#10873=LINE('',#14741,#14742);
#10874=VERTEX_POINT('',#14743);
#10875=CIRCLE('',#14744,0.800000000000001);
#10876=LINE('',#14745,#14746);
#10877=FILL_AREA_STYLE_COLOUR('',#14747);
#10878=LINE('',#14748,#14749);
#10879=FILL_AREA_STYLE_COLOUR('',#14750);
#10880=LINE('',#14751,#14752);
#10881=FILL_AREA_STYLE_COLOUR('',#14753);
#10882=FILL_AREA_STYLE_COLOUR('',#14754);
#10883=VERTEX_POINT('',#14755);
#10884=LINE('',#14756,#14757);
#10885=LINE('',#14758,#14759);
#10886=VERTEX_POINT('',#14760);
#10887=LINE('',#14761,#14762);
#10888=LINE('',#14763,#14764);
#10889=CIRCLE('',#14765,0.0999999999999996);
#10890=FILL_AREA_STYLE_COLOUR('',#14766);
#10891=VERTEX_POINT('',#14767);
#10892=LINE('',#14768,#14769);
#10893=ELLIPSE('',#14770,0.812341289508596,0.8);
#10894=FILL_AREA_STYLE_COLOUR('',#14771);
#10895=LINE('',#14772,#14773);
#10896=FILL_AREA_STYLE_COLOUR('',#14774);
#10897=LINE('',#14775,#14776);
#10898=VERTEX_POINT('',#14777);
#10899=LINE('',#14778,#14779);
#10900=LINE('',#14780,#14781);
#10901=FILL_AREA_STYLE_COLOUR('',#14782);
#10902=LINE('',#14783,#14784);
#10903=FILL_AREA_STYLE_COLOUR('',#14785);
#10904=LINE('',#14786,#14787);
#10905=FILL_AREA_STYLE_COLOUR('',#14788);
#10906=FILL_AREA_STYLE_COLOUR('',#14789);
#10907=LINE('',#14790,#14791);
#10908=FILL_AREA_STYLE_COLOUR('',#14792);
#10909=LINE('',#14793,#14794);
#10910=FILL_AREA_STYLE_COLOUR('',#14795);
#10911=CIRCLE('',#14796,0.200000000000001);
#10912=CIRCLE('',#14797,0.2);
#10913=LINE('',#14798,#14799);
#10914=LINE('',#14800,#14801);
#10915=FILL_AREA_STYLE_COLOUR('',#14802);
#10916=FILL_AREA_STYLE_COLOUR('',#14803);
#10917=FILL_AREA_STYLE_COLOUR('',#14804);
#10918=FILL_AREA_STYLE_COLOUR('',#14805);
#10919=FILL_AREA_STYLE_COLOUR('',#14806);
#10920=FILL_AREA_STYLE_COLOUR('',#14807);
#10921=FILL_AREA_STYLE_COLOUR('',#14808);
#10922=FILL_AREA_STYLE_COLOUR('',#14809);
#10923=FILL_AREA_STYLE_COLOUR('',#14810);
#10924=FILL_AREA_STYLE_COLOUR('',#14811);
#10925=VERTEX_POINT('',#14812);
#10926=VERTEX_POINT('',#14813);
#10927=LINE('',#14814,#14815);
#10928=VERTEX_POINT('',#14816);
#10929=CIRCLE('',#14817,1.85);
#10930=VERTEX_POINT('',#14818);
#10931=LINE('',#14819,#14820);
#10932=VERTEX_POINT('',#14821);
#10933=CIRCLE('',#14822,1.85);
#10934=VERTEX_POINT('',#14823);
#10935=LINE('',#14824,#14825);
#10936=VERTEX_POINT('',#14826);
#10937=CIRCLE('',#14827,1.85);
#10938=VERTEX_POINT('',#14828);
#10939=LINE('',#14829,#14830);
#10940=CIRCLE('',#14831,1.85);
#10941=FILL_AREA_STYLE_COLOUR('',#14832);
#10942=VERTEX_POINT('',#14833);
#10943=VERTEX_POINT('',#14834);
#10944=LINE('',#14835,#14836);
#10945=VERTEX_POINT('',#14837);
#10946=CIRCLE('',#14838,0.5);
#10947=VERTEX_POINT('',#14839);
#10948=LINE('',#14840,#14841);
#10949=CIRCLE('',#14842,0.5);
#10950=FILL_AREA_STYLE_COLOUR('',#14843);
#10951=VERTEX_POINT('',#14844);
#10952=VERTEX_POINT('',#14845);
#10953=LINE('',#14846,#14847);
#10954=VERTEX_POINT('',#14848);
#10955=CIRCLE('',#14849,1.45);
#10956=B_SPLINE_CURVE_WITH_KNOTS('',3,(#14850,#14851,#14852,#14853,#14854,#14855,#14856,#14857,#14858,#14859,#14860,#14861,#14862,#14863,#14864,#14865,#14866,#14867,#14868,#14869,#14870,#14871,#14872,#14873,#14874,#14875,#14876,#14877,#14878,#14879,#14880,#14881,#14882,#14883,#14884,#14885,#14886,#14887,#14888,#14889,#14890,#14891,#14892,#14893,#14894,#14895,#14896,#14897,#14898,#14899,#14900,#14901,#14902,#14903,#14904,#14905,#14906,#14907,#14908,#14909,#14910,#14911,#14912,#14913,#14914,#14915),.UNSPECIFIED.,.F.,.F.,(4,2,2,2,2,2,2,2,2,2,2,2,2,2,2,2,2,2,2,2,2,2,2,2,2,2,2,2,2,2,2,2,4),(4.03253057007938E-14,0.0509781889416397,0.10195635555309,0.152934512449961,0.203912674140606,0.254890858101114,0.305869086147579,0.356847386080785,0.40781716046256,0.458767120841721,0.509717030033767,0.5606669035635,0.611616759727611,0.662566620392812,0.713516511789624,0.764466465273581,0.815416517826273,0.866366570550176,0.917316524034118,0.968266415426233,1.01921627608208,1.07016613223686,1.12111600575727,1.1720659149479,1.22301587533358,1.27398564971723,1.3249639496384,1.37594217765504,1.42692036158488,1.47789852325255,1.52887668012647,1.57985484671984,1.63083303565251),.UNSPECIFIED.);
#10957=FILL_AREA_STYLE_COLOUR('',#14916);
#10958=VERTEX_POINT('',#14917);
#10959=VERTEX_POINT('',#14918);
#10960=LINE('',#14919,#14920);
#10961=VERTEX_POINT('',#14921);
#10962=LINE('',#14922,#14923);
#10963=VERTEX_POINT('',#14924);
#10964=LINE('',#14925,#14926);
#10965=VERTEX_POINT('',#14927);
#10966=LINE('',#14928,#14929);
#10967=VERTEX_POINT('',#14930);
#10968=LINE('',#14931,#14932);
#10969=VERTEX_POINT('',#14933);
#10970=LINE('',#14934,#14935);
#10971=VERTEX_POINT('',#14936);
#10972=ELLIPSE('',#14937,0.85134221798073,0.8);
#10973=VERTEX_POINT('',#14938);
#10974=LINE('',#14939,#14940);
#10975=VERTEX_POINT('',#14941);
#10976=LINE('',#14942,#14943);
#10977=VERTEX_POINT('',#14944);
#10978=ELLIPSE('',#14945,0.168704904832168,0.15);
#10979=VERTEX_POINT('',#14946);
#10980=LINE('',#14947,#14948);
#10981=VERTEX_POINT('',#14949);
#10982=ELLIPSE('',#14950,0.85134221798073,0.8);
#10983=VERTEX_POINT('',#14951);
#10984=LINE('',#14952,#14953);
#10985=VERTEX_POINT('',#14954);
#10986=LINE('',#14955,#14956);
#10987=VERTEX_POINT('',#14957);
#10988=LINE('',#14958,#14959);
#10989=VERTEX_POINT('',#14960);
#10990=LINE('',#14961,#14962);
#10991=LINE('',#14963,#14964);
#10992=FILL_AREA_STYLE_COLOUR('',#14965);
#10993=CIRCLE('',#14966,1.85);
#10994=VERTEX_POINT('',#14967);
#10995=VERTEX_POINT('',#14968);
#10996=LINE('',#14969,#14970);
#10997=VERTEX_POINT('',#14971);
#10998=LINE('',#14972,#14973);
#10999=VERTEX_POINT('',#14974);
#11000=LINE('',#14975,#14976);
#11001=LINE('',#14977,#14978);
#11002=FILL_AREA_STYLE_COLOUR('',#14979);
#11003=VERTEX_POINT('',#14980);
#11004=LINE('',#14981,#14982);
#11005=VERTEX_POINT('',#14983);
#11006=LINE('',#14984,#14985);
#11007=LINE('',#14986,#14987);
#11008=FILL_AREA_STYLE_COLOUR('',#14988);
#11009=VERTEX_POINT('',#14989);
#11010=LINE('',#14990,#14991);
#11011=VERTEX_POINT('',#14992);
#11012=LINE('',#14993,#14994);
#11013=LINE('',#14995,#14996);
#11014=VERTEX_POINT('',#14997);
#11015=LINE('',#14998,#14999);
#11016=VERTEX_POINT('',#15000);
#11017=LINE('',#15001,#15002);
#11018=VERTEX_POINT('',#15003);
#11019=LINE('',#15004,#15005);
#11020=VERTEX_POINT('',#15006);
#11021=LINE('',#15007,#15008);
#11022=VERTEX_POINT('',#15009);
#11023=LINE('',#15010,#15011);
#11024=VERTEX_POINT('',#15012);
#11025=LINE('',#15013,#15014);
#11026=VERTEX_POINT('',#15015);
#11027=LINE('',#15016,#15017);
#11028=VERTEX_POINT('',#15018);
#11029=LINE('',#15019,#15020);
#11030=LINE('',#15021,#15022);
#11031=FILL_AREA_STYLE_COLOUR('',#15023);
#11032=VERTEX_POINT('',#15024);
#11033=VERTEX_POINT('',#15025);
#11034=LINE('',#15026,#15027);
#11035=VERTEX_POINT('',#15028);
#11036=LINE('',#15029,#15030);
#11037=VERTEX_POINT('',#15031);
#11038=LINE('',#15032,#15033);
#11039=LINE('',#15034,#15035);
#11040=FILL_AREA_STYLE_COLOUR('',#15036);
#11041=LINE('',#15037,#15038);
#11042=LINE('',#15039,#15040);
#11043=FILL_AREA_STYLE_COLOUR('',#15041);
#11044=LINE('',#15042,#15043);
#11045=LINE('',#15044,#15045);
#11046=FILL_AREA_STYLE_COLOUR('',#15046);
#11047=LINE('',#15047,#15048);
#11048=LINE('',#15049,#15050);
#11049=FILL_AREA_STYLE_COLOUR('',#15051);
#11050=VERTEX_POINT('',#15052);
#11051=B_SPLINE_CURVE_WITH_KNOTS('',3,(#15053,#15054,#15055,#15056,#15057,#15058,#15059,#15060,#15061,#15062,#15063,#15064,#15065,#15066,#15067,#15068,#15069,#15070,#15071,#15072,#15073,#15074,#15075,#15076,#15077,#15078,#15079,#15080,#15081,#15082,#15083,#15084,#15085,#15086,#15087,#15088,#15089,#15090,#15091,#15092,#15093,#15094,#15095,#15096,#15097,#15098,#15099,#15100,#15101,#15102,#15103,#15104,#15105,#15106,#15107,#15108,#15109,#15110,#15111,#15112,#15113,#15114,#15115,#15116,#15117,#15118),.UNSPECIFIED.,.F.,.F.,(4,2,2,2,2,2,2,2,2,2,2,2,2,2,2,2,2,2,2,2,2,2,2,2,2,2,2,2,2,2,2,2,4),(4.03253057007938E-14,0.0509781889416397,0.10195635555309,0.152934512449961,0.203912674140606,0.254890858101114,0.305869086147579,0.356847386080785,0.40781716046256,0.458767120841721,0.509717030033767,0.5606669035635,0.611616759727611,0.662566620392812,0.713516511789624,0.764466465273581,0.815416517826273,0.866366570550176,0.917316524034118,0.968266415426233,1.01921627608208,1.07016613223686,1.12111600575727,1.1720659149479,1.22301587533358,1.27398564971723,1.3249639496384,1.37594217765504,1.42692036158488,1.47789852325255,1.52887668012647,1.57985484671984,1.63083303565251),.UNSPECIFIED.);
#11052=CIRCLE('',#15119,1.45);
#11053=FILL_AREA_STYLE_COLOUR('',#15120);
#11054=VERTEX_POINT('',#15121);
#11055=VERTEX_POINT('',#15122);
#11056=LINE('',#15123,#15124);
#11057=VERTEX_POINT('',#15125);
#11058=LINE('',#15126,#15127);
#11059=LINE('',#15128,#15129);
#11060=VERTEX_POINT('',#15130);
#11061=LINE('',#15131,#15132);
#11062=LINE('',#15133,#15134);
#11063=FILL_AREA_STYLE_COLOUR('',#15135);
#11064=VERTEX_POINT('',#15136);
#11065=CIRCLE('',#15137,0.799999999999989);
#11066=LINE('',#15138,#15139);
#11067=FILL_AREA_STYLE_COLOUR('',#15140);
#11068=VERTEX_POINT('',#15141);
#11069=VERTEX_POINT('',#15142);
#11070=LINE('',#15143,#15144);
#11071=VERTEX_POINT('',#15145);
#11072=LINE('',#15146,#15147);
#11073=VERTEX_POINT('',#15148);
#11074=LINE('',#15149,#15150);
#11075=VERTEX_POINT('',#15151);
#11076=CIRCLE('',#15152,0.2);
#11077=VERTEX_POINT('',#15153);
#11078=LINE('',#15154,#15155);
#11079=VERTEX_POINT('',#15156);
#11080=CIRCLE('',#15157,0.200000000000001);
#11081=VERTEX_POINT('',#15158);
#11082=LINE('',#15159,#15160);
#11083=LINE('',#15161,#15162);
#11084=FILL_AREA_STYLE_COLOUR('',#15163);
#11085=VERTEX_POINT('',#15164);
#11086=CIRCLE('',#15165,0.1);
#11087=VERTEX_POINT('',#15166);
#11088=LINE('',#15167,#15168);
#11089=CIRCLE('',#15169,0.0999999999999995);
#11090=FILL_AREA_STYLE_COLOUR('',#15170);
#11091=VERTEX_POINT('',#15171);
#11092=VERTEX_POINT('',#15172);
#11093=LINE('',#15173,#15174);
#11094=VERTEX_POINT('',#15175);
#11095=LINE('',#15176,#15177);
#11096=VERTEX_POINT('',#15178);
#11097=CIRCLE('',#15179,1.0);
#11098=VERTEX_POINT('',#15180);
#11099=LINE('',#15181,#15182);
#11100=VERTEX_POINT('',#15183);
#11101=CIRCLE('',#15184,0.199999999999999);
#11102=VERTEX_POINT('',#15185);
#11103=LINE('',#15186,#15187);
#11104=VERTEX_POINT('',#15188);
#11105=CIRCLE('',#15189,0.2);
#11106=VERTEX_POINT('',#15190);
#11107=LINE('',#15191,#15192);
#11108=VERTEX_POINT('',#15193);
#11109=LINE('',#15194,#15195);
#11110=VERTEX_POINT('',#15196);
#11111=LINE('',#15197,#15198);
#11112=VERTEX_POINT('',#15199);
#11113=LINE('',#15200,#15201);
#11114=VERTEX_POINT('',#15202);
#11115=LINE('',#15203,#15204);
#11116=VERTEX_POINT('',#15205);
#11117=LINE('',#15206,#15207);
#11118=VERTEX_POINT('',#15208);
#11119=B_SPLINE_CURVE_WITH_KNOTS('',3,(#15209,#15210,#15211,#15212,#15213,#15214,#15215,#15216,#15217,#15218,#15219,#15220,#15221,#15222,#15223,#15224,#15225,#15226,#15227,#15228,#15229,#15230,#15231,#15232,#15233,#15234,#15235,#15236,#15237,#15238,#15239,#15240,#15241,#15242,#15243,#15244,#15245,#15246,#15247,#15248,#15249,#15250,#15251,#15252,#15253,#15254,#15255,#15256,#15257,#15258,#15259,#15260,#15261,#15262,#15263,#15264,#15265,#15266,#15267,#15268,#15269,#15270,#15271,#15272,#15273,#15274,#15275),.UNSPECIFIED.,.F.,.F.,(4,3,3,3,3,3,3,3,3,3,3,3,3,3,3,3,3,3,3,3,3,3,4),(4.30241351348173E-11,0.0800350732974944,0.159982733033226,0.239808903991469,0.319766528787808,0.400095434925194,0.440266576537004,0.480385825729069,0.520426502192915,0.560377491045103,0.600298159262726,0.640348007205913,0.680515656236804,0.720764001274718,0.761045138282212,0.801303706859395,0.841479710320836,0.881511216984531,0.961329921701521,1.04132777487581,1.1215102726531,1.2017308404033,1.28172331489369),.UNSPECIFIED.);
#11120=VERTEX_POINT('',#15276);
#11121=LINE('',#15277,#15278);
#11122=LINE('',#15279,#15280);
#11123=FILL_AREA_STYLE_COLOUR('',#15281);
#11124=VERTEX_POINT('',#15282);
#11125=LINE('',#15283,#15284);
#11126=VERTEX_POINT('',#15285);
#11127=LINE('',#15286,#15287);
#11128=LINE('',#15288,#15289);
#11129=FILL_AREA_STYLE_COLOUR('',#15290);
#11130=VERTEX_POINT('',#15291);
#11131=LINE('',#15292,#15293);
#11132=VERTEX_POINT('',#15294);
#11133=LINE('',#15295,#15296);
#11134=LINE('',#15297,#15298);
#11135=FILL_AREA_STYLE_COLOUR('',#15299);
#11136=CIRCLE('',#15300,1.0);
#11137=FILL_AREA_STYLE_COLOUR('',#15301);
#11138=VERTEX_POINT('',#15302);
#11139=VERTEX_POINT('',#15303);
#11140=LINE('',#15304,#15305);
#11141=VERTEX_POINT('',#15306);
#11142=LINE('',#15307,#15308);
#11143=VERTEX_POINT('',#15309);
#11144=LINE('',#15310,#15311);
#11145=LINE('',#15312,#15313);
#11146=FILL_AREA_STYLE_COLOUR('',#15314);
#11147=VERTEX_POINT('',#15315);
#11148=LINE('',#15316,#15317);
#11149=VERTEX_POINT('',#15318);
#11150=LINE('',#15319,#15320);
#11151=LINE('',#15321,#15322);
#11152=FILL_AREA_STYLE_COLOUR('',#15323);
#11153=VERTEX_POINT('',#15324);
#11154=LINE('',#15325,#15326);
#11155=LINE('',#15327,#15328);
#11156=FILL_AREA_STYLE_COLOUR('',#15329);
#11157=VERTEX_POINT('',#15330);
#11158=LINE('',#15331,#15332);
#11159=LINE('',#15333,#15334);
#11160=FILL_AREA_STYLE_COLOUR('',#15335);
#11161=VERTEX_POINT('',#15336);
#11162=LINE('',#15337,#15338);
#11163=VERTEX_POINT('',#15339);
#11164=CIRCLE('',#15340,0.0999999999999095);
#11165=VERTEX_POINT('',#15341);
#11166=LINE('',#15342,#15343);
#11167=VERTEX_POINT('',#15344);
#11168=LINE('',#15345,#15346);
#11169=LINE('',#15347,#15348);
#11170=VERTEX_POINT('',#15349);
#11171=LINE('',#15350,#15351);
#11172=CIRCLE('',#15352,0.0999999999999615);
#11173=LINE('',#15353,#15354);
#11174=FILL_AREA_STYLE_COLOUR('',#15355);
#11175=VERTEX_POINT('',#15356);
#11176=LINE('',#15357,#15358);
#11177=LINE('',#15359,#15360);
#11178=FILL_AREA_STYLE_COLOUR('',#15361);
#11179=VERTEX_POINT('',#15362);
#11180=LINE('',#15363,#15364);
#11181=VERTEX_POINT('',#15365);
#11182=LINE('',#15366,#15367);
#11183=VERTEX_POINT('',#15368);
#11184=CIRCLE('',#15369,0.8);
#11185=VERTEX_POINT('',#15370);
#11186=LINE('',#15371,#15372);
#11187=VERTEX_POINT('',#15373);
#11188=CIRCLE('',#15374,0.8);
#11189=VERTEX_POINT('',#15375);
#11190=LINE('',#15376,#15377);
#11191=VERTEX_POINT('',#15378);
#11192=CIRCLE('',#15379,0.8);
#11193=VERTEX_POINT('',#15380);
#11194=LINE('',#15381,#15382);
#11195=VERTEX_POINT('',#15383);
#11196=LINE('',#15384,#15385);
#11197=VERTEX_POINT('',#15386);
#11198=LINE('',#15387,#15388);
#11199=VERTEX_POINT('',#15389);
#11200=CIRCLE('',#15390,0.1);
#11201=VERTEX_POINT('',#15391);
#11202=LINE('',#15392,#15393);
#11203=CIRCLE('',#15394,0.1);
#11204=FILL_AREA_STYLE_COLOUR('',#15395);
#11205=VERTEX_POINT('',#15396);
#11206=VERTEX_POINT('',#15397);
#11207=LINE('',#15398,#15399);
#11208=VERTEX_POINT('',#15400);
#11209=LINE('',#15401,#15402);
#11210=VERTEX_POINT('',#15403);
#11211=LINE('',#15404,#15405);
#11212=LINE('',#15406,#15407);
#11213=FILL_AREA_STYLE_COLOUR('',#15408);
#11214=VERTEX_POINT('',#15409);
#11215=LINE('',#15410,#15411);
#11216=VERTEX_POINT('',#15412);
#11217=LINE('',#15413,#15414);
#11218=LINE('',#15415,#15416);
#11219=LINE('',#15417,#15418);
#11220=FILL_AREA_STYLE_COLOUR('',#15419);
#11221=VERTEX_POINT('',#15420);
#11222=CIRCLE('',#15421,0.5);
#11223=VERTEX_POINT('',#15422);
#11224=LINE('',#15423,#15424);
#11225=CIRCLE('',#15425,0.5);
#11226=FILL_AREA_STYLE_COLOUR('',#15426);
#11227=LINE('',#15427,#15428);
#11228=LINE('',#15429,#15430);
#11229=FILL_AREA_STYLE_COLOUR('',#15431);
#11230=LINE('',#15432,#15433);
#11231=FILL_AREA_STYLE_COLOUR('',#15434);
#11232=VERTEX_POINT('',#15435);
#11233=LINE('',#15436,#15437);
#11234=VERTEX_POINT('',#15438);
#11235=LINE('',#15439,#15440);
#11236=LINE('',#15441,#15442);
#11237=FILL_AREA_STYLE_COLOUR('',#15443);
#11238=CIRCLE('',#15444,1.85);
#11239=FILL_AREA_STYLE_COLOUR('',#15445);
#11240=VERTEX_POINT('',#15446);
#11241=CIRCLE('',#15447,1.85);
#11242=LINE('',#15448,#15449);
#11243=FILL_AREA_STYLE_COLOUR('',#15450);
#11244=VERTEX_POINT('',#15451);
#11245=LINE('',#15452,#15453);
#11246=LINE('',#15454,#15455);
#11247=FILL_AREA_STYLE_COLOUR('',#15456);
#11248=CIRCLE('',#15457,1.85);
#11249=FILL_AREA_STYLE_COLOUR('',#15458);
#11250=FILL_AREA_STYLE_COLOUR('',#15459);
#11251=VERTEX_POINT('',#15460);
#11252=LINE('',#15461,#15462);
#11253=LINE('',#15463,#15464);
#11254=FILL_AREA_STYLE_COLOUR('',#15465);
#11255=LINE('',#15466,#15467);
#11256=FILL_AREA_STYLE_COLOUR('',#15468);
#11257=VERTEX_POINT('',#15469);
#11258=VERTEX_POINT('',#15470);
#11259=LINE('',#15471,#15472);
#11260=VERTEX_POINT('',#15473);
#11261=LINE('',#15474,#15475);
#11262=VERTEX_POINT('',#15476);
#11263=LINE('',#15477,#15478);
#11264=LINE('',#15479,#15480);
#11265=FILL_AREA_STYLE_COLOUR('',#15481);
#11266=VERTEX_POINT('',#15482);
#11267=LINE('',#15483,#15484);
#11268=VERTEX_POINT('',#15485);
#11269=LINE('',#15486,#15487);
#11270=LINE('',#15488,#15489);
#11271=FILL_AREA_STYLE_COLOUR('',#15490);
#11272=VERTEX_POINT('',#15491);
#11273=LINE('',#15492,#15493);
#11274=LINE('',#15494,#15495);
#11275=LINE('',#15496,#15497);
#11276=VERTEX_POINT('',#15498);
#11277=LINE('',#15499,#15500);
#11278=VERTEX_POINT('',#15501);
#11279=LINE('',#15502,#15503);
#11280=VERTEX_POINT('',#15504);
#11281=LINE('',#15505,#15506);
#11282=VERTEX_POINT('',#15507);
#11283=LINE('',#15508,#15509);
#11284=LINE('',#15510,#15511);
#11285=FILL_AREA_STYLE_COLOUR('',#15512);
#11286=LINE('',#15513,#15514);
#11287=FILL_AREA_STYLE_COLOUR('',#15515);
#11288=LINE('',#15516,#15517);
#11289=FILL_AREA_STYLE_COLOUR('',#15518);
#11290=VERTEX_POINT('',#15519);
#11291=LINE('',#15520,#15521);
#11292=LINE('',#15522,#15523);
#11293=FILL_AREA_STYLE_COLOUR('',#15524);
#11294=LINE('',#15525,#15526);
#11295=LINE('',#15527,#15528);
#11296=FILL_AREA_STYLE_COLOUR('',#15529);
#11297=VERTEX_POINT('',#15530);
#11298=LINE('',#15531,#15532);
#11299=VERTEX_POINT('',#15533);
#11300=LINE('',#15534,#15535);
#11301=LINE('',#15536,#15537);
#11302=FILL_AREA_STYLE_COLOUR('',#15538);
#11303=VERTEX_POINT('',#15539);
#11304=LINE('',#15540,#15541);
#11305=LINE('',#15542,#15543);
#11306=VERTEX_POINT('',#15544);
#11307=LINE('',#15545,#15546);
#11308=VERTEX_POINT('',#15547);
#11309=LINE('',#15548,#15549);
#11310=LINE('',#15550,#15551);
#11311=FILL_AREA_STYLE_COLOUR('',#15552);
#11312=LINE('',#15553,#15554);
#11313=FILL_AREA_STYLE_COLOUR('',#15555);
#11314=VERTEX_POINT('',#15556);
#11315=ELLIPSE('',#15557,0.812341289508596,0.8);
#11316=LINE('',#15558,#15559);
#11317=FILL_AREA_STYLE_COLOUR('',#15560);
#11318=FILL_AREA_STYLE_COLOUR('',#15561);
#11319=VERTEX_POINT('',#15562);
#11320=LINE('',#15563,#15564);
#11321=VERTEX_POINT('',#15565);
#11322=LINE('',#15566,#15567);
#11323=VERTEX_POINT('',#15568);
#11324=B_SPLINE_CURVE_WITH_KNOTS('',3,(#15569,#15570,#15571,#15572,#15573,#15574,#15575,#15576,#15577,#15578,#15579,#15580,#15581,#15582,#15583,#15584,#15585,#15586,#15587,#15588,#15589,#15590,#15591,#15592,#15593,#15594,#15595,#15596,#15597,#15598,#15599,#15600,#15601,#15602,#15603,#15604,#15605,#15606,#15607,#15608,#15609,#15610,#15611,#15612,#15613,#15614,#15615,#15616,#15617,#15618,#15619,#15620,#15621,#15622,#15623,#15624,#15625,#15626,#15627,#15628,#15629,#15630,#15631,#15632,#15633,#15634,#15635),.UNSPECIFIED.,.F.,.F.,(4,3,3,3,3,3,3,3,3,3,3,3,3,3,3,3,3,3,3,3,3,3,4),(4.30224815374934E-11,0.0800350732974933,0.159982733033222,0.239808903991465,0.319766528787805,0.400095434925188,0.440266576536996,0.480385825729061,0.520426502192909,0.560377491045097,0.60029815926272,0.640348007205908,0.680515656236799,0.720764001274712,0.761045138282214,0.801303706859404,0.841479710320849,0.881511216984545,0.961329921701535,1.04132777487582,1.12151027265312,1.20173084040332,1.28172331489371),.UNSPECIFIED.);
#11325=VERTEX_POINT('',#15636);
#11326=LINE('',#15637,#15638);
#11327=VERTEX_POINT('',#15639);
#11328=LINE('',#15640,#15641);
#11329=VERTEX_POINT('',#15642);
#11330=LINE('',#15643,#15644);
#11331=VERTEX_POINT('',#15645);
#11332=LINE('',#15646,#15647);
#11333=VERTEX_POINT('',#15648);
#11334=LINE('',#15649,#15650);
#11335=VERTEX_POINT('',#15651);
#11336=LINE('',#15652,#15653);
#11337=VERTEX_POINT('',#15654);
#11338=CIRCLE('',#15655,0.2);
#11339=VERTEX_POINT('',#15656);
#11340=LINE('',#15657,#15658);
#11341=CIRCLE('',#15659,0.199999999999999);
#11342=FILL_AREA_STYLE_COLOUR('',#15660);
#11343=VERTEX_POINT('',#15661);
#11344=LINE('',#15662,#15663);
#11345=VERTEX_POINT('',#15664);
#11346=LINE('',#15665,#15666);
#11347=VERTEX_POINT('',#15667);
#11348=CIRCLE('',#15668,0.1);
#11349=LINE('',#15669,#15670);
#11350=FILL_AREA_STYLE_COLOUR('',#15671);
#11351=VERTEX_POINT('',#15672);
#11352=LINE('',#15673,#15674);
#11353=LINE('',#15675,#15676);
#11354=LINE('',#15677,#15678);
#11355=LINE('',#15679,#15680);
#11356=FILL_AREA_STYLE_COLOUR('',#15681);
#11357=LINE('',#15682,#15683);
#11358=FILL_AREA_STYLE_COLOUR('',#15684);
#11359=VERTEX_POINT('',#15685);
#11360=LINE('',#15686,#15687);
#11361=LINE('',#15688,#15689);
#11362=FILL_AREA_STYLE_COLOUR('',#15690);
#11363=VERTEX_POINT('',#15691);
#11364=LINE('',#15692,#15693);
#11365=LINE('',#15694,#15695);
#11366=FILL_AREA_STYLE_COLOUR('',#15696);
#11367=LINE('',#15697,#15698);
#11368=LINE('',#15699,#15700);
#11369=FILL_AREA_STYLE_COLOUR('',#15701);
#11370=FILL_AREA_STYLE_COLOUR('',#15702);
#11371=VERTEX_POINT('',#15703);
#11372=VERTEX_POINT('',#15704);
#11373=LINE('',#15705,#15706);
#11374=LINE('',#15707,#15708);
#11375=LINE('',#15709,#15710);
#11376=FILL_AREA_STYLE_COLOUR('',#15711);
#11377=CIRCLE('',#15712,1.25);
#11378=FILL_AREA_STYLE_COLOUR('',#15713);
#11379=CIRCLE('',#15714,1.25);
#11380=FILL_AREA_STYLE_COLOUR('',#15715);
#11381=FILL_AREA_STYLE_COLOUR('',#15716);
#11382=VERTEX_POINT('',#15717);
#11383=LINE('',#15718,#15719);
#11384=VERTEX_POINT('',#15720);
#11385=LINE('',#15721,#15722);
#11386=VERTEX_POINT('',#15723);
#11387=LINE('',#15724,#15725);
#11388=LINE('',#15726,#15727);
#11389=FILL_AREA_STYLE_COLOUR('',#15728);
#11390=VERTEX_POINT('',#15729);
#11391=CIRCLE('',#15730,0.8);
#11392=VERTEX_POINT('',#15731);
#11393=CIRCLE('',#15732,0.15);
#11394=LINE('',#15733,#15734);
#11395=FILL_AREA_STYLE_COLOUR('',#15735);
#11396=VERTEX_POINT('',#15736);
#11397=LINE('',#15737,#15738);
#11398=VERTEX_POINT('',#15739);
#11399=B_SPLINE_CURVE_WITH_KNOTS('',3,(#15740,#15741,#15742,#15743),.UNSPECIFIED.,.F.,.F.,(4,4),(0.0,0.999999999999996),.UNSPECIFIED.);
#11400=LINE('',#15744,#15745);
#11401=FILL_AREA_STYLE_COLOUR('',#15746);
#11402=VERTEX_POINT('',#15747);
#11403=LINE('',#15748,#15749);
#11404=VERTEX_POINT('',#15750);
#11405=ELLIPSE('',#15751,0.154339019842384,0.15);
#11406=LINE('',#15752,#15753);
#11407=FILL_AREA_STYLE_COLOUR('',#15754);
#11408=VERTEX_POINT('',#15755);
#11409=LINE('',#15756,#15757);
#11410=ELLIPSE('',#15758,0.438570660024463,0.15);
#11411=ELLIPSE('',#15759,0.438570660024463,0.15);
#11412=FILL_AREA_STYLE_COLOUR('',#15760);
#11413=LINE('',#15761,#15762);
#11414=FILL_AREA_STYLE_COLOUR('',#15763);
#11415=CIRCLE('',#15764,1.25);
#11416=VERTEX_POINT('',#15765);
#11417=CIRCLE('',#15766,1.25);
#11418=VERTEX_POINT('',#15767);
#11419=B_SPLINE_CURVE_WITH_KNOTS('',3,(#15768,#15769,#15770,#15771,#15772,#15773,#15774,#15775,#15776,#15777,#15778,#15779,#15780,#15781,#15782,#15783,#15784,#15785,#15786,#15787,#15788,#15789,#15790,#15791,#15792,#15793,#15794,#15795,#15796,#15797,#15798,#15799,#15800,#15801,#15802,#15803,#15804,#15805,#15806,#15807,#15808,#15809,#15810),.UNSPECIFIED.,.F.,.F.,(4,3,3,3,3,3,3,3,3,3,3,3,3,3,4),(5.87468599261754E-15,0.0313385970800763,0.06265550462921,0.125256225398299,0.156553426306337,0.187850981563632,0.219146746805217,0.250443064785897,0.281739382766563,0.313035148008142,0.344332703265438,0.375629904173476,0.438230624942565,0.469547532491704,0.500886129571788),.UNSPECIFIED.);
#11420=CIRCLE('',#15811,1.25);
#11421=FILL_AREA_STYLE_COLOUR('',#15812);
#11422=FILL_AREA_STYLE_COLOUR('',#15813);
#11423=VERTEX_POINT('',#15814);
#11424=LINE('',#15815,#15816);
#11425=LINE('',#15817,#15818);
#11426=FILL_AREA_STYLE_COLOUR('',#15819);
#11427=LINE('',#15820,#15821);
#11428=FILL_AREA_STYLE_COLOUR('',#15822);
#11429=LINE('',#15823,#15824);
#11430=FILL_AREA_STYLE_COLOUR('',#15825);
#11431=VERTEX_POINT('',#15826);
#11432=LINE('',#15827,#15828);
#11433=VERTEX_POINT('',#15829);
#11434=LINE('',#15830,#15831);
#11435=LINE('',#15832,#15833);
#11436=FILL_AREA_STYLE_COLOUR('',#15834);
#11437=VERTEX_POINT('',#15835);
#11438=LINE('',#15836,#15837);
#11439=LINE('',#15838,#15839);
#11440=FILL_AREA_STYLE_COLOUR('',#15840);
#11441=LINE('',#15841,#15842);
#11442=FILL_AREA_STYLE_COLOUR('',#15843);
#11443=FILL_AREA_STYLE_COLOUR('',#15844);
#11444=VERTEX_POINT('',#15845);
#11445=LINE('',#15846,#15847);
#11446=VERTEX_POINT('',#15848);
#11447=CIRCLE('',#15849,0.800000000000001);
#11448=LINE('',#15850,#15851);
#11449=FILL_AREA_STYLE_COLOUR('',#15852);
#11450=LINE('',#15853,#15854);
#11451=FILL_AREA_STYLE_COLOUR('',#15855);
#11452=LINE('',#15856,#15857);
#11453=FILL_AREA_STYLE_COLOUR('',#15858);
#11454=FILL_AREA_STYLE_COLOUR('',#15859);
#11455=VERTEX_POINT('',#15860);
#11456=LINE('',#15861,#15862);
#11457=LINE('',#15863,#15864);
#11458=VERTEX_POINT('',#15865);
#11459=LINE('',#15866,#15867);
#11460=LINE('',#15868,#15869);
#11461=CIRCLE('',#15870,0.0999999999999996);
#11462=FILL_AREA_STYLE_COLOUR('',#15871);
#11463=VERTEX_POINT('',#15872);
#11464=LINE('',#15873,#15874);
#11465=ELLIPSE('',#15875,0.812341289508596,0.8);
#11466=FILL_AREA_STYLE_COLOUR('',#15876);
#11467=LINE('',#15877,#15878);
#11468=FILL_AREA_STYLE_COLOUR('',#15879);
#11469=LINE('',#15880,#15881);
#11470=VERTEX_POINT('',#15882);
#11471=LINE('',#15883,#15884);
#11472=LINE('',#15885,#15886);
#11473=FILL_AREA_STYLE_COLOUR('',#15887);
#11474=LINE('',#15888,#15889);
#11475=FILL_AREA_STYLE_COLOUR('',#15890);
#11476=LINE('',#15891,#15892);
#11477=FILL_AREA_STYLE_COLOUR('',#15893);
#11478=FILL_AREA_STYLE_COLOUR('',#15894);
#11479=LINE('',#15895,#15896);
#11480=FILL_AREA_STYLE_COLOUR('',#15897);
#11481=LINE('',#15898,#15899);
#11482=FILL_AREA_STYLE_COLOUR('',#15900);
#11483=CIRCLE('',#15901,0.200000000000001);
#11484=CIRCLE('',#15902,0.2);
#11485=LINE('',#15903,#15904);
#11486=LINE('',#15905,#15906);
#11487=FILL_AREA_STYLE_COLOUR('',#15907);
#11488=FILL_AREA_STYLE_COLOUR('',#15908);
#11489=FILL_AREA_STYLE_COLOUR('',#15909);
#11490=FILL_AREA_STYLE_COLOUR('',#15910);
#11491=FILL_AREA_STYLE_COLOUR('',#15911);
#11492=FILL_AREA_STYLE_COLOUR('',#15912);
#11493=FILL_AREA_STYLE_COLOUR('',#15913);
#11494=FILL_AREA_STYLE_COLOUR('',#15914);
#11495=FILL_AREA_STYLE_COLOUR('',#15915);
#11496=COLOUR_RGB('',0.61176472902298,0.61176472902298,0.61176472902298);
#11497=CARTESIAN_POINT('',(1.04999970661738,4.0,6.05));
#11498=CARTESIAN_POINT('',(1.04999970661738,4.0,6.01770762663922));
#11499=CARTESIAN_POINT('',(1.04999970661738,4.0,6.03385381331962));
#11500=VECTOR('',#15916,1.0);
#11501=CARTESIAN_POINT('',(1.27499970661738,4.77580603245917,6.05000000000002));
#11502=AXIS2_PLACEMENT_3D('',#15917,#15918,#15919);
#11503=CARTESIAN_POINT('',(1.27499970661738,4.77580603245914,6.05000000000001));
#11504=CARTESIAN_POINT('',(1.26586419882126,4.76138103886279,6.05000000000001));
#11505=CARTESIAN_POINT('',(1.25697480409457,4.74678077409923,6.04984355747623));
#11506=CARTESIAN_POINT('',(1.23970857528276,4.71725776181174,6.0492678834602));
#11507=CARTESIAN_POINT('',(1.23133177018016,4.70233506002672,6.04884866048339));
#11508=CARTESIAN_POINT('',(1.21510904160124,4.67219703088407,6.04779645226557));
#11509=CARTESIAN_POINT('',(1.2072631454091,4.65698175188985,6.04716347921957));
#11510=CARTESIAN_POINT('',(1.19211829183257,4.62628990405116,6.04573144051239));
#11511=CARTESIAN_POINT('',(1.18481935997693,4.61081338662276,6.04493238996444));
#11512=CARTESIAN_POINT('',(1.17078205740616,4.57963158881109,6.04321414584672));
#11513=CARTESIAN_POINT('',(1.16404371048294,4.56392636388136,6.0422949695327));
#11514=CARTESIAN_POINT('',(1.1511386184363,4.53232051696597,6.04038027729265));
#11515=CARTESIAN_POINT('',(1.14497189523269,4.51641995575478,6.03938477990928));
#11516=CARTESIAN_POINT('',(1.13321839009902,4.48445719518015,6.03735863548483));
#11517=CARTESIAN_POINT('',(1.1276316277686,4.46839506323368,6.03632800727224));
#11518=CARTESIAN_POINT('',(1.11704449651459,4.43614546840057,6.03426986908717));
#11519=CARTESIAN_POINT('',(1.11204318585855,4.41995875887624,6.03324234380748));
#11520=CARTESIAN_POINT('',(1.1025858818532,4.38732807882438,6.03121498426107));
#11521=CARTESIAN_POINT('',(1.0981387738037,4.3709119552109,6.03021692783349));
#11522=CARTESIAN_POINT('',(1.08981774024157,4.33790024355403,6.02828393490177));
#11523=CARTESIAN_POINT('',(1.08594383500608,4.3213047132323,6.02734902049147));
#11524=CARTESIAN_POINT('',(1.07877937408805,4.28796439498995,6.02557153334349));
#11525=CARTESIAN_POINT('',(1.07548883753759,4.27121967517974,6.02472898227881));
#11526=CARTESIAN_POINT('',(1.06949923638933,4.23761256871176,6.02316178099622));
#11527=CARTESIAN_POINT('',(1.06680018874388,4.22075026090862,6.02243715056772));
#11528=CARTESIAN_POINT('',(1.06199944148419,4.18694056074711,6.02112714767036));
#11529=CARTESIAN_POINT('',(1.05989775535636,4.16999325744009,6.0205417915763));
#11530=CARTESIAN_POINT('',(1.05629521826584,4.13604664003925,6.01952702927255));
#11531=CARTESIAN_POINT('',(1.05479437591602,4.11904742357901,6.01909763458806));
#11532=CARTESIAN_POINT('',(1.05239456388327,4.08502992641867,6.01840647422465));
#11533=CARTESIAN_POINT('',(1.05149559658023,4.06801174915422,6.01814471408535));
#11534=CARTESIAN_POINT('',(1.05029817043141,4.03398840869096,6.01779529082819));
#11535=CARTESIAN_POINT('',(1.04999970661738,4.01698335087944,6.01770762663922));
#11536=CARTESIAN_POINT('',(1.04999970661738,3.98301664912057,6.01770762663922));
#11537=CARTESIAN_POINT('',(1.05029817043141,3.96601159130904,6.01779529082819));
#11538=CARTESIAN_POINT('',(1.05149559658023,3.93198825084578,6.01814471408536));
#11539=CARTESIAN_POINT('',(1.05239456388327,3.91497007358133,6.01840647422465));
#11540=CARTESIAN_POINT('',(1.05479437591591,3.88095257642255,6.01909763458803));
#11541=CARTESIAN_POINT('',(1.05629521826568,3.8639533599623,6.01952702927251));
#11542=CARTESIAN_POINT('',(1.05989775535636,3.83000674255992,6.02054179157631));
#11543=CARTESIAN_POINT('',(1.06199944148419,3.81305943925289,6.02112714767036));
#11544=CARTESIAN_POINT('',(1.06680018874388,3.77924973909138,6.02243715056772));
#11545=CARTESIAN_POINT('',(1.06949923638933,3.76238743128824,6.02316178099623));
#11546=CARTESIAN_POINT('',(1.07548883753759,3.72878032482025,6.02472898227881));
#11547=CARTESIAN_POINT('',(1.07877937408805,3.71203560501005,6.02557153334349));
#11548=CARTESIAN_POINT('',(1.08594383500663,3.67869528676511,6.02734902049162));
#11549=CARTESIAN_POINT('',(1.08981774024222,3.6620997564434,6.02828393490193));
#11550=CARTESIAN_POINT('',(1.0981387738037,3.62908804478909,6.0302169278335));
#11551=CARTESIAN_POINT('',(1.1025858818532,3.61267192117562,6.03121498426108));
#11552=CARTESIAN_POINT('',(1.11204318585812,3.58004124112525,6.03324234380739));
#11553=CARTESIAN_POINT('',(1.1170444965141,3.56385453160091,6.03426986908708));
#11554=CARTESIAN_POINT('',(1.12763162776764,3.53160493676925,6.03632800727206));
#11555=CARTESIAN_POINT('',(1.13321839009796,3.51554280482273,6.03735863548465));
#11556=CARTESIAN_POINT('',(1.14497189523169,3.48358004424792,6.03938477990912));
#11557=CARTESIAN_POINT('',(1.15113861843521,3.46767948303668,6.04038027729249));
#11558=CARTESIAN_POINT('',(1.16404371048391,3.43607363611625,6.04229496953285));
#11559=CARTESIAN_POINT('',(1.17078205740722,3.42036841118655,6.04321414584686));
#11560=CARTESIAN_POINT('',(1.18481935997693,3.38918661337725,6.04493238996445));
#11561=CARTESIAN_POINT('',(1.19211829183257,3.37371009594883,6.0457314405124));
#11562=CARTESIAN_POINT('',(1.2072631454091,3.34301824811015,6.04716347921958));
#11563=CARTESIAN_POINT('',(1.21510904160124,3.32780296911593,6.04779645226558));
#11564=CARTESIAN_POINT('',(1.23133177018094,3.29766493997185,6.04884866048345));
#11565=CARTESIAN_POINT('',(1.23970857528358,3.28274223818685,6.04926788346024));
#11566=CARTESIAN_POINT('',(1.2569748040953,3.25321922589953,6.04984355747627));
#11567=CARTESIAN_POINT('',(1.26586419882203,3.238618961136,6.05000000000002));
#11568=CARTESIAN_POINT('',(1.27499970661738,3.22419396754086,6.05000000000002));
#11569=COLOUR_RGB('',0.61176472902298,0.61176472902298,0.61176472902298);
#11570=CARTESIAN_POINT('',(2.14999970661738,4.00000000000004,-3.6));
#11571=CARTESIAN_POINT('',(2.84999970661738,4.00000000000004,-3.6));
#11572=CARTESIAN_POINT('',(2.49999970661738,4.00000000000004,-3.6));
#11573=VECTOR('',#15920,1.0);
#11574=CARTESIAN_POINT('',(2.14999970661738,4.50000000000004,-3.1));
#11575=AXIS2_PLACEMENT_3D('',#15921,#15922,#15923);
#11576=CARTESIAN_POINT('',(2.84999970661738,4.50000000000004,-3.1));
#11577=CARTESIAN_POINT('',(2.85000570661738,4.50000000000004,-3.1));
#11578=VECTOR('',#15924,1000.0);
#11579=AXIS2_PLACEMENT_3D('',#15925,#15926,#15927);
#11580=COLOUR_RGB('',0.235294133424759,0.376470625400543,0.141176477074623);
#11581=CARTESIAN_POINT('',(4.10214670361859,4.925,11.5));
#11582=CARTESIAN_POINT('',(4.10214670361859,4.925,10.6));
#11583=CARTESIAN_POINT('',(4.10214670361859,4.925,11.5));
#11584=VECTOR('',#15928,1.0);
#11585=CARTESIAN_POINT('',(0.897852709616164,3.075,11.5));
#11586=AXIS2_PLACEMENT_3D('',#15929,#15930,#15931);
#11587=CARTESIAN_POINT('',(0.897852709616164,3.075,10.6));
#11588=CARTESIAN_POINT('',(0.897852709616164,3.075,11.5));
#11589=VECTOR('',#15932,1.0);
#11590=CARTESIAN_POINT('',(0.693760519798536,3.6,10.6));
#11591=AXIS2_PLACEMENT_3D('',#15933,#15934,#15935);
#11592=CARTESIAN_POINT('',(0.693760519798536,3.6,9.70000000000001));
#11593=CARTESIAN_POINT('',(0.693760519798536,3.6,11.5));
#11594=VECTOR('',#15936,1000.0);
#11595=CARTESIAN_POINT('',(0.693760519798526,4.39999999999998,9.70000000000001));
#11596=AXIS2_PLACEMENT_3D('',#15937,#15938,#15939);
#11597=CARTESIAN_POINT('',(0.693760519798526,4.39999999999998,10.6));
#11598=CARTESIAN_POINT('',(0.693760519798526,4.39999999999998,11.5));
#11599=VECTOR('',#15940,1000.0);
#11600=AXIS2_PLACEMENT_3D('',#15941,#15942,#15943);
#11601=COLOUR_RGB('',0.235294133424759,0.376470625400543,0.141176477074623);
#11602=CARTESIAN_POINT('',(-2.93382624617921E-07,0.0,8.0));
#11603=CARTESIAN_POINT('',(4.99999970661738,-8.88178419700125E-16,8.0));
#11604=CARTESIAN_POINT('',(9.99999970661738,-8.88178419700125E-16,8.0));
#11605=VECTOR('',#15944,1000.0);
#11606=CARTESIAN_POINT('',(4.99999970661738,0.5,8.0));
#11607=CARTESIAN_POINT('',(4.99999970661738,-8.88178419700125E-16,8.0));
#11608=VECTOR('',#15945,1000.0);
#11609=CARTESIAN_POINT('',(-2.93382624556689E-07,0.5,8.0));
#11610=CARTESIAN_POINT('',(9.99999970661738,0.499999999999999,8.0));
#11611=VECTOR('',#15946,1000.0);
#11612=CARTESIAN_POINT('',(-2.93382624128063E-07,4.0,8.0));
#11613=VECTOR('',#15947,1000.0);
#11614=COLOUR_RGB('',0.235294133424759,0.376470625400543,0.141176477074623);
#11615=CARTESIAN_POINT('',(4.99999970661738,7.5,1.03397576569129E-22));
#11616=CARTESIAN_POINT('',(-2.93382623699437E-07,7.5,1.03397576569129E-22));
#11617=CARTESIAN_POINT('',(-2.93382623699437E-07,7.5,1.03397576569129E-22));
#11618=VECTOR('',#15948,1000.0);
#11619=CARTESIAN_POINT('',(4.99999970661738,-8.88178419700125E-16,1.03397576569127E-22));
#11620=CARTESIAN_POINT('',(4.99999970661738,9.0,1.03397576569129E-22));
#11621=VECTOR('',#15949,1000.0);
#11622=CARTESIAN_POINT('',(3.09999970661738,0.0,1.03397576569127E-22));
#11623=CARTESIAN_POINT('',(-2.93382624617921E-07,0.0,1.03397576569127E-22));
#11624=VECTOR('',#15950,1000.0);
#11625=CARTESIAN_POINT('',(3.09999970661738,1.6,1.03397576569128E-22));
#11626=CARTESIAN_POINT('',(3.09999970661739,78.42636,1.03397576569142E-22));
#11627=VECTOR('',#15951,1000.0);
#11628=CARTESIAN_POINT('',(2.84999970661738,2.40769230769234,1.03397576569128E-22));
#11629=CARTESIAN_POINT('',(2.35714256376027,4.0,1.03397576569128E-22));
#11630=VECTOR('',#15952,1000.0);
#11631=CARTESIAN_POINT('',(2.84999970661738,3.50000000000004,1.03397576569128E-22));
#11632=CARTESIAN_POINT('',(2.84999970661738,4.0,1.03397576569128E-22));
#11633=VECTOR('',#15953,1000.0);
#11634=CARTESIAN_POINT('',(2.84999970661738,4.50000000000004,1.03397576569128E-22));
#11635=CARTESIAN_POINT('',(2.84999970661738,4.0,1.03397576569128E-22));
#11636=VECTOR('',#15954,1000.0);
#11637=CARTESIAN_POINT('',(2.14999970661738,4.50000000000004,1.03397576569128E-22));
#11638=CARTESIAN_POINT('',(-5.00000029338262,4.50000000000005,1.03397576569128E-22));
#11639=VECTOR('',#15955,1000.0);
#11640=CARTESIAN_POINT('',(2.14999970661738,3.50000000000004,1.03397576569128E-22));
#11641=CARTESIAN_POINT('',(2.14999970661738,4.0,1.03397576569128E-22));
#11642=VECTOR('',#15956,1000.0);
#11643=CARTESIAN_POINT('',(2.14999970661738,2.40769230769234,1.03397576569128E-22));
#11644=CARTESIAN_POINT('',(2.14999970661738,4.0,1.03397576569128E-22));
#11645=VECTOR('',#15957,1000.0);
#11646=CARTESIAN_POINT('',(1.89999970661738,1.6,1.03397576569128E-22));
#11647=CARTESIAN_POINT('',(2.64285684947449,4.0,1.03397576569128E-22));
#11648=VECTOR('',#15958,1000.0);
#11649=CARTESIAN_POINT('',(1.89999970661738,0.0,1.03397576569127E-22));
#11650=CARTESIAN_POINT('',(1.89999970661738,4.0,1.03397576569128E-22));
#11651=VECTOR('',#15959,1000.0);
#11652=CARTESIAN_POINT('',(-2.93382624617921E-07,0.0,1.03397576569127E-22));
#11653=CARTESIAN_POINT('',(-5.00000029338262,4.44089209850063E-16,1.03397576569127E-22));
#11654=VECTOR('',#15960,1000.0);
#11655=CARTESIAN_POINT('',(-2.93382624128063E-07,4.0,1.03397576569128E-22));
#11656=VECTOR('',#15961,1000.0);
#11657=COLOUR_RGB('',0.235294133424759,0.376470625400543,0.141176477074623);
#11658=CARTESIAN_POINT('',(-2.93382623821901E-07,6.5,8.0));
#11659=CARTESIAN_POINT('',(4.99999970661738,6.5,8.0));
#11660=CARTESIAN_POINT('',(9.99999970661738,6.5,8.0));
#11661=VECTOR('',#15962,1000.0);
#11662=CARTESIAN_POINT('',(4.99999970661738,7.5,8.0));
#11663=CARTESIAN_POINT('',(4.99999970661738,-8.88178419700125E-16,8.0));
#11664=VECTOR('',#15963,1000.0);
#11665=CARTESIAN_POINT('',(-2.93382623699437E-07,7.5,8.0));
#11666=CARTESIAN_POINT('',(9.99999970661738,7.5,8.0));
#11667=VECTOR('',#15964,1000.0);
#11668=CARTESIAN_POINT('',(-2.93382624128063E-07,4.0,8.0));
#11669=VECTOR('',#15965,1000.0);
#11670=COLOUR_RGB('',0.235294133424759,0.376470625400543,0.141176477074623);
#11671=CARTESIAN_POINT('',(4.99999970661738,7.5,-3.6));
#11672=VECTOR('',#15966,1000.0);
#11673=CARTESIAN_POINT('',(-2.93382623699437E-07,7.5,1.03397576569129E-22));
#11674=VECTOR('',#15967,1000.0);
#11675=COLOUR_RGB('',0.235294133424759,0.376470625400543,0.141176477074623);
#11676=CARTESIAN_POINT('',(4.99999970661738,1.30803866893947,11.5));
#11677=CARTESIAN_POINT('',(4.99999970661738,0.5,8.0));
#11678=VECTOR('',#15968,1000.0);
#11679=CARTESIAN_POINT('',(-2.93382624457733E-07,1.30803866893947,11.5));
#11680=CARTESIAN_POINT('',(9.99999970661738,1.30803866893947,11.5));
#11681=VECTOR('',#15969,1000.0);
#11682=CARTESIAN_POINT('',(-2.93382624782875E-07,-1.3469455290045,1.03397576569127E-22));
#11683=VECTOR('',#15970,1000.0);
#11684=COLOUR_RGB('',0.235294133424759,0.376470625400543,0.141176477074623);
#11685=CARTESIAN_POINT('',(4.99999970661738,6.5,11.5));
#11686=CARTESIAN_POINT('',(4.99999970661738,6.5,12.181374));
#11687=VECTOR('',#15971,1000.0);
#11688=CARTESIAN_POINT('',(-2.93382623821901E-07,6.5,11.5));
#11689=CARTESIAN_POINT('',(-2.93382623821901E-07,6.5,1.03397576569128E-22));
#11690=VECTOR('',#15972,1000.0);
#11691=CARTESIAN_POINT('',(9.99999970661738,6.5,11.5));
#11692=VECTOR('',#15973,1000.0);
#11693=COLOUR_RGB('',0.235294133424759,0.376470625400543,0.141176477074623);
#11694=CARTESIAN_POINT('',(4.99999970661738,-8.88178419700125E-16,11.5));
#11695=VECTOR('',#15974,1000.0);
#11696=CARTESIAN_POINT('',(-2.93382624617921E-07,0.0,1.03397576569127E-22));
#11697=VECTOR('',#15975,1000.0);
#11698=CARTESIAN_POINT('',(1.89999970661738,0.0,0.650000000000001));
#11699=CARTESIAN_POINT('',(1.89999970661738,0.0,-26.995163));
#11700=VECTOR('',#15976,1000.0);
#11701=CARTESIAN_POINT('',(1.27499970661738,0.0,1.0));
#11702=CARTESIAN_POINT('',(-5.00000029338262,4.44089209850063E-16,4.51399999999997));
#11703=VECTOR('',#15977,1000.0);
#11704=CARTESIAN_POINT('',(1.07156276061176,0.0,1.0));
#11705=CARTESIAN_POINT('',(-5.00000029338262,4.44089209850063E-16,1.0));
#11706=VECTOR('',#15978,1000.0);
#11707=CARTESIAN_POINT('',(0.220220542631035,0.0,1.8));
#11708=AXIS2_PLACEMENT_3D('',#15979,#15980,#15981);
#11709=CARTESIAN_POINT('',(0.220220542631035,0.0,7.20477916398638));
#11710=CARTESIAN_POINT('',(0.220220542631035,0.0,4.10238958199319));
#11711=VECTOR('',#15982,1000.0);
#11712=CARTESIAN_POINT('',(4.63882497748583,-8.88178419700125E-16,7.20477916398638));
#11713=CARTESIAN_POINT('',(2.49999970661738,0.0,7.20477916398638));
#11714=VECTOR('',#15983,1000.0);
#11715=CARTESIAN_POINT('',(4.77977887060371,-8.88178419700125E-16,7.06382527086849));
#11716=AXIS2_PLACEMENT_3D('',#15984,#15985,#15986);
#11717=CARTESIAN_POINT('',(4.77977887060371,-8.88178419700125E-16,1.8));
#11718=CARTESIAN_POINT('',(4.77977887060371,-8.88178419700125E-16,4.10238958199319));
#11719=VECTOR('',#15987,1000.0);
#11720=CARTESIAN_POINT('',(3.92843665262299,-8.88178419700125E-16,1.0));
#11721=AXIS2_PLACEMENT_3D('',#15988,#15989,#15990);
#11722=CARTESIAN_POINT('',(3.72499970661738,-8.88178419700125E-16,1.0));
#11723=CARTESIAN_POINT('',(-5.00000029338262,4.44089209850063E-16,1.0));
#11724=VECTOR('',#15991,1000.0);
#11725=CARTESIAN_POINT('',(3.09999970661738,0.0,0.650000000000001));
#11726=CARTESIAN_POINT('',(-5.00000029338262,4.44089209850063E-16,-3.886));
#11727=VECTOR('',#15992,1000.0);
#11728=CARTESIAN_POINT('',(3.09999970661738,0.0,-26.995163));
#11729=VECTOR('',#15993,1000.0);
#11730=COLOUR_RGB('',0.61176472902298,0.61176472902298,0.61176472902298);
#11731=CARTESIAN_POINT('',(4.30623889343623,4.39999999999998,10.6));
#11732=AXIS2_PLACEMENT_3D('',#15994,#15995,#15996);
#11733=CARTESIAN_POINT('',(-2.50000029338262,4.39999999999998,10.6));
#11734=VECTOR('',#15997,1000.0);
#11735=COLOUR_RGB('',0.61176472902298,0.61176472902298,0.61176472902298);
#11736=CARTESIAN_POINT('',(4.30623889343623,3.6,10.6));
#11737=AXIS2_PLACEMENT_3D('',#15998,#15999,#16000);
#11738=CARTESIAN_POINT('',(-2.50000029338262,3.6,10.6));
#11739=VECTOR('',#16001,1000.0);
#11740=COLOUR_RGB('',0.61176472902298,0.61176472902298,0.61176472902298);
#11741=CARTESIAN_POINT('',(4.30623889343623,3.6,9.70000000000001));
#11742=CARTESIAN_POINT('',(4.30623889343623,3.6,11.5));
#11743=VECTOR('',#16002,1000.0);
#11744=CARTESIAN_POINT('',(-2.50000029338262,3.6,9.70000000000001));
#11745=VECTOR('',#16003,1000.0);
#11746=COLOUR_RGB('',0.61176472902298,0.61176472902298,0.61176472902298);
#11747=CARTESIAN_POINT('',(4.30623889343623,4.39999999999998,9.70000000000001));
#11748=AXIS2_PLACEMENT_3D('',#16004,#16005,#16006);
#11749=CARTESIAN_POINT('',(-2.50000029338262,4.39999999999998,9.70000000000001));
#11750=VECTOR('',#16007,1000.0);
#11751=COLOUR_RGB('',0.61176472902298,0.61176472902298,0.61176472902298);
#11752=CARTESIAN_POINT('',(4.30623889343623,4.39999999999998,11.5));
#11753=VECTOR('',#16008,1000.0);
#11754=COLOUR_RGB('',0.235294133424759,0.376470625400543,0.141176477074623);
#11755=AXIS2_PLACEMENT_3D('',#16009,#16010,#16011);
#11756=COLOUR_RGB('',0.235294133424759,0.376470625400543,0.141176477074623);
#11757=CARTESIAN_POINT('',(4.99999970661738,7.5,11.5));
#11758=VECTOR('',#16012,1000.0);
#11759=CARTESIAN_POINT('',(-2.93382624128063E-07,4.0,11.5));
#11760=VECTOR('',#16013,1000.0);
#11761=COLOUR_RGB('',0.235294133424759,0.376470625400543,0.141176477074623);
#11762=CARTESIAN_POINT('',(2.84999970661738,2.40769230769234,0.2));
#11763=CARTESIAN_POINT('',(2.84999970661738,2.40769230769234,1.03397576569128E-22));
#11764=VECTOR('',#16014,1000.0);
#11765=CARTESIAN_POINT('',(2.84999970661738,3.50000000000004,0.2));
#11766=CARTESIAN_POINT('',(2.84999970661738,3.50000000000004,0.2));
#11767=VECTOR('',#16015,1000.0);
#11768=CARTESIAN_POINT('',(2.84999970661738,3.50000000000004,1.03397576569128E-22));
#11769=VECTOR('',#16016,1000.0);
#11770=COLOUR_RGB('',0.61176472902298,0.61176472902298,0.61176472902298);
#11771=CARTESIAN_POINT('',(2.14999970661738,4.50000000000004,2.89256632606654));
#11772=VECTOR('',#16017,1000.0);
#11773=CARTESIAN_POINT('',(2.14999970661738,3.50000000000004,-3.1));
#11774=AXIS2_PLACEMENT_3D('',#16018,#16019,#16020);
#11775=CARTESIAN_POINT('',(2.14999970661738,3.50000000000004,2.89256632606654));
#11776=VECTOR('',#16021,1000.0);
#11777=COLOUR_RGB('',0.61176472902298,0.61176472902298,0.61176472902298);
#11778=CARTESIAN_POINT('',(2.84999970661738,4.50000000000004,2.89256632606654));
#11779=VECTOR('',#16022,1000.0);
#11780=COLOUR_RGB('',0.61176472902298,0.61176472902298,0.61176472902298);
#11781=CARTESIAN_POINT('',(2.84999970661738,3.50000000000004,-3.1));
#11782=AXIS2_PLACEMENT_3D('',#16023,#16024,#16025);
#11783=CARTESIAN_POINT('',(2.85000570661738,3.50000000000004,-3.1));
#11784=VECTOR('',#16026,1000.0);
#11785=COLOUR_RGB('',0.235294133424759,0.376470625400543,0.141176477074623);
#11786=CARTESIAN_POINT('',(2.14999970661738,2.40769230769234,0.2));
#11787=CARTESIAN_POINT('',(2.14999970661738,3.50000000000004,0.2));
#11788=CARTESIAN_POINT('',(2.14999970661738,1.95615384615387,0.2));
#11789=VECTOR('',#16027,1000.0);
#11790=CARTESIAN_POINT('',(2.22499970661738,3.50000000000004,0.2));
#11791=CARTESIAN_POINT('',(2.09999970661738,3.50000000000004,0.2));
#11792=VECTOR('',#16028,1000.0);
#11793=CARTESIAN_POINT('',(2.22499970661738,2.65000000000004,0.2));
#11794=CARTESIAN_POINT('',(2.22499970661738,4.0,0.2));
#11795=VECTOR('',#16029,1000.0);
#11796=CARTESIAN_POINT('',(2.64285684947449,4.0,0.2));
#11797=VECTOR('',#16030,1000.0);
#11798=COLOUR_RGB('',0.235294133424759,0.376470625400543,0.141176477074623);
#11799=CARTESIAN_POINT('',(2.14999970661738,3.50000000000004,1.03397576569128E-22));
#11800=VECTOR('',#16031,1000.0);
#11801=CARTESIAN_POINT('',(2.14999970661738,2.40769230769233,1.03397576569128E-22));
#11802=VECTOR('',#16032,1000.0);
#11803=COLOUR_RGB('',0.61176472902298,0.61176472902298,0.61176472902298);
#11804=CARTESIAN_POINT('',(2.84999970661738,3.50000000000004,2.89256632606654));
#11805=VECTOR('',#16033,1000.0);
#11806=COLOUR_RGB('',0.235294133424759,0.376470625400543,0.141176477074623);
#11807=CARTESIAN_POINT('',(3.72499970661738,0.55893841543323,1.0));
#11808=CARTESIAN_POINT('',(3.72499970661738,4.0,1.0));
#11809=VECTOR('',#16034,1000.0);
#11810=CARTESIAN_POINT('',(2.47255571555818,4.0,1.0));
#11811=VECTOR('',#16035,1000.0);
#11812=COLOUR_RGB('',0.61176472902298,0.61176472902298,0.61176472902298);
#11813=CARTESIAN_POINT('',(1.39999970661738,3.4062828956481,5.35000000000001));
#11814=CARTESIAN_POINT('',(1.27499970661738,3.75125314072334,5.35000000000002));
#11815=AXIS2_PLACEMENT_3D('',#16036,#16037,#16038);
#11816=CARTESIAN_POINT('',(1.39999970661738,1.75000000000004,5.35));
#11817=CARTESIAN_POINT('',(1.39999970661738,6.50000000000002,5.35000000000003));
#11818=VECTOR('',#16039,1000.0);
#11819=CARTESIAN_POINT('',(1.27499970661738,1.75,5.35000000000001));
#11820=CARTESIAN_POINT('',(0.467566032683887,1.75,5.35));
#11821=VECTOR('',#16040,1000.0);
#11822=CARTESIAN_POINT('',(1.27499970661738,6.49999999999999,5.35000000000003));
#11823=VECTOR('',#16041,1000.0);
#11824=COLOUR_RGB('',0.517647087574005,0.564705908298492,0.61176472902298);
#11825=CARTESIAN_POINT('',(3.59999970661738,3.30282707760561,3.66122148504693));
#11826=CARTESIAN_POINT('',(3.59999970661738,4.53961879067516,3.57286583915202));
#11827=AXIS2_PLACEMENT_3D('',#16042,#16043,#16044);
#11828=CARTESIAN_POINT('',(1.39999970661738,3.30282707760562,3.66122148504692));
#11829=CARTESIAN_POINT('',(4.52499970661738,3.30282707760562,3.66122148504692));
#11830=VECTOR('',#16045,1000.0);
#11831=CARTESIAN_POINT('',(1.39999970661738,4.53961879067516,3.57286583915202));
#11832=AXIS2_PLACEMENT_3D('',#16046,#16047,#16048);
#11833=CARTESIAN_POINT('',(4.52499970661738,4.53961879067516,3.57286583915202));
#11834=VECTOR('',#16049,1000.0);
#11835=COLOUR_RGB('',0.517647087574005,0.564705908298492,0.61176472902298);
#11836=CARTESIAN_POINT('',(3.59999970661738,6.50000000000002,4.90653280914477));
#11837=CARTESIAN_POINT('',(3.59999970661738,6.50000000000002,4.90653280914477));
#11838=VECTOR('',#16050,1000.0);
#11839=CARTESIAN_POINT('',(1.39999970661738,6.50000000000002,4.90653280914477));
#11840=CARTESIAN_POINT('',(1.39999970661738,6.50000000000002,4.90653280914477));
#11841=VECTOR('',#16051,1000.0);
#11842=CARTESIAN_POINT('',(9.81468271740009,6.50000000000002,4.90653280914477));
#11843=VECTOR('',#16052,1000.0);
#11844=COLOUR_RGB('',0.517647087574005,0.564705908298492,0.61176472902298);
#11845=CARTESIAN_POINT('',(3.59999970661738,1.56513871421433,5.24796644573965));
#11846=CARTESIAN_POINT('',(3.59999970661738,13.5153066887781,-5.66415635634005));
#11847=VECTOR('',#16053,1000.0);
#11848=CARTESIAN_POINT('',(1.39999970661738,1.56513871421433,5.24796644573965));
#11849=CARTESIAN_POINT('',(4.52499970661738,1.56513871421433,5.24796644573965));
#11850=VECTOR('',#16054,1000.0);
#11851=CARTESIAN_POINT('',(1.39999970661738,13.5153066887781,-5.66415635634005));
#11852=VECTOR('',#16055,1000.0);
#11853=COLOUR_RGB('',0.517647087574005,0.564705908298492,0.61176472902298);
#11854=CARTESIAN_POINT('',(3.59999970661738,1.50000000000004,5.39565677580979));
#11855=CARTESIAN_POINT('',(1.39999970661738,1.50000000000004,5.39565677580979));
#11856=CARTESIAN_POINT('',(4.52499970661738,1.50000000000004,5.39565677580979));
#11857=VECTOR('',#16056,1000.0);
#11858=AXIS2_PLACEMENT_3D('',#16057,#16058,#16059);
#11859=AXIS2_PLACEMENT_3D('',#16060,#16061,#16062);
#11860=COLOUR_RGB('',0.517647087574005,0.564705908298492,0.61176472902298);
#11861=CARTESIAN_POINT('',(3.59999970661738,1.50000000000006,6.05));
#11862=CARTESIAN_POINT('',(3.59999970661738,1.49999999999996,2.37963007209157));
#11863=VECTOR('',#16063,1000.0);
#11864=CARTESIAN_POINT('',(1.39999970661738,1.50000000000006,6.05));
#11865=CARTESIAN_POINT('',(4.52499970661738,1.50000000000006,6.05));
#11866=VECTOR('',#16064,1000.0);
#11867=CARTESIAN_POINT('',(1.39999970661738,1.49999999999996,2.37963007209157));
#11868=VECTOR('',#16065,1000.0);
#11869=COLOUR_RGB('',0.61176472902298,0.61176472902298,0.61176472902298);
#11870=CARTESIAN_POINT('',(0.474999706617376,1.65,4.82453115254768));
#11871=CARTESIAN_POINT('',(0.474999706617376,1.75,4.99773623330457));
#11872=AXIS2_PLACEMENT_3D('',#16066,#16067,#16068);
#11873=CARTESIAN_POINT('',(1.17499970661738,1.65,4.82453115254768));
#11874=CARTESIAN_POINT('',(0.404997306617376,1.65,4.82453115254768));
#11875=VECTOR('',#16069,1000.0);
#11876=CARTESIAN_POINT('',(1.17499970661738,1.75,4.99773623330457));
#11877=AXIS2_PLACEMENT_3D('',#16070,#16071,#16072);
#11878=CARTESIAN_POINT('',(0.404997306617376,1.75,4.99773623330457));
#11879=VECTOR('',#16073,1000.0);
#11880=COLOUR_RGB('',0.61176472902298,0.61176472902298,0.61176472902298);
#11881=CARTESIAN_POINT('',(0.474999706617376,1.6,4.7956636390882));
#11882=CARTESIAN_POINT('',(0.474999706617376,4.0,6.1813042851434));
#11883=VECTOR('',#16074,1000.0);
#11884=CARTESIAN_POINT('',(1.17499970661738,1.6,4.7956636390882));
#11885=CARTESIAN_POINT('',(0.404997306617376,1.6,4.7956636390882));
#11886=VECTOR('',#16075,1000.0);
#11887=CARTESIAN_POINT('',(1.17499970661738,4.06900222102329,6.22114273602589));
#11888=VECTOR('',#16076,1000.0);
#11889=COLOUR_RGB('',0.61176472902298,0.61176472902298,0.61176472902298);
#11890=CARTESIAN_POINT('',(0.474999706617376,1.5,4.62245855833131));
#11891=AXIS2_PLACEMENT_3D('',#16077,#16078,#16079);
#11892=CARTESIAN_POINT('',(1.17499970661738,1.50000000000002,4.62245855833131));
#11893=CARTESIAN_POINT('',(0.404997306617376,1.5,4.62245855833131));
#11894=VECTOR('',#16080,1000.0);
#11895=AXIS2_PLACEMENT_3D('',#16081,#16082,#16083);
#11896=COLOUR_RGB('',0.61176472902298,0.61176472902298,0.61176472902298);
#11897=CARTESIAN_POINT('',(1.17499970661738,6.50000000000002,1.8));
#11898=CARTESIAN_POINT('',(1.17499970661738,6.50000000000002,5.25000000000003));
#11899=CARTESIAN_POINT('',(1.17499970661738,6.50000000000002,2.89256632606654));
#11900=VECTOR('',#16084,1000.0);
#11901=CARTESIAN_POINT('',(1.17499970661738,1.75,5.25000000000003));
#11902=CARTESIAN_POINT('',(1.17499970661738,6.49999999999999,5.25000000000003));
#11903=VECTOR('',#16085,1000.0);
#11904=CARTESIAN_POINT('',(1.17499970661738,1.74999999999997,0.338414385035249));
#11905=VECTOR('',#16086,1000.0);
#11906=CARTESIAN_POINT('',(1.17499970661738,1.50000000000002,1.8));
#11907=CARTESIAN_POINT('',(1.17499970661738,1.50000000000002,2.01053106975139));
#11908=VECTOR('',#16087,1000.0);
#11909=CARTESIAN_POINT('',(1.17499970661738,6.50000000000002,1.8));
#11910=VECTOR('',#16088,1000.0);
#11911=COLOUR_RGB('',0.61176472902298,0.61176472902298,0.61176472902298);
#11912=CARTESIAN_POINT('',(1.27499970661738,1.50000000000002,1.7));
#11913=AXIS2_PLACEMENT_3D('',#16089,#16090,#16091);
#11914=CARTESIAN_POINT('',(1.27499970661738,6.50000000000002,1.7));
#11915=CARTESIAN_POINT('',(1.27499970661738,6.50003000000002,1.7));
#11916=VECTOR('',#16092,1000.0);
#11917=AXIS2_PLACEMENT_3D('',#16093,#16094,#16095);
#11918=COLOUR_RGB('',0.61176472902298,0.61176472902298,0.61176472902298);
#11919=CARTESIAN_POINT('',(3.82499970661738,1.50000000000002,1.8));
#11920=CARTESIAN_POINT('',(3.72499970661738,1.50000000000002,1.7));
#11921=AXIS2_PLACEMENT_3D('',#16096,#16097,#16098);
#11922=CARTESIAN_POINT('',(3.82499970661738,6.50000000000002,1.8));
#11923=CARTESIAN_POINT('',(3.82499970661738,6.50000000000002,1.8));
#11924=VECTOR('',#16099,1000.0);
#11925=CARTESIAN_POINT('',(3.72499970661738,6.50000000000002,1.7));
#11926=AXIS2_PLACEMENT_3D('',#16100,#16101,#16102);
#11927=CARTESIAN_POINT('',(3.72499970661738,3.50000000000004,1.7));
#11928=VECTOR('',#16103,1000.0);
#11929=COLOUR_RGB('',0.61176472902298,0.61176472902298,0.61176472902298);
#11930=CARTESIAN_POINT('',(3.59999970661738,2.30000000000002,6.05));
#11931=CARTESIAN_POINT('',(3.82499970661738,2.30000000000002,6.05));
#11932=CARTESIAN_POINT('',(9.81468271740009,2.30000000000002,6.05));
#11933=VECTOR('',#16104,1000.0);
#11934=CARTESIAN_POINT('',(3.59999970661738,1.75000000000002,6.05));
#11935=CARTESIAN_POINT('',(3.59999970661738,6.50000000000002,6.05));
#11936=VECTOR('',#16105,1000.0);
#11937=CARTESIAN_POINT('',(3.82499970661738,1.75000000000001,6.05));
#11938=CARTESIAN_POINT('',(0.467566032683887,1.75000000000001,6.05));
#11939=VECTOR('',#16106,1000.0);
#11940=CARTESIAN_POINT('',(3.82499970661738,6.50000000000002,6.05000000000003));
#11941=VECTOR('',#16107,1000.0);
#11942=COLOUR_RGB('',0.61176472902298,0.61176472902298,0.61176472902298);
#11943=CARTESIAN_POINT('',(3.59999970661738,1.75000000000004,5.35));
#11944=CARTESIAN_POINT('',(3.59999970661738,1.75000000000002,2.89256632606654));
#11945=VECTOR('',#16108,1000.0);
#11946=CARTESIAN_POINT('',(3.82499970661738,1.75000000000001,5.35));
#11947=CARTESIAN_POINT('',(0.467566032683887,1.75,5.35));
#11948=VECTOR('',#16109,1000.0);
#11949=CARTESIAN_POINT('',(3.82499970661738,1.75000000000003,2.89256632606654));
#11950=VECTOR('',#16110,1000.0);
#11951=COLOUR_RGB('',0.61176472902298,0.61176472902298,0.61176472902298);
#11952=CARTESIAN_POINT('',(3.82499970661738,1.50000000000002,6.15000000000003));
#11953=CARTESIAN_POINT('',(3.82499970661738,1.50000000000002,7.36974942661361));
#11954=VECTOR('',#16111,1000.0);
#11955=CARTESIAN_POINT('',(3.82499970661738,2.30000000000002,6.15000000000003));
#11956=CARTESIAN_POINT('',(3.82499970661738,6.50000000000002,6.15000000000003));
#11957=VECTOR('',#16112,1000.0);
#11958=CARTESIAN_POINT('',(3.82499970661738,2.30000000000002,2.89256632606654));
#11959=VECTOR('',#16113,1000.0);
#11960=CARTESIAN_POINT('',(3.82499970661738,6.50000000000002,5.35000000000003));
#11961=CARTESIAN_POINT('',(3.82499970661738,6.50000000000002,5.35000000000003));
#11962=VECTOR('',#16114,1000.0);
#11963=CARTESIAN_POINT('',(3.82499970661738,6.50000000000002,2.89256632606654));
#11964=VECTOR('',#16115,1000.0);
#11965=COLOUR_RGB('',0.61176472902298,0.61176472902298,0.61176472902298);
#11966=CARTESIAN_POINT('',(3.72499970661738,2.30000000000002,6.25000000000003));
#11967=AXIS2_PLACEMENT_3D('',#16116,#16117,#16118);
#11968=CARTESIAN_POINT('',(3.72499970661738,1.50000000000002,6.25000000000003));
#11969=AXIS2_PLACEMENT_3D('',#16119,#16120,#16121);
#11970=CARTESIAN_POINT('',(3.72499970661738,6.50000000000002,6.25000000000003));
#11971=VECTOR('',#16122,1000.0);
#11972=COLOUR_RGB('',0.61176472902298,0.61176472902298,0.61176472902298);
#11973=CARTESIAN_POINT('',(9.81468271740009,6.50000000000002,1.7));
#11974=VECTOR('',#16123,1000.0);
#11975=CARTESIAN_POINT('',(9.81468271740009,1.50000000000002,1.7));
#11976=VECTOR('',#16124,1000.0);
#11977=COLOUR_RGB('',0.61176472902298,0.61176472902298,0.61176472902298);
#11978=CARTESIAN_POINT('',(0.474999706617386,6.50000000000002,5.25000000000003));
#11979=CARTESIAN_POINT('',(0.474999706617386,1.75,5.25000000000003));
#11980=CARTESIAN_POINT('',(0.474999706617386,6.50000375000002,5.25000000000003));
#11981=VECTOR('',#16125,1000.0);
#11982=CARTESIAN_POINT('',(1.27499970661738,1.75,6.05000000000001));
#11983=AXIS2_PLACEMENT_3D('',#16126,#16127,#16128);
#11984=CARTESIAN_POINT('',(1.27499970661738,2.30000000000002,6.05000000000002));
#11985=CARTESIAN_POINT('',(1.27499970661738,1.75,6.05));
#11986=VECTOR('',#16129,1000.0);
#11987=CARTESIAN_POINT('',(1.27499970661738,3.22419396754088,6.05000000000002));
#11988=CARTESIAN_POINT('',(1.27499970661738,6.50000375000002,6.05000000000002));
#11989=VECTOR('',#16130,1000.0);
#11990=CARTESIAN_POINT('',(1.27499970661738,4.77580603245914,6.05000000000001));
#11991=CARTESIAN_POINT('',(1.26586419882126,4.76138103886279,6.05000000000001));
#11992=CARTESIAN_POINT('',(1.25697480409457,4.74678077409923,6.04984355747623));
#11993=CARTESIAN_POINT('',(1.23970857528276,4.71725776181174,6.0492678834602));
#11994=CARTESIAN_POINT('',(1.23133177018016,4.70233506002672,6.04884866048339));
#11995=CARTESIAN_POINT('',(1.21510904160124,4.67219703088407,6.04779645226557));
#11996=CARTESIAN_POINT('',(1.2072631454091,4.65698175188985,6.04716347921957));
#11997=CARTESIAN_POINT('',(1.19211829183257,4.62628990405116,6.04573144051239));
#11998=CARTESIAN_POINT('',(1.18481935997693,4.61081338662276,6.04493238996444));
#11999=CARTESIAN_POINT('',(1.17078205740616,4.57963158881109,6.04321414584672));
#12000=CARTESIAN_POINT('',(1.16404371048294,4.56392636388136,6.0422949695327));
#12001=CARTESIAN_POINT('',(1.1511386184363,4.53232051696597,6.04038027729265));
#12002=CARTESIAN_POINT('',(1.14497189523269,4.51641995575478,6.03938477990928));
#12003=CARTESIAN_POINT('',(1.13321839009902,4.48445719518015,6.03735863548483));
#12004=CARTESIAN_POINT('',(1.1276316277686,4.46839506323368,6.03632800727224));
#12005=CARTESIAN_POINT('',(1.11704449651459,4.43614546840057,6.03426986908717));
#12006=CARTESIAN_POINT('',(1.11204318585855,4.41995875887624,6.03324234380748));
#12007=CARTESIAN_POINT('',(1.1025858818532,4.38732807882438,6.03121498426107));
#12008=CARTESIAN_POINT('',(1.0981387738037,4.3709119552109,6.03021692783349));
#12009=CARTESIAN_POINT('',(1.08981774024157,4.33790024355403,6.02828393490177));
#12010=CARTESIAN_POINT('',(1.08594383500608,4.3213047132323,6.02734902049147));
#12011=CARTESIAN_POINT('',(1.07877937408805,4.28796439498995,6.02557153334349));
#12012=CARTESIAN_POINT('',(1.07548883753759,4.27121967517974,6.02472898227881));
#12013=CARTESIAN_POINT('',(1.06949923638933,4.23761256871176,6.02316178099622));
#12014=CARTESIAN_POINT('',(1.06680018874388,4.22075026090862,6.02243715056772));
#12015=CARTESIAN_POINT('',(1.06199944148419,4.18694056074711,6.02112714767036));
#12016=CARTESIAN_POINT('',(1.05989775535636,4.16999325744009,6.0205417915763));
#12017=CARTESIAN_POINT('',(1.05629521826584,4.13604664003925,6.01952702927255));
#12018=CARTESIAN_POINT('',(1.05479437591602,4.11904742357901,6.01909763458806));
#12019=CARTESIAN_POINT('',(1.05239456388327,4.08502992641867,6.01840647422465));
#12020=CARTESIAN_POINT('',(1.05149559658023,4.06801174915422,6.01814471408535));
#12021=CARTESIAN_POINT('',(1.05029817043141,4.03398840869096,6.01779529082819));
#12022=CARTESIAN_POINT('',(1.04999970661738,4.01698335087944,6.01770762663922));
#12023=CARTESIAN_POINT('',(1.04999970661738,3.98301664912057,6.01770762663922));
#12024=CARTESIAN_POINT('',(1.05029817043141,3.96601159130904,6.01779529082819));
#12025=CARTESIAN_POINT('',(1.05149559658023,3.93198825084578,6.01814471408536));
#12026=CARTESIAN_POINT('',(1.05239456388327,3.91497007358133,6.01840647422465));
#12027=CARTESIAN_POINT('',(1.05479437591591,3.88095257642255,6.01909763458803));
#12028=CARTESIAN_POINT('',(1.05629521826568,3.8639533599623,6.01952702927251));
#12029=CARTESIAN_POINT('',(1.05989775535636,3.83000674255992,6.02054179157631));
#12030=CARTESIAN_POINT('',(1.06199944148419,3.81305943925289,6.02112714767036));
#12031=CARTESIAN_POINT('',(1.06680018874388,3.77924973909138,6.02243715056772));
#12032=CARTESIAN_POINT('',(1.06949923638933,3.76238743128824,6.02316178099623));
#12033=CARTESIAN_POINT('',(1.07548883753759,3.72878032482025,6.02472898227881));
#12034=CARTESIAN_POINT('',(1.07877937408805,3.71203560501005,6.02557153334349));
#12035=CARTESIAN_POINT('',(1.08594383500663,3.67869528676511,6.02734902049162));
#12036=CARTESIAN_POINT('',(1.08981774024222,3.6620997564434,6.02828393490193));
#12037=CARTESIAN_POINT('',(1.0981387738037,3.62908804478909,6.0302169278335));
#12038=CARTESIAN_POINT('',(1.1025858818532,3.61267192117562,6.03121498426108));
#12039=CARTESIAN_POINT('',(1.11204318585812,3.58004124112525,6.03324234380739));
#12040=CARTESIAN_POINT('',(1.1170444965141,3.56385453160091,6.03426986908708));
#12041=CARTESIAN_POINT('',(1.12763162776764,3.53160493676925,6.03632800727206));
#12042=CARTESIAN_POINT('',(1.13321839009796,3.51554280482273,6.03735863548465));
#12043=CARTESIAN_POINT('',(1.14497189523169,3.48358004424792,6.03938477990912));
#12044=CARTESIAN_POINT('',(1.15113861843521,3.46767948303668,6.04038027729249));
#12045=CARTESIAN_POINT('',(1.16404371048391,3.43607363611625,6.04229496953285));
#12046=CARTESIAN_POINT('',(1.17078205740722,3.42036841118655,6.04321414584686));
#12047=CARTESIAN_POINT('',(1.18481935997693,3.38918661337725,6.04493238996445));
#12048=CARTESIAN_POINT('',(1.19211829183257,3.37371009594883,6.0457314405124));
#12049=CARTESIAN_POINT('',(1.2072631454091,3.34301824811015,6.04716347921958));
#12050=CARTESIAN_POINT('',(1.21510904160124,3.32780296911593,6.04779645226558));
#12051=CARTESIAN_POINT('',(1.23133177018094,3.29766493997185,6.04884866048345));
#12052=CARTESIAN_POINT('',(1.23970857528358,3.28274223818685,6.04926788346024));
#12053=CARTESIAN_POINT('',(1.2569748040953,3.25321922589953,6.04984355747627));
#12054=CARTESIAN_POINT('',(1.26586419882203,3.238618961136,6.05000000000002));
#12055=CARTESIAN_POINT('',(1.27499970661738,3.22419396754086,6.05000000000002));
#12056=CARTESIAN_POINT('',(1.27499970661738,6.50000000000002,6.05000000000002));
#12057=CARTESIAN_POINT('',(1.27499970661738,6.50000375000002,6.05000000000002));
#12058=VECTOR('',#16131,1000.0);
#12059=AXIS2_PLACEMENT_3D('',#16132,#16133,#16134);
#12060=COLOUR_RGB('',0.517647087574005,0.564705908298492,0.61176472902298);
#12061=CARTESIAN_POINT('',(1.39999970661738,1.70000000000006,6.25));
#12062=CARTESIAN_POINT('',(3.59999970661738,1.70000000000006,6.25));
#12063=CARTESIAN_POINT('',(1.39998470661738,1.70000000000006,6.25));
#12064=VECTOR('',#16135,1000.0);
#12065=AXIS2_PLACEMENT_3D('',#16136,#16137,#16138);
#12066=AXIS2_PLACEMENT_3D('',#16139,#16140,#16141);
#12067=COLOUR_RGB('',0.235294133424759,0.376470625400543,0.141176477074623);
#12068=CARTESIAN_POINT('',(3.99999970661738,6.8,5.6));
#12069=CARTESIAN_POINT('',(3.99999970661738,6.50000000000002,5.6));
#12070=CARTESIAN_POINT('',(3.99999970661738,4.0,5.6));
#12071=VECTOR('',#16142,1000.0);
#12072=CARTESIAN_POINT('',(3.99999970661738,6.8,1.65));
#12073=CARTESIAN_POINT('',(3.99999970661738,6.8,1.03397576569129E-22));
#12074=VECTOR('',#16143,1000.0);
#12075=CARTESIAN_POINT('',(3.99999970661738,6.50000000000002,1.65));
#12076=CARTESIAN_POINT('',(3.99999970661738,4.0,1.65));
#12077=VECTOR('',#16144,1000.0);
#12078=CARTESIAN_POINT('',(3.99999970661738,6.50000000000002,1.03397576569128E-22));
#12079=VECTOR('',#16145,1000.0);
#12080=COLOUR_RGB('',0.235294133424759,0.376470625400543,0.141176477074623);
#12081=CARTESIAN_POINT('',(0.999999706617376,6.8,5.6));
#12082=CARTESIAN_POINT('',(-5.00000029338262,6.8,5.6));
#12083=VECTOR('',#16146,1000.0);
#12084=CARTESIAN_POINT('',(0.999999706617376,6.8,1.65));
#12085=CARTESIAN_POINT('',(0.999999706617376,6.8,1.03397576569129E-22));
#12086=VECTOR('',#16147,1000.0);
#12087=CARTESIAN_POINT('',(-5.00000029338262,6.8,1.65));
#12088=VECTOR('',#16148,1000.0);
#12089=COLOUR_RGB('',0.235294133424759,0.376470625400543,0.141176477074623);
#12090=CARTESIAN_POINT('',(0.999999706617376,6.50000000000002,5.6));
#12091=CARTESIAN_POINT('',(0.999999706617376,4.0,5.6));
#12092=VECTOR('',#16149,1000.0);
#12093=CARTESIAN_POINT('',(-5.00000029338262,6.50000000000002,5.6));
#12094=VECTOR('',#16150,1000.0);
#12095=COLOUR_RGB('',0.235294133424759,0.376470625400543,0.141176477074623);
#12096=CARTESIAN_POINT('',(0.999999706617376,6.50000000000002,1.65));
#12097=CARTESIAN_POINT('',(0.999999706617376,4.0,1.65));
#12098=VECTOR('',#16151,1000.0);
#12099=CARTESIAN_POINT('',(0.999999706617376,6.50000000000002,1.03397576569128E-22));
#12100=VECTOR('',#16152,1000.0);
#12101=COLOUR_RGB('',0.235294133424759,0.376470625400543,0.141176477074623);
#12102=CARTESIAN_POINT('',(-5.00000029338262,6.50000000000002,1.65));
#12103=VECTOR('',#16153,1000.0);
#12104=COLOUR_RGB('',0.61176472902298,0.61176472902298,0.61176472902298);
#12105=CARTESIAN_POINT('',(1.39999970661738,6.50000000000002,5.35000000000003));
#12106=CARTESIAN_POINT('',(1.39999970661738,6.50000000000002,2.89256632606654));
#12107=VECTOR('',#16154,1000.0);
#12108=CARTESIAN_POINT('',(1.27499970661738,6.50000000000002,5.35000000000003));
#12109=CARTESIAN_POINT('',(0.467566032683887,6.50000000000002,5.35));
#12110=VECTOR('',#16155,1000.0);
#12111=AXIS2_PLACEMENT_3D('',#16156,#16157,#16158);
#12112=CARTESIAN_POINT('',(3.59999970661738,6.50000000000002,5.35000000000003));
#12113=CARTESIAN_POINT('',(0.467566032683887,6.50000000000002,5.35));
#12114=VECTOR('',#16159,1000.0);
#12115=CARTESIAN_POINT('',(3.59999970661738,6.50000000000002,2.89256632606654));
#12116=VECTOR('',#16160,1000.0);
#12117=COLOUR_RGB('',0.517647087574005,0.564705908298492,0.61176472902298);
#12118=CARTESIAN_POINT('',(3.59999970661738,4.59371710435189,5.35000000000002));
#12119=CARTESIAN_POINT('',(3.59999970661738,6.50000000000002,5.35000000000003));
#12120=VECTOR('',#16161,1000.0);
#12121=CARTESIAN_POINT('',(3.59999970661738,4.59371710435189,4.97125920269685));
#12122=CARTESIAN_POINT('',(3.59999970661738,4.59371710435189,9.7));
#12123=VECTOR('',#16162,1000.0);
#12124=CARTESIAN_POINT('',(3.59999970661738,3.40628289564809,4.97125920269685));
#12125=CARTESIAN_POINT('',(3.59999970660733,4.59371710435402,4.97125920265539));
#12126=CARTESIAN_POINT('',(3.59999970660733,4.57163609251438,4.95628092984914));
#12127=CARTESIAN_POINT('',(3.59999970661738,4.5492513708839,4.94174264185131));
#12128=CARTESIAN_POINT('',(3.59999970661738,4.52655188360438,4.92774556193218));
#12129=CARTESIAN_POINT('',(3.59999970661738,4.5038524184161,4.91374849563508));
#12130=CARTESIAN_POINT('',(3.5999997066082,4.48083753281409,4.90029209634267));
#12131=CARTESIAN_POINT('',(3.5999997066082,4.45748995555351,4.88748767516206));
#12132=CARTESIAN_POINT('',(3.5999997066082,4.4341424987017,4.87468332001677));
#12133=CARTESIAN_POINT('',(3.59999970661734,4.41046135582245,4.86253033792188));
#12134=CARTESIAN_POINT('',(3.59999970661734,4.38642563152827,4.85115315496745));
#12135=CARTESIAN_POINT('',(3.59999970661734,4.36241076175944,4.83978584339229));
#12136=CARTESIAN_POINT('',(3.59999970661659,4.33796670583264,4.82915665740645));
#12137=CARTESIAN_POINT('',(3.59999970661659,4.31305327855037,4.81941751563084));
#12138=CARTESIAN_POINT('',(3.59999970661659,4.28814998927908,4.80968233700028));
#12139=CARTESIAN_POINT('',(3.59999970661489,4.26282162668766,4.80085831070054));
#12140=CARTESIAN_POINT('',(3.59999970661489,4.2371679894082,4.79313650728071));
#12141=CARTESIAN_POINT('',(3.59999970661489,4.22434147602886,4.78927569745486));
#12142=CARTESIAN_POINT('',(3.59999970661587,4.21143444891935,4.7856901951743));
#12143=CARTESIAN_POINT('',(3.59999970661587,4.198461400015,4.78240059705076));
#12144=CARTESIAN_POINT('',(3.59999970661587,4.18548834224003,4.77911099667787));
#12145=CARTESIAN_POINT('',(3.59999970661691,4.172449467187,4.77611739002309));
#12146=CARTESIAN_POINT('',(3.59999970661691,4.15935996093667,4.7734371562651));
#12147=CARTESIAN_POINT('',(3.59999970661691,4.14627042260188,4.77075691593744));
#12148=CARTESIAN_POINT('',(3.59999970661733,4.13313051434063,4.76839012577985));
#12149=CARTESIAN_POINT('',(3.59999970661733,4.11995539200656,4.76635032437429));
#12150=CARTESIAN_POINT('',(3.59999970661733,4.10678020704736,4.76431051327297));
#12151=CARTESIAN_POINT('',(3.59999970661738,4.09357011373879,4.76259774071604));
#12152=CARTESIAN_POINT('',(3.59999970661738,4.08033919188973,4.76122134641113));
#12153=CARTESIAN_POINT('',(3.59999970661738,4.06711101383155,4.75984523753894));
#12154=CARTESIAN_POINT('',(3.59999970661738,4.05385796140216,4.75880410708614));
#12155=CARTESIAN_POINT('',(3.59999970661738,4.04054479821632,4.75810377807046));
#12156=CARTESIAN_POINT('',(3.59999970661738,4.02723584537209,4.75740367053666));
#12157=CARTESIAN_POINT('',(3.59999970661738,4.01388504578807,4.7570460900777));
#12158=CARTESIAN_POINT('',(3.59999970661738,4.0005136501444,4.75703717295712));
#12159=CARTESIAN_POINT('',(3.59999970661738,3.98714235001884,4.75702825590024));
#12160=CARTESIAN_POINT('',(3.59999970661738,3.97375094806473,4.75736805087932));
#12161=CARTESIAN_POINT('',(3.59999970661738,3.96036347308029,4.75805653359071));
#12162=CARTESIAN_POINT('',(3.59999970661738,3.94697604699943,4.75874501378711));
#12163=CARTESIAN_POINT('',(3.59999970661737,3.93359305088036,4.75978216453932));
#12164=CARTESIAN_POINT('',(3.59999970661737,3.92023952971071,4.76116135850733));
#12165=CARTESIAN_POINT('',(3.59999970661737,3.90688601707037,4.76254055159442));
#12166=CARTESIAN_POINT('',(3.59999970661734,3.89356244637251,4.7642617119878));
#12167=CARTESIAN_POINT('',(3.59999970661734,3.88029332495387,4.76631185691983));
#12168=CARTESIAN_POINT('',(3.59999970661734,3.86702417763513,4.76836200585356));
#12169=CARTESIAN_POINT('',(3.5999997066173,3.85380987683881,4.7707410215049));
#12170=CARTESIAN_POINT('',(3.5999997066173,3.84067313451307,4.77343038026488));
#12171=CARTESIAN_POINT('',(3.5999997066173,3.82753633710068,4.77611975030221));
#12172=CARTESIAN_POINT('',(3.59999970661734,3.81447740766363,4.77911932471928));
#12173=CARTESIAN_POINT('',(3.59999970661734,3.80151633250999,4.78240624376573));
#12174=CARTESIAN_POINT('',(3.59999970661734,3.78855517745246,4.78569318307574));
#12175=CARTESIAN_POINT('',(3.59999970661738,3.77569209611573,4.78926732699167));
#12176=CARTESIAN_POINT('',(3.59999970661738,3.76294372439509,4.79310288874965));
#12177=CARTESIAN_POINT('',(3.59999970661738,3.73746983365899,4.8007671366454));
#12178=CARTESIAN_POINT('',(3.59999970661291,3.71234208050274,4.80950691340839));
#12179=CARTESIAN_POINT('',(3.59999970661291,3.68753062730963,4.8191894524456));
#12180=CARTESIAN_POINT('',(3.59999970661291,3.66272228997628,4.82887077553493));
#12181=CARTESIAN_POINT('',(3.59999970661738,3.6382440205711,4.83949001990429));
#12182=CARTESIAN_POINT('',(3.59999970661738,3.61410466243515,4.85090229646053));
#12183=CARTESIAN_POINT('',(3.59999970661738,3.58996530686605,4.86231457180327));
#12184=CARTESIAN_POINT('',(3.59999970661738,3.5661644377567,4.87451984963334));
#12185=CARTESIAN_POINT('',(3.59999970661738,3.54271198783482,4.88737694501297));
#12186=CARTESIAN_POINT('',(3.59999970661738,3.51925955753703,4.90023402963428));
#12187=CARTESIAN_POINT('',(3.59999970661111,3.49615508793361,4.91374308195486));
#12188=CARTESIAN_POINT('',(3.59999970661111,3.47341185711995,4.92776792092127));
#12189=CARTESIAN_POINT('',(3.59999970661111,3.45066866424265,4.94179273649385));
#12190=CARTESIAN_POINT('',(3.59999970661736,3.42828633917108,4.95633354701747));
#12191=CARTESIAN_POINT('',(3.59999970661736,3.40628289564806,4.97125920269682));
#12192=CARTESIAN_POINT('',(3.59999970661738,3.40628289564809,5.35000000000001));
#12193=CARTESIAN_POINT('',(3.59999970661738,3.40628289564809,9.7));
#12194=VECTOR('',#16163,1000.0);
#12195=CARTESIAN_POINT('',(3.59999970661738,6.50000000000002,5.35000000000003));
#12196=VECTOR('',#16164,1000.0);
#12197=CARTESIAN_POINT('',(3.59999970661738,2.30000000000002,6.25000000000003));
#12198=CARTESIAN_POINT('',(3.59999970661738,2.30000000000002,2.89256632606654));
#12199=VECTOR('',#16165,1000.0);
#12200=CARTESIAN_POINT('',(3.59999970661738,6.50000000000002,6.25000000000003));
#12201=VECTOR('',#16166,1000.0);
#12202=COLOUR_RGB('',0.517647087574005,0.564705908298492,0.61176472902298);
#12203=CARTESIAN_POINT('',(9.81468271740009,2.30000000000002,6.25000000000003));
#12204=VECTOR('',#16167,1000.0);
#12205=COLOUR_RGB('',0.61176472902298,0.61176472902298,0.61176472902298);
#12206=CARTESIAN_POINT('',(1.39999970661738,2.30000000000002,6.25));
#12207=CARTESIAN_POINT('',(0.474999706617376,2.30000000000002,6.25));
#12208=CARTESIAN_POINT('',(9.81468271740009,2.30000000000002,6.25));
#12209=VECTOR('',#16168,1000.0);
#12210=CARTESIAN_POINT('',(1.39999970661738,6.50000000000002,6.25000000000003));
#12211=VECTOR('',#16169,1000.0);
#12212=CARTESIAN_POINT('',(0.474999706617376,1.50000000000002,6.25000000000003));
#12213=CARTESIAN_POINT('',(9.81468271740009,1.50000000000002,6.25000000000003));
#12214=VECTOR('',#16170,1000.0);
#12215=CARTESIAN_POINT('',(0.474999706617376,4.0,6.25000000000003));
#12216=VECTOR('',#16171,1000.0);
#12217=COLOUR_RGB('',0.517647087574005,0.564705908298492,0.61176472902298);
#12218=CARTESIAN_POINT('',(0.474999706617376,2.30000000000002,6.05));
#12219=CARTESIAN_POINT('',(9.81468271740009,2.30000000000002,6.05));
#12220=VECTOR('',#16172,1000.0);
#12221=CARTESIAN_POINT('',(1.39999970661738,2.30000000000002,6.05));
#12222=CARTESIAN_POINT('',(9.81468271740009,2.30000000000002,6.05));
#12223=VECTOR('',#16173,1000.0);
#12224=CARTESIAN_POINT('',(1.39999970661738,2.30000000000002,2.89256632606654));
#12225=VECTOR('',#16174,1000.0);
#12226=CARTESIAN_POINT('',(0.474999706617376,2.30000000000002,1.03397576569128E-22));
#12227=VECTOR('',#16175,1000.0);
#12228=COLOUR_RGB('',0.61176472902298,0.61176472902298,0.61176472902298);
#12229=CARTESIAN_POINT('',(1.39999970661738,1.75000000000001,6.05));
#12230=CARTESIAN_POINT('',(1.39999970661738,6.50000000000002,6.05));
#12231=VECTOR('',#16176,1000.0);
#12232=CARTESIAN_POINT('',(0.467566032683887,1.75000000000001,6.05));
#12233=VECTOR('',#16177,1000.0);
#12234=COLOUR_RGB('',0.61176472902298,0.61176472902298,0.61176472902298);
#12235=CARTESIAN_POINT('',(1.39999970661738,1.75000000000001,2.89256632606654));
#12236=VECTOR('',#16178,1000.0);
#12237=CARTESIAN_POINT('',(0.474999706617376,1.75,1.03397576569128E-22));
#12238=VECTOR('',#16179,1000.0);
#12239=AXIS2_PLACEMENT_3D('',#16180,#16181,#16182);
#12240=COLOUR_RGB('',0.517647087574005,0.564705908298492,0.61176472902298);
#12241=CARTESIAN_POINT('',(1.39999970661738,3.4062828956481,4.97125920269685));
#12242=CARTESIAN_POINT('',(1.39999970661738,3.4062828956481,9.7));
#12243=VECTOR('',#16183,1000.0);
#12244=CARTESIAN_POINT('',(1.39999970661738,4.59371710435188,4.97125920269685));
#12245=CARTESIAN_POINT('',(1.39999970662742,3.40628289564598,4.97125920265539));
#12246=CARTESIAN_POINT('',(1.39999970662742,3.42836390748561,4.95628092984914));
#12247=CARTESIAN_POINT('',(1.39999970661738,3.45074862911609,4.94174264185131));
#12248=CARTESIAN_POINT('',(1.39999970661738,3.47344811639562,4.92774556193218));
#12249=CARTESIAN_POINT('',(1.39999970661738,3.4961475815839,4.91374849563508));
#12250=CARTESIAN_POINT('',(1.39999970662655,3.5191624671859,4.90029209634267));
#12251=CARTESIAN_POINT('',(1.39999970662655,3.54251004444648,4.88748767516207));
#12252=CARTESIAN_POINT('',(1.39999970662655,3.56585750129829,4.87468332001678));
#12253=CARTESIAN_POINT('',(1.39999970661742,3.58953864417754,4.86253033792189));
#12254=CARTESIAN_POINT('',(1.39999970661742,3.61357436847172,4.85115315496746));
#12255=CARTESIAN_POINT('',(1.39999970661742,3.63758923824055,4.8397858433923));
#12256=CARTESIAN_POINT('',(1.39999970661816,3.66203329416736,4.82915665740645));
#12257=CARTESIAN_POINT('',(1.39999970661816,3.68694672144962,4.81941751563084));
#12258=CARTESIAN_POINT('',(1.39999970661816,3.71185001072091,4.80968233700029));
#12259=CARTESIAN_POINT('',(1.39999970661987,3.73717837331233,4.80085831070055));
#12260=CARTESIAN_POINT('',(1.39999970661987,3.76283201059179,4.79313650728072));
#12261=CARTESIAN_POINT('',(1.39999970661987,3.77565852397113,4.78927569745487));
#12262=CARTESIAN_POINT('',(1.39999970661889,3.78856555108064,4.7856901951743));
#12263=CARTESIAN_POINT('',(1.39999970661889,3.80153859998498,4.78240059705077));
#12264=CARTESIAN_POINT('',(1.39999970661889,3.81451165775996,4.77911099667788));
#12265=CARTESIAN_POINT('',(1.39999970661784,3.82755053281299,4.7761173900231));
#12266=CARTESIAN_POINT('',(1.39999970661784,3.84064003906332,4.77343715626511));
#12267=CARTESIAN_POINT('',(1.39999970661784,3.85372957740461,4.77075691593612));
#12268=CARTESIAN_POINT('',(1.39999970661743,3.86686948566592,4.76839012577884));
#12269=CARTESIAN_POINT('',(1.39999970661743,3.88004460799343,4.7663503243743));
#12270=CARTESIAN_POINT('',(1.39999970661743,3.89321979295262,4.76431051327298));
#12271=CARTESIAN_POINT('',(1.39999970661738,3.9064298862612,4.76259774071605));
#12272=CARTESIAN_POINT('',(1.39999970661738,3.91966080811025,4.76122134641114));
#12273=CARTESIAN_POINT('',(1.39999970661738,3.93288898616843,4.75984523753896));
#12274=CARTESIAN_POINT('',(1.39999970661738,3.94614203859783,4.75880410708615));
#12275=CARTESIAN_POINT('',(1.39999970661738,3.95945520178367,4.75810377807047));
#12276=CARTESIAN_POINT('',(1.39999970661738,3.97276415462789,4.75740367053667));
#12277=CARTESIAN_POINT('',(1.39999970661738,3.98611495421191,4.75704609007771));
#12278=CARTESIAN_POINT('',(1.39999970661738,3.99948634985559,4.75703717295713));
#12279=CARTESIAN_POINT('',(1.39999970661738,4.01285764998114,4.75702825590025));
#12280=CARTESIAN_POINT('',(1.39999970661738,4.02624905193525,4.75736805087933));
#12281=CARTESIAN_POINT('',(1.39999970661738,4.03963652691969,4.75805653359072));
#12282=CARTESIAN_POINT('',(1.39999970661738,4.05302395300056,4.75874501378712));
#12283=CARTESIAN_POINT('',(1.39999970661738,4.06640694911962,4.75978216453933));
#12284=CARTESIAN_POINT('',(1.39999970661738,4.07976047028927,4.76116135850734));
#12285=CARTESIAN_POINT('',(1.39999970661738,4.09311398292961,4.76254055159443));
#12286=CARTESIAN_POINT('',(1.39999970661742,4.10643755362747,4.76426171198781));
#12287=CARTESIAN_POINT('',(1.39999970661742,4.11970667504611,4.76631185691984));
#12288=CARTESIAN_POINT('',(1.39999970661742,4.13297582236485,4.76836200585357));
#12289=CARTESIAN_POINT('',(1.39999970661745,4.14619012316117,4.77074102150491));
#12290=CARTESIAN_POINT('',(1.39999970661745,4.15932686548691,4.77343038026488));
#12291=CARTESIAN_POINT('',(1.39999970661745,4.1724636628993,4.77611975030222));
#12292=CARTESIAN_POINT('',(1.39999970661742,4.18552259233635,4.77911932471929));
#12293=CARTESIAN_POINT('',(1.39999970661742,4.19848366749,4.78240624376574));
#12294=CARTESIAN_POINT('',(1.39999970661742,4.21144482254751,4.78569318307575));
#12295=CARTESIAN_POINT('',(1.39999970661738,4.22430790388425,4.78926732699168));
#12296=CARTESIAN_POINT('',(1.39999970661738,4.23705627560489,4.79310288874966));
#12297=CARTESIAN_POINT('',(1.39999970661738,4.26253016634098,4.8007671366454));
#12298=CARTESIAN_POINT('',(1.39999970662185,4.28765791949724,4.8095069134084));
#12299=CARTESIAN_POINT('',(1.39999970662185,4.31246937269035,4.8191894524456));
#12300=CARTESIAN_POINT('',(1.39999970662185,4.3372777100237,4.82887077553493));
#12301=CARTESIAN_POINT('',(1.39999970661738,4.36175597942887,4.83949001990429));
#12302=CARTESIAN_POINT('',(1.39999970661738,4.38589533756482,4.85090229646054));
#12303=CARTESIAN_POINT('',(1.39999970661738,4.41003469313393,4.86231457180327));
#12304=CARTESIAN_POINT('',(1.39999970661738,4.43383556224327,4.87451984963334));
#12305=CARTESIAN_POINT('',(1.39999970661738,4.45728801216516,4.88737694501297));
#12306=CARTESIAN_POINT('',(1.39999970661738,4.48074044246294,4.90023402963429));
#12307=CARTESIAN_POINT('',(1.39999970662365,4.50384491206636,4.91374308195486));
#12308=CARTESIAN_POINT('',(1.39999970662365,4.52658814288002,4.92776792092127));
#12309=CARTESIAN_POINT('',(1.39999970662365,4.54933133575732,4.94179273649385));
#12310=CARTESIAN_POINT('',(1.3999997066174,4.5717136608289,4.95633354701747));
#12311=CARTESIAN_POINT('',(1.3999997066174,4.59371710435191,4.97125920269682));
#12312=CARTESIAN_POINT('',(1.39999970661738,4.59371710435188,5.35000000000002));
#12313=CARTESIAN_POINT('',(1.39999970661738,4.59371710435188,9.7));
#12314=VECTOR('',#16184,1000.0);
#12315=CARTESIAN_POINT('',(1.39999970661738,6.50000000000002,5.35000000000003));
#12316=VECTOR('',#16185,1000.0);
#12317=COLOUR_RGB('',0.61176472902298,0.61176472902298,0.61176472902298);
#12318=CARTESIAN_POINT('',(1.27499970661738,4.24874685927664,5.35000000000002));
#12319=CARTESIAN_POINT('',(1.27499970661738,6.49999999999999,5.35000000000003));
#12320=VECTOR('',#16186,1000.0);
#12321=CARTESIAN_POINT('',(1.27499970661738,4.24874685927664,5.35000000000019));
#12322=CARTESIAN_POINT('',(1.27292072190328,4.23850851382705,5.35000000000019));
#12323=CARTESIAN_POINT('',(1.27097012204905,4.22824404470807,5.34993542841487));
#12324=CARTESIAN_POINT('',(1.26914912926628,4.21796067588992,5.34982870701729));
#12325=CARTESIAN_POINT('',(1.2673281364502,4.20767730688369,5.34972198561776));
#12326=CARTESIAN_POINT('',(1.26563675223792,4.19737504210647,5.3495730952912));
#12327=CARTESIAN_POINT('',(1.26407573002151,4.18706128427719,5.34940154292233));
#12328=CARTESIAN_POINT('',(1.26095410930841,4.16643656815779,5.34905848475031));
#12329=CARTESIAN_POINT('',(1.25834799608786,4.14572686745084,5.34862671799405));
#12330=CARTESIAN_POINT('',(1.2562621729371,4.12496778510829,5.34822883910334));
#12331=CARTESIAN_POINT('',(1.25521923098008,4.11458794156488,5.34802989386256));
#12332=CARTESIAN_POINT('',(1.25430644843408,4.10419739685271,5.34783880232564));
#12333=CARTESIAN_POINT('',(1.25352378842904,4.09379651047102,5.34766670332296));
#12334=CARTESIAN_POINT('',(1.25274110151382,4.08339526647581,5.34749459840299));
#12335=CARTESIAN_POINT('',(1.25208852549253,4.07298289714991,5.34734149283373));
#12336=CARTESIAN_POINT('',(1.25156640634462,4.06256432505883,5.34721563885679));
#12337=CARTESIAN_POINT('',(1.25104427756124,4.05214556069768,5.34708978255727));
#12338=CARTESIAN_POINT('',(1.25065263022993,4.0417218901937,5.34699119792808));
#12339=CARTESIAN_POINT('',(1.25039146461664,4.03129283502349,5.34692489064033));
#12340=CARTESIAN_POINT('',(1.25013030555097,4.02086404131752,5.34685858501495));
#12341=CARTESIAN_POINT('',(1.24999970661738,4.01043137401491,5.34682458365522));
#12342=CARTESIAN_POINT('',(1.24999970661738,3.99999999999999,5.34682458365522));
#12343=CARTESIAN_POINT('',(1.24999970661738,3.98956862598508,5.34682458365522));
#12344=CARTESIAN_POINT('',(1.25013030555097,3.97913595868247,5.34685858501495));
#12345=CARTESIAN_POINT('',(1.25039146461664,3.96870716497649,5.34692489064033));
#12346=CARTESIAN_POINT('',(1.25065263022993,3.95827810980629,5.34699119792808));
#12347=CARTESIAN_POINT('',(1.25104427756124,3.94785443930231,5.34708978255727));
#12348=CARTESIAN_POINT('',(1.25156640634462,3.93743567494115,5.34721563885679));
#12349=CARTESIAN_POINT('',(1.25208852549253,3.92701710285008,5.34734149283373));
#12350=CARTESIAN_POINT('',(1.25274110151382,3.91660473352418,5.34749459840299));
#12351=CARTESIAN_POINT('',(1.25352378842904,3.90620348952896,5.34766670332296));
#12352=CARTESIAN_POINT('',(1.25430644843408,3.89580260314727,5.34783880232564));
#12353=CARTESIAN_POINT('',(1.25521923098008,3.8854120584351,5.34802989386256));
#12354=CARTESIAN_POINT('',(1.2562621729371,3.87503221489169,5.34822883910334));
#12355=CARTESIAN_POINT('',(1.25834799608786,3.85427313254914,5.34862671799405));
#12356=CARTESIAN_POINT('',(1.26095410930841,3.8335634318422,5.34905848475031));
#12357=CARTESIAN_POINT('',(1.26407573002151,3.8129387157228,5.34940154292233));
#12358=CARTESIAN_POINT('',(1.26563675223792,3.80262495789352,5.3495730952912));
#12359=CARTESIAN_POINT('',(1.2673281364502,3.79232269311629,5.34972198561776));
#12360=CARTESIAN_POINT('',(1.26914912926628,3.78203932411006,5.34982870701729));
#12361=CARTESIAN_POINT('',(1.27097012204905,3.77175595529191,5.34993542841487));
#12362=CARTESIAN_POINT('',(1.27292072190328,3.76149148617293,5.35000000000019));
#12363=CARTESIAN_POINT('',(1.27499970661738,3.75125314072334,5.35000000000019));
#12364=COLOUR_RGB('',0.61176472902298,0.61176472902298,0.61176472902298);
#12365=AXIS2_PLACEMENT_3D('',#16187,#16188,#16189);
#12366=COLOUR_RGB('',0.61176472902298,0.61176472902298,0.61176472902298);
#12367=AXIS2_PLACEMENT_3D('',#16190,#16191,#16192);
#12368=COLOUR_RGB('',0.61176472902298,0.61176472902298,0.61176472902298);
#12369=COLOUR_RGB('',0.61176472902298,0.61176472902298,0.61176472902298);
#12370=AXIS2_PLACEMENT_3D('',#16193,#16194,#16195);
#12371=COLOUR_RGB('',0.61176472902298,0.61176472902298,0.61176472902298);
#12372=AXIS2_PLACEMENT_3D('',#16196,#16197,#16198);
#12373=COLOUR_RGB('',0.61176472902298,0.61176472902298,0.61176472902298);
#12374=COLOUR_RGB('',0.235294133424759,0.376470625400543,0.141176477074623);
#12375=CARTESIAN_POINT('',(0.474999706617376,1.50000000000002,1.8));
#12376=CARTESIAN_POINT('',(0.474999706617375,0.7,1.8));
#12377=CARTESIAN_POINT('',(0.474999706617376,4.0,1.8));
#12378=VECTOR('',#16199,1000.0);
#12379=CARTESIAN_POINT('',(0.474999706617376,1.50000000000002,1.03397576569128E-22));
#12380=VECTOR('',#16200,1000.0);
#12381=CARTESIAN_POINT('',(0.474999706617376,6.5,6.05));
#12382=CARTESIAN_POINT('',(0.474999706617376,6.5,1.65872570797066));
#12383=VECTOR('',#16201,1000.0);
#12384=CARTESIAN_POINT('',(0.474999706617376,4.0,6.05));
#12385=VECTOR('',#16202,1000.0);
#12386=CARTESIAN_POINT('',(0.474999706617376,1.50000000000002,6.95000000000003));
#12387=CARTESIAN_POINT('',(0.474999706617376,1.50000000000002,1.03397576569128E-22));
#12388=VECTOR('',#16203,1000.0);
#12389=CARTESIAN_POINT('',(0.474999706617375,0.7,6.95000000000003));
#12390=CARTESIAN_POINT('',(0.474999706617376,4.0,6.95000000000003));
#12391=VECTOR('',#16204,1000.0);
#12392=CARTESIAN_POINT('',(0.474999706617375,0.7,4.10238958199319));
#12393=VECTOR('',#16205,1000.0);
#12394=COLOUR_RGB('',0.61176472902298,0.61176472902298,0.61176472902298);
#12395=AXIS2_PLACEMENT_3D('',#16206,#16207,#16208);
#12396=COLOUR_RGB('',0.61176472902298,0.61176472902298,0.61176472902298);
#12397=CARTESIAN_POINT('',(-2.93382623821901E-07,6.5,6.05));
#12398=VECTOR('',#16209,1000.0);
#12399=COLOUR_RGB('',0.235294133424759,0.376470625400543,0.141176477074623);
#12400=COLOUR_RGB('',0.235294133424759,0.376470625400543,0.141176477074623);
#12401=CARTESIAN_POINT('',(4.38378813713902,0.70070795998192,6.94974232363956));
#12402=CARTESIAN_POINT('',(3.16427126766752,4.05130302149885,5.73022545416806));
#12403=VECTOR('',#16210,1000.0);
#12404=CARTESIAN_POINT('',(4.52474203025691,0.70070795998192,6.80878843052168));
#12405=AXIS2_PLACEMENT_3D('',#16211,#16212,#16213);
#12406=CARTESIAN_POINT('',(3.30522516078541,4.05130302149885,5.58927156105018));
#12407=VECTOR('',#16214,1000.0);
#12408=COLOUR_RGB('',0.61176472902298,0.61176472902298,0.61176472902298);
#12409=CARTESIAN_POINT('',(4.52499970661738,6.50000000000002,6.15000000000003));
#12410=CARTESIAN_POINT('',(4.52499970661738,1.50000000000002,6.15000000000003));
#12411=CARTESIAN_POINT('',(4.52499970661738,6.50000375000002,6.15000000000003));
#12412=VECTOR('',#16215,1000.0);
#12413=CARTESIAN_POINT('',(3.72499970661738,6.50000000000002,6.95000000000003));
#12414=AXIS2_PLACEMENT_3D('',#16216,#16217,#16218);
#12415=CARTESIAN_POINT('',(3.72499970661737,4.24874685927669,6.95000000000003));
#12416=CARTESIAN_POINT('',(3.72499970661738,6.50000375000002,6.95000000000003));
#12417=VECTOR('',#16219,1000.0);
#12418=CARTESIAN_POINT('',(3.72499970661737,3.75125314072329,6.95000000000003));
#12419=CARTESIAN_POINT('',(3.72499970661737,3.75125314072326,6.95000000000003));
#12420=CARTESIAN_POINT('',(3.75867317600514,3.91708438024127,6.95000000000003));
#12421=CARTESIAN_POINT('',(3.75867317600514,4.08291561975908,6.95000000000003));
#12422=CARTESIAN_POINT('',(3.72499970661737,4.24874685927669,6.95000000000003));
#12423=CARTESIAN_POINT('',(3.72499970661737,1.50000000000002,6.95000000000003));
#12424=CARTESIAN_POINT('',(3.72499970661738,6.50000375000002,6.95000000000003));
#12425=VECTOR('',#16220,1000.0);
#12426=AXIS2_PLACEMENT_3D('',#16221,#16222,#16223);
#12427=COLOUR_RGB('',0.235294133424759,0.376470625400543,0.141176477074623);
#12428=CARTESIAN_POINT('',(4.52499970661738,0.7,1.8));
#12429=CARTESIAN_POINT('',(3.22430981218691,4.27361611466053,1.8));
#12430=VECTOR('',#16224,1000.0);
#12431=AXIS2_PLACEMENT_3D('',#16225,#16226,#16227);
#12432=COLOUR_RGB('',0.235294133424759,0.376470625400543,0.141176477074623);
#12433=CARTESIAN_POINT('',(3.72499970661738,1.50000000000002,0.999999999999998));
#12434=CARTESIAN_POINT('',(3.72499970661738,4.0,1.0));
#12435=VECTOR('',#16228,1000.0);
#12436=CARTESIAN_POINT('',(4.52499970661738,1.50000000000002,1.8));
#12437=CARTESIAN_POINT('',(4.52499970661738,4.0,1.8));
#12438=VECTOR('',#16229,1000.0);
#12439=AXIS2_PLACEMENT_3D('',#16230,#16231,#16232);
#12440=COLOUR_RGB('',0.235294133424759,0.376470625400543,0.141176477074623);
#12441=CARTESIAN_POINT('',(4.52499970661738,0.7,6.80000000000003));
#12442=CARTESIAN_POINT('',(4.52499970661738,0.7,4.10238958199319));
#12443=VECTOR('',#16233,1000.0);
#12444=CARTESIAN_POINT('',(4.52499970661738,6.50000000000002,6.80000000000003));
#12445=CARTESIAN_POINT('',(4.52499970661738,4.0,6.80000000000003));
#12446=VECTOR('',#16234,1000.0);
#12447=CARTESIAN_POINT('',(4.52499970661738,6.50000000000002,1.03397576569128E-22));
#12448=VECTOR('',#16235,1000.0);
#12449=CARTESIAN_POINT('',(4.52499970661738,1.50000000000002,1.03397576569128E-22));
#12450=VECTOR('',#16236,1000.0);
#12451=COLOUR_RGB('',0.235294133424759,0.376470625400543,0.141176477074623);
#12452=CARTESIAN_POINT('',(4.37499970661738,6.5,6.95000000000003));
#12453=AXIS2_PLACEMENT_3D('',#16237,#16238,#16239);
#12454=CARTESIAN_POINT('',(-5.00000029338262,6.5,6.95000000000003));
#12455=VECTOR('',#16240,1000.0);
#12456=COLOUR_RGB('',0.235294133424759,0.376470625400543,0.141176477074623);
#12457=AXIS2_PLACEMENT_3D('',#16241,#16242,#16243);
#12458=COLOUR_RGB('',0.235294133424759,0.376470625400543,0.141176477074623);
#12459=CARTESIAN_POINT('',(4.37499970661738,0.7,6.95000000000003));
#12460=CARTESIAN_POINT('',(4.37499970661738,4.0,6.95000000000003));
#12461=VECTOR('',#16244,1000.0);
#12462=AXIS2_PLACEMENT_3D('',#16245,#16246,#16247);
#12463=COLOUR_RGB('',0.235294133424759,0.376470625400543,0.141176477074623);
#12464=CARTESIAN_POINT('',(2.49999970661738,0.7,6.95000000000003));
#12465=VECTOR('',#16248,1000.0);
#12466=CARTESIAN_POINT('',(-2.93382624434224E-07,1.50000000000002,6.95000000000003));
#12467=VECTOR('',#16249,1000.0);
#12468=COLOUR_RGB('',0.235294133424759,0.376470625400543,0.141176477074623);
#12469=CARTESIAN_POINT('',(1.67610147969585,4.0,5.74889822692156));
#12470=VECTOR('',#16250,1000.0);
#12471=COLOUR_RGB('',0.235294133424759,0.376470625400543,0.141176477074623);
#12472=CARTESIAN_POINT('',(1.77568960104785,4.27361611466053,1.8));
#12473=VECTOR('',#16251,1000.0);
#12474=COLOUR_RGB('',0.235294133424759,0.376470625400543,0.141176477074623);
#12475=CARTESIAN_POINT('',(1.27499970661738,0.55893841543323,1.0));
#12476=CARTESIAN_POINT('',(2.52744369767658,4.0,1.0));
#12477=VECTOR('',#16252,1000.0);
#12478=AXIS2_PLACEMENT_3D('',#16253,#16254,#16255);
#12479=COLOUR_RGB('',0.235294133424759,0.376470625400543,0.141176477074623);
#12480=CARTESIAN_POINT('',(1.27499970661738,1.50000000000002,0.999999999999998));
#12481=CARTESIAN_POINT('',(1.27499970661738,4.0,1.0));
#12482=VECTOR('',#16256,1000.0);
#12483=AXIS2_PLACEMENT_3D('',#16257,#16258,#16259);
#12484=COLOUR_RGB('',0.61176472902298,0.61176472902298,0.61176472902298);
#12485=CARTESIAN_POINT('',(-5.00000029338262,1.50000000000002,1.0));
#12486=VECTOR('',#16260,1000.0);
#12487=COLOUR_RGB('',0.61176472902298,0.61176472902298,0.61176472902298);
#12488=CARTESIAN_POINT('',(2.84999970661738,4.50000000000004,0.999999999999998));
#12489=CARTESIAN_POINT('',(3.72499970661738,4.50000000000004,0.999999999999998));
#12490=CARTESIAN_POINT('',(-5.00000029338262,4.50000000000005,0.999999999999998));
#12491=VECTOR('',#16261,1000.0);
#12492=CARTESIAN_POINT('',(3.72499970661738,-8.88178419700125E-16,1.0));
#12493=VECTOR('',#16262,1000.0);
#12494=CARTESIAN_POINT('',(1.27499970661738,4.50000000000004,0.999999999999999));
#12495=CARTESIAN_POINT('',(1.27499970661738,0.0,1.0));
#12496=VECTOR('',#16263,1000.0);
#12497=CARTESIAN_POINT('',(2.14999970661738,4.50000000000004,0.999999999999998));
#12498=CARTESIAN_POINT('',(-5.00000029338262,4.50000000000005,0.999999999999998));
#12499=VECTOR('',#16264,1000.0);
#12500=CARTESIAN_POINT('',(2.14999970661738,3.50000000000004,0.999999999999998));
#12501=CARTESIAN_POINT('',(2.14999970661738,4.0,0.999999999999998));
#12502=VECTOR('',#16265,1000.0);
#12503=CARTESIAN_POINT('',(2.84999970661738,3.50000000000004,0.999999999999998));
#12504=CARTESIAN_POINT('',(-5.00000029338262,3.50000000000005,0.999999999999998));
#12505=VECTOR('',#16266,1000.0);
#12506=CARTESIAN_POINT('',(2.84999970661738,4.0,0.999999999999998));
#12507=VECTOR('',#16267,1000.0);
#12508=COLOUR_RGB('',0.235294133424759,0.376470625400543,0.141176477074623);
#12509=CARTESIAN_POINT('',(1.89999970661738,4.50000000000004,0.65));
#12510=CARTESIAN_POINT('',(-5.00000029338262,4.50000000000005,4.51399999999997));
#12511=VECTOR('',#16268,1000.0);
#12512=CARTESIAN_POINT('',(2.14999970661738,4.50000000000004,0.65));
#12513=CARTESIAN_POINT('',(-5.00000029338262,4.50000000000005,0.65));
#12514=VECTOR('',#16269,1000.0);
#12515=CARTESIAN_POINT('',(2.14999970661738,4.50000000000004,1.03397576569128E-22));
#12516=VECTOR('',#16270,1000.0);
#12517=COLOUR_RGB('',0.61176472902298,0.61176472902298,0.61176472902298);
#12518=CARTESIAN_POINT('',(2.14999970661738,3.50000000000004,0.65));
#12519=CARTESIAN_POINT('',(2.14999970661738,4.0,0.65));
#12520=VECTOR('',#16271,1000.0);
#12521=CARTESIAN_POINT('',(2.14999970661738,3.50000000000004,2.89256632606654));
#12522=VECTOR('',#16272,1000.0);
#12523=COLOUR_RGB('',0.61176472902298,0.61176472902298,0.61176472902298);
#12524=CARTESIAN_POINT('',(2.84999970661738,3.50000000000004,0.65));
#12525=CARTESIAN_POINT('',(2.84999970661738,4.50000000000004,0.65));
#12526=CARTESIAN_POINT('',(2.84999970661738,4.0,0.65));
#12527=VECTOR('',#16273,1000.0);
#12528=CARTESIAN_POINT('',(2.84999970661738,4.50000000000004,1.03397576569128E-22));
#12529=VECTOR('',#16274,1000.0);
#12530=CARTESIAN_POINT('',(2.84999970661738,3.50000000000004,2.89256632606654));
#12531=VECTOR('',#16275,1000.0);
#12532=COLOUR_RGB('',0.235294133424759,0.376470625400543,0.141176477074623);
#12533=CARTESIAN_POINT('',(3.09999970661738,4.50000000000004,0.65));
#12534=CARTESIAN_POINT('',(-5.00000029338262,4.50000000000005,0.65));
#12535=VECTOR('',#16276,1000.0);
#12536=CARTESIAN_POINT('',(-5.00000029338262,4.50000000000005,-3.886));
#12537=VECTOR('',#16277,1000.0);
#12538=COLOUR_RGB('',0.235294133424759,0.376470625400543,0.141176477074623);
#12539=CARTESIAN_POINT('',(3.09999970661738,1.6,0.65));
#12540=CARTESIAN_POINT('',(3.09999970661738,4.0,0.65));
#12541=VECTOR('',#16278,1000.0);
#12542=CARTESIAN_POINT('',(3.09999970661738,4.0,0.65));
#12543=VECTOR('',#16279,1000.0);
#12544=COLOUR_RGB('',0.235294133424759,0.376470625400543,0.141176477074623);
#12545=CARTESIAN_POINT('',(3.09999970661738,1.6,1.03397576569128E-22));
#12546=VECTOR('',#16280,1000.0);
#12547=COLOUR_RGB('',0.235294133424759,0.376470625400543,0.141176477074623);
#12548=CARTESIAN_POINT('',(2.77499970661738,2.65000000000004,0.65));
#12549=CARTESIAN_POINT('',(2.41904732566503,3.8,0.65));
#12550=VECTOR('',#16281,1000.0);
#12551=CARTESIAN_POINT('',(2.77499970661738,2.65000000000004,0.2));
#12552=CARTESIAN_POINT('',(2.77499970661738,2.65000000000004,0.65));
#12553=VECTOR('',#16282,1000.0);
#12554=CARTESIAN_POINT('',(2.35714256376027,4.0,0.2));
#12555=VECTOR('',#16283,1000.0);
#12556=COLOUR_RGB('',0.235294133424759,0.376470625400543,0.141176477074623);
#12557=CARTESIAN_POINT('',(2.77499970661738,3.50000000000004,0.2));
#12558=CARTESIAN_POINT('',(2.77499970661738,4.0,0.2));
#12559=VECTOR('',#16284,1000.0);
#12560=CARTESIAN_POINT('',(2.77499970661738,3.50000000000004,0.65));
#12561=CARTESIAN_POINT('',(2.77499970661738,4.0,0.65));
#12562=VECTOR('',#16285,1000.0);
#12563=CARTESIAN_POINT('',(2.77499970661738,3.50000000000004,0.65));
#12564=VECTOR('',#16286,1000.0);
#12565=COLOUR_RGB('',0.235294133424759,0.376470625400543,0.141176477074623);
#12566=CARTESIAN_POINT('',(2.09999970661738,3.50000000000004,0.2));
#12567=VECTOR('',#16287,1000.0);
#12568=COLOUR_RGB('',0.61176472902298,0.61176472902298,0.61176472902298);
#12569=CARTESIAN_POINT('',(-2.93382624189295E-07,3.50000000000004,0.65));
#12570=VECTOR('',#16288,1000.0);
#12571=CARTESIAN_POINT('',(2.22499970661738,3.50000000000004,0.65));
#12572=CARTESIAN_POINT('',(-2.93382624189295E-07,3.50000000000004,0.65));
#12573=VECTOR('',#16289,1000.0);
#12574=CARTESIAN_POINT('',(2.22499970661738,3.50000000000004,0.65));
#12575=VECTOR('',#16290,1000.0);
#12576=COLOUR_RGB('',0.235294133424759,0.376470625400543,0.141176477074623);
#12577=CARTESIAN_POINT('',(1.89999970661738,1.6,0.65));
#12578=CARTESIAN_POINT('',(1.89999970661738,4.0,0.65));
#12579=VECTOR('',#16291,1000.0);
#12580=CARTESIAN_POINT('',(2.22499970661738,2.65000000000005,0.65));
#12581=CARTESIAN_POINT('',(2.58095208756973,3.8,0.65));
#12582=VECTOR('',#16292,1000.0);
#12583=CARTESIAN_POINT('',(2.22499970661738,4.0,0.65));
#12584=VECTOR('',#16293,1000.0);
#12585=COLOUR_RGB('',0.235294133424759,0.376470625400543,0.141176477074623);
#12586=CARTESIAN_POINT('',(1.89999970661738,1.6,1.03397576569128E-22));
#12587=VECTOR('',#16294,1000.0);
#12588=CARTESIAN_POINT('',(1.89999970661738,4.0,0.65));
#12589=VECTOR('',#16295,1000.0);
#12590=COLOUR_RGB('',0.235294133424759,0.376470625400543,0.141176477074623);
#12591=CARTESIAN_POINT('',(1.27499970661738,4.0,1.0));
#12592=VECTOR('',#16296,1000.0);
#12593=COLOUR_RGB('',0.235294133424759,0.376470625400543,0.141176477074623);
#12594=COLOUR_RGB('',0.235294133424759,0.376470625400543,0.141176477074623);
#12595=COLOUR_RGB('',0.235294133424759,0.376470625400543,0.141176477074623);
#12596=CARTESIAN_POINT('',(2.22499970661738,2.65000000000004,0.65));
#12597=VECTOR('',#16297,1000.0);
#12598=COLOUR_RGB('',0.235294133424759,0.376470625400543,0.141176477074623);
#12599=COLOUR_RGB('',0.235294133424759,0.376470625400543,0.141176477074623);
#12600=COLOUR_RGB('',0.645180702209473,0.678915679454803,0.699999988079071);
#12601=COLOUR_RGB('',0.61176472902298,0.61176472902298,0.61176472902298);
#12602=CARTESIAN_POINT('',(16.0499997066174,3.99999999999994,6.0499999999999));
#12603=CARTESIAN_POINT('',(16.0499997066174,3.99999999999994,6.01770762663912));
#12604=CARTESIAN_POINT('',(16.0499997066174,3.99999999999994,6.03385381331952));
#12605=VECTOR('',#16298,1.0);
#12606=CARTESIAN_POINT('',(16.2749997066174,4.77580603245911,6.04999999999992));
#12607=AXIS2_PLACEMENT_3D('',#16299,#16300,#16301);
#12608=CARTESIAN_POINT('',(16.2749997066174,4.77580603245909,6.04999999999991));
#12609=CARTESIAN_POINT('',(16.2658641988213,4.76138103886273,6.04999999999991));
#12610=CARTESIAN_POINT('',(16.2569748040946,4.74678077409917,6.04984355747613));
#12611=CARTESIAN_POINT('',(16.2397085752828,4.71725776181168,6.0492678834601));
#12612=CARTESIAN_POINT('',(16.2313317701802,4.70233506002666,6.04884866048329));
#12613=CARTESIAN_POINT('',(16.2151090416013,4.67219703088401,6.04779645226547));
#12614=CARTESIAN_POINT('',(16.2072631454091,4.65698175188979,6.04716347921947));
#12615=CARTESIAN_POINT('',(16.1921182918326,4.6262899040511,6.04573144051229));
#12616=CARTESIAN_POINT('',(16.184819359977,4.6108133866227,6.04493238996434));
#12617=CARTESIAN_POINT('',(16.1707820574062,4.57963158881104,6.04321414584662));
#12618=CARTESIAN_POINT('',(16.164043710483,4.5639263638813,6.0422949695326));
#12619=CARTESIAN_POINT('',(16.1511386184363,4.53232051696592,6.04038027729255));
#12620=CARTESIAN_POINT('',(16.1449718952327,4.51641995575472,6.03938477990918));
#12621=CARTESIAN_POINT('',(16.133218390099,4.48445719518009,6.03735863548473));
#12622=CARTESIAN_POINT('',(16.1276316277686,4.46839506323362,6.03632800727214));
#12623=CARTESIAN_POINT('',(16.1170444965146,4.43614546840051,6.03426986908707));
#12624=CARTESIAN_POINT('',(16.1120431858586,4.41995875887618,6.03324234380738));
#12625=CARTESIAN_POINT('',(16.1025858818532,4.38732807882432,6.03121498426097));
#12626=CARTESIAN_POINT('',(16.0981387738037,4.37091195521085,6.03021692783339));
#12627=CARTESIAN_POINT('',(16.0898177402416,4.33790024355397,6.02828393490167));
#12628=CARTESIAN_POINT('',(16.0859438350061,4.32130471323224,6.02734902049137));
#12629=CARTESIAN_POINT('',(16.0787793740881,4.28796439498989,6.02557153334339));
#12630=CARTESIAN_POINT('',(16.0754888375376,4.27121967517968,6.02472898227871));
#12631=CARTESIAN_POINT('',(16.0694992363893,4.2376125687117,6.02316178099612));
#12632=CARTESIAN_POINT('',(16.0668001887439,4.22075026090856,6.02243715056762));
#12633=CARTESIAN_POINT('',(16.0619994414842,4.18694056074705,6.02112714767026));
#12634=CARTESIAN_POINT('',(16.0598977553564,4.16999325744003,6.0205417915762));
#12635=CARTESIAN_POINT('',(16.0562952182659,4.13604664003919,6.01952702927245));
#12636=CARTESIAN_POINT('',(16.054794375916,4.11904742357895,6.01909763458796));
#12637=CARTESIAN_POINT('',(16.0523945638833,4.08502992641862,6.01840647422455));
#12638=CARTESIAN_POINT('',(16.0514955965803,4.06801174915416,6.01814471408525));
#12639=CARTESIAN_POINT('',(16.0502981704314,4.0339884086909,6.01779529082809));
#12640=CARTESIAN_POINT('',(16.0499997066174,4.01698335087938,6.01770762663912));
#12641=CARTESIAN_POINT('',(16.0499997066174,3.98301664912051,6.01770762663912));
#12642=CARTESIAN_POINT('',(16.0502981704314,3.96601159130898,6.01779529082809));
#12643=CARTESIAN_POINT('',(16.0514955965803,3.93198825084572,6.01814471408526));
#12644=CARTESIAN_POINT('',(16.0523945638833,3.91497007358127,6.01840647422455));
#12645=CARTESIAN_POINT('',(16.0547943759159,3.88095257642249,6.01909763458793));
#12646=CARTESIAN_POINT('',(16.0562952182657,3.86395335996224,6.01952702927241));
#12647=CARTESIAN_POINT('',(16.0598977553564,3.83000674255986,6.02054179157621));
#12648=CARTESIAN_POINT('',(16.0619994414842,3.81305943925283,6.02112714767026));
#12649=CARTESIAN_POINT('',(16.0668001887439,3.77924973909132,6.02243715056762));
#12650=CARTESIAN_POINT('',(16.0694992363893,3.76238743128818,6.02316178099613));
#12651=CARTESIAN_POINT('',(16.0754888375376,3.7287803248202,6.02472898227871));
#12652=CARTESIAN_POINT('',(16.0787793740881,3.71203560501,6.02557153334339));
#12653=CARTESIAN_POINT('',(16.0859438350067,3.67869528676505,6.02734902049152));
#12654=CARTESIAN_POINT('',(16.0898177402422,3.66209975644334,6.02828393490183));
#12655=CARTESIAN_POINT('',(16.0981387738037,3.62908804478904,6.0302169278334));
#12656=CARTESIAN_POINT('',(16.1025858818532,3.61267192117556,6.03121498426098));
#12657=CARTESIAN_POINT('',(16.1120431858581,3.5800412411252,6.03324234380729));
#12658=CARTESIAN_POINT('',(16.1170444965141,3.56385453160085,6.03426986908698));
#12659=CARTESIAN_POINT('',(16.1276316277677,3.53160493676919,6.03632800727196));
#12660=CARTESIAN_POINT('',(16.133218390098,3.51554280482267,6.03735863548455));
#12661=CARTESIAN_POINT('',(16.1449718952317,3.48358004424786,6.03938477990902));
#12662=CARTESIAN_POINT('',(16.1511386184352,3.46767948303663,6.04038027729239));
#12663=CARTESIAN_POINT('',(16.1640437104839,3.43607363611619,6.04229496953275));
#12664=CARTESIAN_POINT('',(16.1707820574072,3.42036841118649,6.04321414584676));
#12665=CARTESIAN_POINT('',(16.1848193599769,3.38918661337719,6.04493238996435));
#12666=CARTESIAN_POINT('',(16.1921182918326,3.37371009594877,6.0457314405123));
#12667=CARTESIAN_POINT('',(16.2072631454091,3.34301824811009,6.04716347921948));
#12668=CARTESIAN_POINT('',(16.2151090416013,3.32780296911588,6.04779645226548));
#12669=CARTESIAN_POINT('',(16.231331770181,3.29766493997179,6.04884866048335));
#12670=CARTESIAN_POINT('',(16.2397085752836,3.2827422381868,6.04926788346014));
#12671=CARTESIAN_POINT('',(16.2569748040953,3.25321922589947,6.04984355747617));
#12672=CARTESIAN_POINT('',(16.2658641988221,3.23861896113595,6.04999999999992));
#12673=CARTESIAN_POINT('',(16.2749997066174,3.2241939675408,6.04999999999992));
#12674=COLOUR_RGB('',0.61176472902298,0.61176472902298,0.61176472902298);
#12675=CARTESIAN_POINT('',(17.1499997066174,4.00000000000001,-3.6000000000001));
#12676=CARTESIAN_POINT('',(17.8499997066174,4.00000000000001,-3.6000000000001));
#12677=CARTESIAN_POINT('',(17.4999997066174,4.00000000000001,-3.6000000000001));
#12678=VECTOR('',#16302,1.0);
#12679=CARTESIAN_POINT('',(17.1499997066174,4.50000000000001,-3.1000000000001));
#12680=AXIS2_PLACEMENT_3D('',#16303,#16304,#16305);
#12681=CARTESIAN_POINT('',(17.8499997066174,4.50000000000001,-3.1000000000001));
#12682=CARTESIAN_POINT('',(17.8500057066174,4.50000000000001,-3.1000000000001));
#12683=VECTOR('',#16306,1000.0);
#12684=AXIS2_PLACEMENT_3D('',#16307,#16308,#16309);
#12685=COLOUR_RGB('',0.235294133424759,0.376470625400543,0.141176477074623);
#12686=CARTESIAN_POINT('',(19.1021467036186,4.92499999999993,11.4999999999999));
#12687=CARTESIAN_POINT('',(19.1021467036186,4.92499999999993,10.5999999999999));
#12688=CARTESIAN_POINT('',(19.1021467036186,4.92499999999992,11.4999999999999));
#12689=VECTOR('',#16310,1.0);
#12690=CARTESIAN_POINT('',(15.8978527096162,3.07499999999993,11.4999999999999));
#12691=AXIS2_PLACEMENT_3D('',#16311,#16312,#16313);
#12692=CARTESIAN_POINT('',(15.8978527096162,3.07499999999993,10.5999999999999));
#12693=CARTESIAN_POINT('',(15.8978527096162,3.07499999999993,11.4999999999999));
#12694=VECTOR('',#16314,1.0);
#12695=CARTESIAN_POINT('',(15.6937605197986,3.59999999999993,10.5999999999999));
#12696=AXIS2_PLACEMENT_3D('',#16315,#16316,#16317);
#12697=CARTESIAN_POINT('',(15.6937605197986,3.59999999999993,9.69999999999991));
#12698=CARTESIAN_POINT('',(15.6937605197986,3.59999999999993,11.4999999999999));
#12699=VECTOR('',#16318,1000.0);
#12700=CARTESIAN_POINT('',(15.6937605197986,4.39999999999992,9.69999999999991));
#12701=AXIS2_PLACEMENT_3D('',#16319,#16320,#16321);
#12702=CARTESIAN_POINT('',(15.6937605197986,4.39999999999992,10.5999999999999));
#12703=CARTESIAN_POINT('',(15.6937605197986,4.39999999999991,11.4999999999999));
#12704=VECTOR('',#16322,1000.0);
#12705=AXIS2_PLACEMENT_3D('',#16323,#16324,#16325);
#12706=COLOUR_RGB('',0.235294133424759,0.376470625400543,0.141176477074623);
#12707=CARTESIAN_POINT('',(14.9999997066174,-6.08402217494586E-14,7.99999999999989));
#12708=CARTESIAN_POINT('',(19.9999997066174,-6.79456491070596E-14,7.99999999999989));
#12709=CARTESIAN_POINT('',(9.99999970661742,-5.37347943918576E-14,7.9999999999999));
#12710=VECTOR('',#16326,1000.0);
#12711=CARTESIAN_POINT('',(14.9999997066174,-4.21884749357559E-14,-1.07682113134981E-13));
#12712=CARTESIAN_POINT('',(14.9999997066174,-6.88338275267597E-14,11.4999999999999));
#12713=VECTOR('',#16327,1000.0);
#12714=CARTESIAN_POINT('',(16.8999997066174,-4.48530101948563E-14,-1.09868115983635E-13));
#12715=CARTESIAN_POINT('',(9.99999970661741,-3.50830475781549E-14,-1.01929474059576E-13));
#12716=VECTOR('',#16328,1000.0);
#12717=CARTESIAN_POINT('',(16.8999997066174,-4.66293670342566E-14,0.649999999999891));
#12718=CARTESIAN_POINT('',(16.8999997066174,1.82076576038526E-14,-26.9951630000001));
#12719=VECTOR('',#16329,1000.0);
#12720=CARTESIAN_POINT('',(16.2749997066174,-4.66293670342566E-14,0.999999999999891));
#12721=CARTESIAN_POINT('',(9.99999970661742,-4.57411886145564E-14,4.51399999999987));
#12722=VECTOR('',#16330,1000.0);
#12723=CARTESIAN_POINT('',(16.0715627606118,-4.66293670342566E-14,0.999999999999891));
#12724=CARTESIAN_POINT('',(9.99999970661741,-3.77475828372553E-14,0.999999999999898));
#12725=VECTOR('',#16331,1000.0);
#12726=CARTESIAN_POINT('',(15.2202205426311,-4.66293670342566E-14,1.79999999999989));
#12727=AXIS2_PLACEMENT_3D('',#16332,#16333,#16334);
#12728=CARTESIAN_POINT('',(15.2202205426311,-5.90638649100583E-14,7.20477916398627));
#12729=CARTESIAN_POINT('',(15.2202205426311,-5.19584375524573E-14,4.10238958199308));
#12730=VECTOR('',#16335,1000.0);
#12731=CARTESIAN_POINT('',(19.6388249774859,-6.52811138479592E-14,7.20477916398627));
#12732=CARTESIAN_POINT('',(17.4999997066174,-6.26165785888588E-14,7.20477916398627));
#12733=VECTOR('',#16336,1000.0);
#12734=CARTESIAN_POINT('',(19.7797788706037,-6.61692922676593E-14,7.06382527086838));
#12735=AXIS2_PLACEMENT_3D('',#16337,#16338,#16339);
#12736=CARTESIAN_POINT('',(19.7797788706037,-5.37347943918576E-14,1.79999999999989));
#12737=CARTESIAN_POINT('',(19.7797788706037,-5.90638649100583E-14,4.10238958199308));
#12738=VECTOR('',#16340,1000.0);
#12739=CARTESIAN_POINT('',(18.928436652623,-5.01820807130571E-14,0.999999999999888));
#12740=AXIS2_PLACEMENT_3D('',#16341,#16342,#16343);
#12741=CARTESIAN_POINT('',(18.7249997066174,-5.01820807130571E-14,0.999999999999888));
#12742=CARTESIAN_POINT('',(9.99999970661741,-3.77475828372553E-14,0.999999999999898));
#12743=VECTOR('',#16344,1000.0);
#12744=CARTESIAN_POINT('',(18.0999997066174,-4.84057238736568E-14,0.64999999999989));
#12745=CARTESIAN_POINT('',(9.99999970661741,-2.62012633811537E-14,-3.8860000000001));
#12746=VECTOR('',#16345,1000.0);
#12747=CARTESIAN_POINT('',(18.0999997066174,-4.66293670342566E-14,-1.11248749361732E-13));
#12748=CARTESIAN_POINT('',(18.0999997066174,1.64313007644523E-14,-26.9951630000001));
#12749=VECTOR('',#16346,1000.0);
#12750=CARTESIAN_POINT('',(19.9999997066174,-4.9293902293357E-14,-1.13434752210386E-13));
#12751=CARTESIAN_POINT('',(14.9999997066174,-4.21884749357559E-14,-1.07682113134981E-13));
#12752=VECTOR('',#16347,1000.0);
#12753=CARTESIAN_POINT('',(19.9999997066174,-4.9293902293357E-14,-1.13434752210386E-13));
#12754=VECTOR('',#16348,1000.0);
#12755=COLOUR_RGB('',0.235294133424759,0.376470625400543,0.141176477074623);
#12756=AXIS2_PLACEMENT_3D('',#16349,#16350,#16351);
#12757=CARTESIAN_POINT('',(14.9999997066174,6.49999999999993,11.4999999999999));
#12758=CARTESIAN_POINT('',(19.9999997066174,6.49999999999992,11.4999999999999));
#12759=CARTESIAN_POINT('',(9.99999970661743,6.49999999999994,11.4999999999999));
#12760=VECTOR('',#16352,1000.0);
#12761=CARTESIAN_POINT('',(14.9999997066174,1.3080386689394,11.4999999999999));
#12762=CARTESIAN_POINT('',(14.9999997066174,7.49999999999993,11.4999999999999));
#12763=VECTOR('',#16353,1000.0);
#12764=CARTESIAN_POINT('',(19.9999997066174,1.30803866893939,11.4999999999999));
#12765=CARTESIAN_POINT('',(9.99999970661742,1.30803866893941,11.4999999999999));
#12766=VECTOR('',#16354,1000.0);
#12767=CARTESIAN_POINT('',(19.9999997066174,3.99999999999992,11.4999999999999));
#12768=VECTOR('',#16355,1000.0);
#12769=COLOUR_RGB('',0.235294133424759,0.376470625400543,0.141176477074623);
#12770=CARTESIAN_POINT('',(18.9999997066174,6.79999999999994,5.5999999999999));
#12771=CARTESIAN_POINT('',(18.9999997066174,6.49999999999996,5.5999999999999));
#12772=CARTESIAN_POINT('',(18.9999997066174,3.99999999999994,5.5999999999999));
#12773=VECTOR('',#16356,1000.0);
#12774=CARTESIAN_POINT('',(18.9999997066174,6.79999999999995,1.6499999999999));
#12775=CARTESIAN_POINT('',(18.9999997066174,6.79999999999995,-9.64302396036576E-14));
#12776=VECTOR('',#16357,1000.0);
#12777=CARTESIAN_POINT('',(18.9999997066174,6.49999999999997,1.6499999999999));
#12778=CARTESIAN_POINT('',(18.9999997066174,3.99999999999995,1.6499999999999));
#12779=VECTOR('',#16358,1000.0);
#12780=CARTESIAN_POINT('',(18.9999997066174,6.49999999999997,-9.71296801091715E-14));
#12781=VECTOR('',#16359,1000.0);
#12782=COLOUR_RGB('',0.235294133424759,0.376470625400543,0.141176477074623);
#12783=CARTESIAN_POINT('',(15.9999997066174,6.79999999999995,1.64999999999991));
#12784=CARTESIAN_POINT('',(9.99999970661742,6.79999999999996,1.64999999999991));
#12785=VECTOR('',#16360,1000.0);
#12786=CARTESIAN_POINT('',(15.9999997066174,6.79999999999994,5.59999999999991));
#12787=CARTESIAN_POINT('',(9.99999970661743,6.79999999999995,5.59999999999991));
#12788=VECTOR('',#16361,1000.0);
#12789=CARTESIAN_POINT('',(15.9999997066174,6.79999999999996,-9.29786561584148E-14));
#12790=VECTOR('',#16362,1000.0);
#12791=COLOUR_RGB('',0.235294133424759,0.376470625400543,0.141176477074623);
#12792=CARTESIAN_POINT('',(15.9999997066174,6.49999999999996,5.59999999999991));
#12793=CARTESIAN_POINT('',(9.99999970661743,6.49999999999997,5.59999999999991));
#12794=VECTOR('',#16363,1000.0);
#12795=CARTESIAN_POINT('',(15.9999997066174,3.99999999999994,5.5999999999999));
#12796=VECTOR('',#16364,1000.0);
#12797=COLOUR_RGB('',0.61176472902298,0.61176472902298,0.61176472902298);
#12798=CARTESIAN_POINT('',(16.3999997066174,1.7,6.2499999999999));
#12799=CARTESIAN_POINT('',(18.5999997066174,1.7,6.24999999999989));
#12800=CARTESIAN_POINT('',(16.3999847066174,1.7,6.2499999999999));
#12801=VECTOR('',#16365,1000.0);
#12802=CARTESIAN_POINT('',(18.5999997066174,2.29999999999996,6.24999999999992));
#12803=CARTESIAN_POINT('',(18.5999997066174,6.49999999999996,6.24999999999993));
#12804=VECTOR('',#16366,1000.0);
#12805=CARTESIAN_POINT('',(18.7249997066174,2.29999999999996,6.24999999999992));
#12806=CARTESIAN_POINT('',(24.8146827174001,2.29999999999995,6.24999999999992));
#12807=VECTOR('',#16367,1000.0);
#12808=CARTESIAN_POINT('',(18.7249997066174,1.49999999999996,6.24999999999992));
#12809=CARTESIAN_POINT('',(18.7249997066174,6.49999999999996,6.24999999999993));
#12810=VECTOR('',#16368,1000.0);
#12811=CARTESIAN_POINT('',(15.4749997066174,1.49999999999996,6.24999999999993));
#12812=CARTESIAN_POINT('',(24.8146827174001,1.49999999999995,6.24999999999991));
#12813=VECTOR('',#16369,1000.0);
#12814=CARTESIAN_POINT('',(15.4749997066174,2.29999999999996,6.2499999999999));
#12815=CARTESIAN_POINT('',(15.4749997066174,3.99999999999994,6.24999999999993));
#12816=VECTOR('',#16370,1000.0);
#12817=CARTESIAN_POINT('',(16.3999997066174,2.29999999999996,6.2499999999999));
#12818=CARTESIAN_POINT('',(24.8146827174001,2.29999999999995,6.24999999999989));
#12819=VECTOR('',#16371,1000.0);
#12820=CARTESIAN_POINT('',(16.3999997066174,6.49999999999996,6.24999999999994));
#12821=VECTOR('',#16372,1000.0);
#12822=COLOUR_RGB('',0.517647087574005,0.564705908298492,0.61176472902298);
#12823=CARTESIAN_POINT('',(18.5999997066174,6.49999999999996,4.90653280914467));
#12824=CARTESIAN_POINT('',(18.5999997066174,6.49999999999996,5.34999999999993));
#12825=CARTESIAN_POINT('',(18.5999997066174,6.49999999999997,2.89256632606644));
#12826=VECTOR('',#16373,1000.0);
#12827=CARTESIAN_POINT('',(18.5999997066174,4.59371710435183,5.34999999999992));
#12828=CARTESIAN_POINT('',(18.5999997066174,6.49999999999996,5.34999999999993));
#12829=VECTOR('',#16374,1000.0);
#12830=CARTESIAN_POINT('',(18.5999997066174,4.59371710435184,4.97125920269675));
#12831=CARTESIAN_POINT('',(18.5999997066174,4.59371710435182,9.6999999999999));
#12832=VECTOR('',#16375,1000.0);
#12833=CARTESIAN_POINT('',(18.5999997066174,3.40628289564803,4.97125920269675));
#12834=CARTESIAN_POINT('',(18.5999997066074,4.59371710435396,4.97125920265529));
#12835=CARTESIAN_POINT('',(18.5999997066074,4.57163609251432,4.95628092984905));
#12836=CARTESIAN_POINT('',(18.5999997066174,4.54925137088385,4.94174264185121));
#12837=CARTESIAN_POINT('',(18.5999997066174,4.52655188360432,4.92774556193208));
#12838=CARTESIAN_POINT('',(18.5999997066174,4.50385241841604,4.91374849563498));
#12839=CARTESIAN_POINT('',(18.5999997066082,4.48083753281403,4.90029209634257));
#12840=CARTESIAN_POINT('',(18.5999997066082,4.45748995555345,4.88748767516196));
#12841=CARTESIAN_POINT('',(18.5999997066082,4.43414249870164,4.87468332001667));
#12842=CARTESIAN_POINT('',(18.5999997066174,4.4104613558224,4.86253033792178));
#12843=CARTESIAN_POINT('',(18.5999997066174,4.38642563152821,4.85115315496735));
#12844=CARTESIAN_POINT('',(18.5999997066174,4.36241076175938,4.83978584339219));
#12845=CARTESIAN_POINT('',(18.5999997066166,4.33796670583258,4.82915665740635));
#12846=CARTESIAN_POINT('',(18.5999997066166,4.31305327855031,4.81941751563074));
#12847=CARTESIAN_POINT('',(18.5999997066166,4.28814998927902,4.80968233700018));
#12848=CARTESIAN_POINT('',(18.5999997066149,4.2628216266876,4.80085831070044));
#12849=CARTESIAN_POINT('',(18.5999997066149,4.23716798940814,4.79313650728061));
#12850=CARTESIAN_POINT('',(18.5999997066149,4.2243414760288,4.78927569745476));
#12851=CARTESIAN_POINT('',(18.5999997066159,4.21143444891929,4.7856901951742));
#12852=CARTESIAN_POINT('',(18.5999997066159,4.19846140001495,4.78240059705066));
#12853=CARTESIAN_POINT('',(18.5999997066159,4.18548834223291,4.77911099667598));
#12854=CARTESIAN_POINT('',(18.5999997066169,4.17244946717981,4.77611739002153));
#12855=CARTESIAN_POINT('',(18.5999997066169,4.15935996093661,4.77343715626501));
#12856=CARTESIAN_POINT('',(18.5999997066169,4.14627042260182,4.77075691593734));
#12857=CARTESIAN_POINT('',(18.5999997066173,4.13313051434057,4.76839012577975));
#12858=CARTESIAN_POINT('',(18.5999997066173,4.1199553920065,4.76635032437419));
#12859=CARTESIAN_POINT('',(18.5999997066173,4.1067802070473,4.76431051327287));
#12860=CARTESIAN_POINT('',(18.5999997066174,4.09357011373873,4.76259774071594));
#12861=CARTESIAN_POINT('',(18.5999997066174,4.08033919188968,4.76122134641103));
#12862=CARTESIAN_POINT('',(18.5999997066174,4.0671110138315,4.75984523753885));
#12863=CARTESIAN_POINT('',(18.5999997066174,4.0538579614021,4.75880410708604));
#12864=CARTESIAN_POINT('',(18.5999997066174,4.04054479821626,4.75810377807036));
#12865=CARTESIAN_POINT('',(18.5999997066174,4.02723584537203,4.75740367053656));
#12866=CARTESIAN_POINT('',(18.5999997066174,4.01388504578802,4.7570460900776));
#12867=CARTESIAN_POINT('',(18.5999997066174,4.00051365014434,4.75703717295702));
#12868=CARTESIAN_POINT('',(18.5999997066174,3.98714235001985,4.75702825590014));
#12869=CARTESIAN_POINT('',(18.5999997066174,3.97375094806574,4.75736805087917));
#12870=CARTESIAN_POINT('',(18.5999997066174,3.96036347308024,4.75805653359061));
#12871=CARTESIAN_POINT('',(18.5999997066174,3.94697604699937,4.75874501378701));
#12872=CARTESIAN_POINT('',(18.5999997066174,3.9335930508803,4.75978216453922));
#12873=CARTESIAN_POINT('',(18.5999997066174,3.92023952971065,4.76116135850723));
#12874=CARTESIAN_POINT('',(18.5999997066174,3.90688601707032,4.76254055159432));
#12875=CARTESIAN_POINT('',(18.5999997066174,3.89356244637246,4.7642617119877));
#12876=CARTESIAN_POINT('',(18.5999997066174,3.88029332495381,4.76631185691973));
#12877=CARTESIAN_POINT('',(18.5999997066174,3.86702417763508,4.76836200585346));
#12878=CARTESIAN_POINT('',(18.5999997066173,3.85380987683875,4.7707410215048));
#12879=CARTESIAN_POINT('',(18.5999997066173,3.84067313451301,4.77343038026478));
#12880=CARTESIAN_POINT('',(18.5999997066173,3.82753633710062,4.77611975030211));
#12881=CARTESIAN_POINT('',(18.5999997066174,3.81447740766357,4.77911932471918));
#12882=CARTESIAN_POINT('',(18.5999997066174,3.80151633250993,4.78240624376563));
#12883=CARTESIAN_POINT('',(18.5999997066174,3.78855517745241,4.78569318307564));
#12884=CARTESIAN_POINT('',(18.5999997066174,3.77569209611567,4.78926732699157));
#12885=CARTESIAN_POINT('',(18.5999997066174,3.76294372439503,4.79310288874955));
#12886=CARTESIAN_POINT('',(18.5999997066174,3.73746983365894,4.8007671366453));
#12887=CARTESIAN_POINT('',(18.5999997066129,3.71234208050268,4.80950691340829));
#12888=CARTESIAN_POINT('',(18.5999997066129,3.68753062730957,4.8191894524455));
#12889=CARTESIAN_POINT('',(18.5999997066129,3.66272228997622,4.82887077553482));
#12890=CARTESIAN_POINT('',(18.5999997066174,3.63824402057104,4.83949001990419));
#12891=CARTESIAN_POINT('',(18.5999997066174,3.6141046624351,4.85090229646043));
#12892=CARTESIAN_POINT('',(18.5999997066174,3.58996530686599,4.86231457180317));
#12893=CARTESIAN_POINT('',(18.5999997066174,3.56616443775664,4.87451984963324));
#12894=CARTESIAN_POINT('',(18.5999997066174,3.54271198783476,4.88737694501287));
#12895=CARTESIAN_POINT('',(18.5999997066174,3.51925955753698,4.90023402963419));
#12896=CARTESIAN_POINT('',(18.5999997066111,3.49615508793355,4.91374308195476));
#12897=CARTESIAN_POINT('',(18.5999997066111,3.47341185711989,4.92776792092117));
#12898=CARTESIAN_POINT('',(18.5999997066111,3.45066866424259,4.94179273649375));
#12899=CARTESIAN_POINT('',(18.5999997066174,3.42828633917101,4.95633354701737));
#12900=CARTESIAN_POINT('',(18.5999997066174,3.40628289564801,4.97125920269672));
#12901=CARTESIAN_POINT('',(18.5999997066174,3.40628289564803,5.34999999999991));
#12902=CARTESIAN_POINT('',(18.5999997066174,3.40628289564802,9.69999999999989));
#12903=VECTOR('',#16376,1000.0);
#12904=CARTESIAN_POINT('',(18.5999997066174,1.74999999999998,5.34999999999989));
#12905=CARTESIAN_POINT('',(18.5999997066174,6.49999999999996,5.34999999999993));
#12906=VECTOR('',#16377,1000.0);
#12907=CARTESIAN_POINT('',(18.5999997066174,1.74999999999996,6.04999999999989));
#12908=CARTESIAN_POINT('',(18.5999997066174,1.74999999999997,2.89256632606643));
#12909=VECTOR('',#16378,1000.0);
#12910=CARTESIAN_POINT('',(18.5999997066174,2.29999999999996,6.04999999999989));
#12911=CARTESIAN_POINT('',(18.5999997066174,6.49999999999996,6.0499999999999));
#12912=VECTOR('',#16379,1000.0);
#12913=CARTESIAN_POINT('',(18.5999997066174,2.29999999999997,2.89256632606643));
#12914=VECTOR('',#16380,1000.0);
#12915=CARTESIAN_POINT('',(18.5999997066174,1.5,6.04999999999989));
#12916=AXIS2_PLACEMENT_3D('',#16381,#16382,#16383);
#12917=CARTESIAN_POINT('',(18.5999997066174,1.49999999999998,5.39565677580968));
#12918=CARTESIAN_POINT('',(18.5999997066174,1.49999999999991,2.37963007209146));
#12919=VECTOR('',#16384,1000.0);
#12920=CARTESIAN_POINT('',(18.5999997066174,1.56513871421427,5.24796644573954));
#12921=AXIS2_PLACEMENT_3D('',#16385,#16386,#16387);
#12922=CARTESIAN_POINT('',(18.5999997066174,3.30282707760556,3.66122148504683));
#12923=CARTESIAN_POINT('',(18.5999997066174,13.515306688778,-5.66415635634013));
#12924=VECTOR('',#16388,1000.0);
#12925=CARTESIAN_POINT('',(18.5999997066174,4.5396187906751,3.57286583915192));
#12926=AXIS2_PLACEMENT_3D('',#16389,#16390,#16391);
#12927=CARTESIAN_POINT('',(18.5999997066174,6.49999999999996,4.90653280914467));
#12928=VECTOR('',#16392,1000.0);
#12929=COLOUR_RGB('',0.517647087574005,0.564705908298492,0.61176472902298);
#12930=CARTESIAN_POINT('',(18.8249997066174,2.29999999999996,6.04999999999989));
#12931=CARTESIAN_POINT('',(24.8146827174001,2.29999999999995,6.04999999999989));
#12932=VECTOR('',#16393,1000.0);
#12933=CARTESIAN_POINT('',(18.8249997066174,2.29999999999996,6.14999999999992));
#12934=CARTESIAN_POINT('',(18.8249997066174,2.29999999999997,2.89256632606643));
#12935=VECTOR('',#16394,1000.0);
#12936=AXIS2_PLACEMENT_3D('',#16395,#16396,#16397);
#12937=COLOUR_RGB('',0.517647087574005,0.564705908298492,0.61176472902298);
#12938=CARTESIAN_POINT('',(16.3999997066174,1.5,6.04999999999989));
#12939=AXIS2_PLACEMENT_3D('',#16398,#16399,#16400);
#12940=CARTESIAN_POINT('',(19.5249997066174,1.5,6.04999999999989));
#12941=VECTOR('',#16401,1000.0);
#12942=COLOUR_RGB('',0.517647087574005,0.564705908298492,0.61176472902298);
#12943=CARTESIAN_POINT('',(16.3999997066174,1.49999999999998,5.39565677580968));
#12944=CARTESIAN_POINT('',(19.5249997066174,1.49999999999998,5.39565677580968));
#12945=VECTOR('',#16402,1000.0);
#12946=CARTESIAN_POINT('',(16.3999997066174,1.49999999999991,2.37963007209146));
#12947=VECTOR('',#16403,1000.0);
#12948=COLOUR_RGB('',0.517647087574005,0.564705908298492,0.61176472902298);
#12949=CARTESIAN_POINT('',(16.3999997066174,1.56513871421427,5.24796644573955));
#12950=CARTESIAN_POINT('',(19.5249997066174,1.56513871421427,5.24796644573954));
#12951=VECTOR('',#16404,1000.0);
#12952=AXIS2_PLACEMENT_3D('',#16405,#16406,#16407);
#12953=COLOUR_RGB('',0.517647087574005,0.564705908298492,0.61176472902298);
#12954=CARTESIAN_POINT('',(16.3999997066174,3.30282707760557,3.66122148504682));
#12955=CARTESIAN_POINT('',(16.3999997066174,13.515306688778,-5.66415635634013));
#12956=VECTOR('',#16408,1000.0);
#12957=CARTESIAN_POINT('',(19.5249997066174,3.30282707760556,3.66122148504681));
#12958=VECTOR('',#16409,1000.0);
#12959=COLOUR_RGB('',0.517647087574005,0.564705908298492,0.61176472902298);
#12960=CARTESIAN_POINT('',(16.3999997066174,4.5396187906751,3.57286583915192));
#12961=AXIS2_PLACEMENT_3D('',#16410,#16411,#16412);
#12962=CARTESIAN_POINT('',(19.5249997066174,4.5396187906751,3.57286583915192));
#12963=VECTOR('',#16413,1000.0);
#12964=COLOUR_RGB('',0.517647087574005,0.564705908298492,0.61176472902298);
#12965=CARTESIAN_POINT('',(16.3999997066174,6.49999999999996,4.90653280914468));
#12966=CARTESIAN_POINT('',(16.3999997066174,6.49999999999996,4.90653280914468));
#12967=VECTOR('',#16414,1000.0);
#12968=CARTESIAN_POINT('',(24.8146827174001,6.49999999999995,4.90653280914467));
#12969=VECTOR('',#16415,1000.0);
#12970=COLOUR_RGB('',0.61176472902298,0.61176472902298,0.61176472902298);
#12971=CARTESIAN_POINT('',(16.2749997066174,6.49999999999997,1.69999999999991));
#12972=CARTESIAN_POINT('',(18.7249997066174,6.49999999999997,1.6999999999999));
#12973=CARTESIAN_POINT('',(24.8146827174001,6.49999999999996,1.6999999999999));
#12974=VECTOR('',#16416,1000.0);
#12975=CARTESIAN_POINT('',(18.8249997066174,6.49999999999997,1.7999999999999));
#12976=AXIS2_PLACEMENT_3D('',#16417,#16418,#16419);
#12977=CARTESIAN_POINT('',(18.8249997066174,6.49999999999996,5.34999999999993));
#12978=CARTESIAN_POINT('',(18.8249997066174,6.49999999999997,2.89256632606644));
#12979=VECTOR('',#16420,1000.0);
#12980=CARTESIAN_POINT('',(15.4675660326839,6.49999999999996,5.34999999999991));
#12981=VECTOR('',#16421,1000.0);
#12982=CARTESIAN_POINT('',(16.3999997066174,6.49999999999996,5.34999999999994));
#12983=CARTESIAN_POINT('',(16.3999997066174,6.49999999999997,2.89256632606645));
#12984=VECTOR('',#16422,1000.0);
#12985=CARTESIAN_POINT('',(16.2749997066174,6.49999999999996,5.34999999999994));
#12986=CARTESIAN_POINT('',(15.4675660326839,6.49999999999996,5.34999999999991));
#12987=VECTOR('',#16423,1000.0);
#12988=CARTESIAN_POINT('',(16.1749997066174,6.49999999999996,5.24999999999994));
#12989=AXIS2_PLACEMENT_3D('',#16424,#16425,#16426);
#12990=CARTESIAN_POINT('',(16.1749997066174,6.49999999999997,1.79999999999991));
#12991=CARTESIAN_POINT('',(16.1749997066174,6.49999999999997,2.89256632606645));
#12992=VECTOR('',#16427,1000.0);
#12993=AXIS2_PLACEMENT_3D('',#16428,#16429,#16430);
#12994=CARTESIAN_POINT('',(15.9999997066174,6.49999999999997,1.64999999999991));
#12995=CARTESIAN_POINT('',(9.99999970661742,6.49999999999998,1.64999999999991));
#12996=VECTOR('',#16431,1000.0);
#12997=CARTESIAN_POINT('',(15.9999997066174,6.49999999999998,-9.36780966639286E-14));
#12998=VECTOR('',#16432,1000.0);
#12999=COLOUR_RGB('',0.61176472902298,0.61176472902298,0.61176472902298);
#13000=CARTESIAN_POINT('',(18.8249997066174,1.49999999999997,1.79999999999989));
#13001=CARTESIAN_POINT('',(18.7249997066174,1.49999999999997,1.69999999999989));
#13002=AXIS2_PLACEMENT_3D('',#16433,#16434,#16435);
#13003=CARTESIAN_POINT('',(18.8249997066174,6.49999999999997,1.7999999999999));
#13004=VECTOR('',#16436,1000.0);
#13005=CARTESIAN_POINT('',(18.7249997066174,3.49999999999999,1.6999999999999));
#13006=VECTOR('',#16437,1000.0);
#13007=COLOUR_RGB('',0.61176472902298,0.61176472902298,0.61176472902298);
#13008=CARTESIAN_POINT('',(18.8249997066174,1.74999999999995,6.04999999999989));
#13009=CARTESIAN_POINT('',(15.4675660326839,1.74999999999995,6.0499999999999));
#13010=VECTOR('',#16438,1000.0);
#13011=CARTESIAN_POINT('',(18.8249997066174,6.49999999999996,6.04999999999993));
#13012=VECTOR('',#16439,1000.0);
#13013=COLOUR_RGB('',0.61176472902298,0.61176472902298,0.61176472902298);
#13014=CARTESIAN_POINT('',(18.8249997066174,1.74999999999995,5.34999999999989));
#13015=CARTESIAN_POINT('',(15.4675660326839,1.74999999999994,5.3499999999999));
#13016=VECTOR('',#16440,1000.0);
#13017=CARTESIAN_POINT('',(18.8249997066174,1.74999999999998,2.89256632606643));
#13018=VECTOR('',#16441,1000.0);
#13019=COLOUR_RGB('',0.61176472902298,0.61176472902298,0.61176472902298);
#13020=CARTESIAN_POINT('',(18.8249997066174,1.49999999999996,6.14999999999992));
#13021=CARTESIAN_POINT('',(18.8249997066174,1.49999999999996,7.3697494266135));
#13022=VECTOR('',#16442,1000.0);
#13023=CARTESIAN_POINT('',(18.8249997066174,6.49999999999996,6.14999999999993));
#13024=VECTOR('',#16443,1000.0);
#13025=CARTESIAN_POINT('',(18.8249997066174,6.49999999999996,5.34999999999993));
#13026=VECTOR('',#16444,1000.0);
#13027=COLOUR_RGB('',0.61176472902298,0.61176472902298,0.61176472902298);
#13028=AXIS2_PLACEMENT_3D('',#16445,#16446,#16447);
#13029=COLOUR_RGB('',0.61176472902298,0.61176472902298,0.61176472902298);
#13030=CARTESIAN_POINT('',(16.2749997066174,1.49999999999997,1.69999999999989));
#13031=CARTESIAN_POINT('',(16.2749997066174,6.50002999999997,1.69999999999991));
#13032=VECTOR('',#16448,1000.0);
#13033=CARTESIAN_POINT('',(24.8146827174001,1.49999999999996,1.69999999999988));
#13034=VECTOR('',#16449,1000.0);
#13035=COLOUR_RGB('',0.61176472902298,0.61176472902298,0.61176472902298);
#13036=AXIS2_PLACEMENT_3D('',#16450,#16451,#16452);
#13037=COLOUR_RGB('',0.61176472902298,0.61176472902298,0.61176472902298);
#13038=AXIS2_PLACEMENT_3D('',#16453,#16454,#16455);
#13039=COLOUR_RGB('',0.61176472902298,0.61176472902298,0.61176472902298);
#13040=COLOUR_RGB('',0.61176472902298,0.61176472902298,0.61176472902298);
#13041=CARTESIAN_POINT('',(15.4749997066174,1.49999999999996,6.94999999999993));
#13042=CARTESIAN_POINT('',(18.7249997066174,1.49999999999996,6.94999999999992));
#13043=CARTESIAN_POINT('',(14.9999997066174,1.49999999999996,6.94999999999993));
#13044=VECTOR('',#16456,1000.0);
#13045=CARTESIAN_POINT('',(15.4749997066174,1.49999999999998,-1.04731411319575E-13));
#13046=VECTOR('',#16457,1000.0);
#13047=CARTESIAN_POINT('',(16.1749997066174,1.49999999999997,1.79999999999989));
#13048=AXIS2_PLACEMENT_3D('',#16458,#16459,#16460);
#13049=CARTESIAN_POINT('',(16.1749997066174,1.49999999999997,4.6224585583312));
#13050=CARTESIAN_POINT('',(16.1749997066174,1.49999999999997,2.01053106975128));
#13051=VECTOR('',#16461,1000.0);
#13052=CARTESIAN_POINT('',(15.4749997066174,1.49999999999995,4.62245855833121));
#13053=CARTESIAN_POINT('',(15.4049973066174,1.49999999999995,4.62245855833121));
#13054=VECTOR('',#16462,1000.0);
#13055=CARTESIAN_POINT('',(15.4749997066174,1.49999999999997,1.7999999999999));
#13056=CARTESIAN_POINT('',(15.4749997066174,1.49999999999998,-1.04731411319575E-13));
#13057=VECTOR('',#16463,1000.0);
#13058=CARTESIAN_POINT('',(16.2749997066174,1.49999999999997,0.999999999999892));
#13059=AXIS2_PLACEMENT_3D('',#16464,#16465,#16466);
#13060=CARTESIAN_POINT('',(18.7249997066174,1.49999999999997,0.99999999999989));
#13061=CARTESIAN_POINT('',(9.99999970661741,1.49999999999998,0.999999999999902));
#13062=VECTOR('',#16467,1000.0);
#13063=CARTESIAN_POINT('',(19.5249997066174,1.49999999999997,1.79999999999989));
#13064=AXIS2_PLACEMENT_3D('',#16468,#16469,#16470);
#13065=CARTESIAN_POINT('',(19.5249997066174,1.49999999999996,6.14999999999992));
#13066=CARTESIAN_POINT('',(19.5249997066174,1.49999999999997,-1.09391048970653E-13));
#13067=VECTOR('',#16471,1000.0);
#13068=AXIS2_PLACEMENT_3D('',#16472,#16473,#16474);
#13069=COLOUR_RGB('',0.235294133424759,0.376470625400543,0.141176477074623);
#13070=CARTESIAN_POINT('',(19.3749997066174,0.699999999999936,6.94999999999992));
#13071=CARTESIAN_POINT('',(19.3749997066174,6.49999999999994,6.94999999999993));
#13072=CARTESIAN_POINT('',(19.3749997066174,3.99999999999994,6.94999999999993));
#13073=VECTOR('',#16475,1000.0);
#13074=CARTESIAN_POINT('',(19.5249997066174,6.49999999999996,6.79999999999993));
#13075=AXIS2_PLACEMENT_3D('',#16476,#16477,#16478);
#13076=CARTESIAN_POINT('',(19.5249997066174,0.699999999999936,6.79999999999992));
#13077=CARTESIAN_POINT('',(19.5249997066174,3.99999999999994,6.79999999999993));
#13078=VECTOR('',#16479,1000.0);
#13079=CARTESIAN_POINT('',(19.5247420302569,0.700707959981856,6.80878843052157));
#13080=AXIS2_PLACEMENT_3D('',#16480,#16481,#16482);
#13081=CARTESIAN_POINT('',(19.383788137139,0.700707959981856,6.94974232363945));
#13082=AXIS2_PLACEMENT_3D('',#16483,#16484,#16485);
#13083=AXIS2_PLACEMENT_3D('',#16486,#16487,#16488);
#13084=COLOUR_RGB('',0.235294133424759,0.376470625400543,0.141176477074623);
#13085=CARTESIAN_POINT('',(19.5249997066174,6.49999999999996,6.14999999999993));
#13086=CARTESIAN_POINT('',(18.7249997066174,6.49999999999996,6.94999999999993));
#13087=AXIS2_PLACEMENT_3D('',#16489,#16490,#16491);
#13088=CARTESIAN_POINT('',(19.5249997066174,6.49999999999997,-9.77337072120889E-14));
#13089=VECTOR('',#16492,1000.0);
#13090=CARTESIAN_POINT('',(9.99999970661743,6.49999999999995,6.94999999999994));
#13091=VECTOR('',#16493,1000.0);
#13092=COLOUR_RGB('',0.61176472902298,0.61176472902298,0.61176472902298);
#13093=CARTESIAN_POINT('',(19.5249997066174,6.50000374999996,6.14999999999993));
#13094=VECTOR('',#16494,1000.0);
#13095=CARTESIAN_POINT('',(18.7249997066174,4.24874685927663,6.94999999999993));
#13096=CARTESIAN_POINT('',(18.7249997066174,6.50000374999996,6.94999999999993));
#13097=VECTOR('',#16495,1000.0);
#13098=CARTESIAN_POINT('',(18.7249997066174,3.75125314072322,6.94999999999993));
#13099=CARTESIAN_POINT('',(18.7249997066174,3.7512531407232,6.94999999999993));
#13100=CARTESIAN_POINT('',(18.758673176005,3.91708438024102,6.94999999999993));
#13101=CARTESIAN_POINT('',(18.758673176005,4.08291561975883,6.94999999999993));
#13102=CARTESIAN_POINT('',(18.7249997066174,4.24874685927663,6.94999999999993));
#13103=CARTESIAN_POINT('',(18.7249997066174,6.50000374999996,6.94999999999993));
#13104=VECTOR('',#16496,1000.0);
#13105=COLOUR_RGB('',0.235294133424759,0.376470625400543,0.141176477074623);
#13106=CARTESIAN_POINT('',(15.4749997066174,0.699999999999942,6.94999999999992));
#13107=CARTESIAN_POINT('',(17.4999997066174,0.699999999999938,6.94999999999992));
#13108=VECTOR('',#16497,1000.0);
#13109=CARTESIAN_POINT('',(15.4749997066174,3.99999999999994,6.94999999999993));
#13110=VECTOR('',#16498,1000.0);
#13111=COLOUR_RGB('',0.235294133424759,0.376470625400543,0.141176477074623);
#13112=CARTESIAN_POINT('',(18.1642712676675,4.05130302149879,5.73022545416796));
#13113=VECTOR('',#16499,1000.0);
#13114=CARTESIAN_POINT('',(16.6761014796959,3.99999999999994,5.74889822692146));
#13115=VECTOR('',#16500,1000.0);
#13116=COLOUR_RGB('',0.235294133424759,0.376470625400543,0.141176477074623);
#13117=CARTESIAN_POINT('',(14.9999997066174,0.499999999999939,7.99999999999989));
#13118=CARTESIAN_POINT('',(14.9999997066174,-6.08402217494586E-14,7.99999999999989));
#13119=VECTOR('',#16501,1000.0);
#13120=CARTESIAN_POINT('',(19.9999997066174,0.499999999999932,7.99999999999989));
#13121=CARTESIAN_POINT('',(19.9999997066174,3.99999999999993,7.9999999999999));
#13122=VECTOR('',#16502,1000.0);
#13123=CARTESIAN_POINT('',(9.99999970661742,0.499999999999947,7.9999999999999));
#13124=VECTOR('',#16503,1000.0);
#13125=COLOUR_RGB('',0.61176472902298,0.61176472902298,0.61176472902298);
#13126=CARTESIAN_POINT('',(19.3062388934362,3.59999999999993,9.6999999999999));
#13127=CARTESIAN_POINT('',(19.3062388934362,3.59999999999993,10.5999999999999));
#13128=CARTESIAN_POINT('',(19.3062388934362,3.59999999999992,11.4999999999999));
#13129=VECTOR('',#16504,1000.0);
#13130=CARTESIAN_POINT('',(12.4999997066174,3.59999999999994,9.69999999999991));
#13131=VECTOR('',#16505,1000.0);
#13132=CARTESIAN_POINT('',(12.4999997066174,3.59999999999994,10.5999999999999));
#13133=VECTOR('',#16506,1000.0);
#13134=COLOUR_RGB('',0.61176472902298,0.61176472902298,0.61176472902298);
#13135=CARTESIAN_POINT('',(17.8499997066174,4.5,-1.00469509825254E-13));
#13136=CARTESIAN_POINT('',(17.1499997066174,4.5,-9.96641403546973E-14));
#13137=CARTESIAN_POINT('',(9.99999970661742,4.50000000000001,-9.14378664768686E-14));
#13138=VECTOR('',#16507,1000.0);
#13139=CARTESIAN_POINT('',(17.8499997066174,4.49999999999999,2.89256632606644));
#13140=VECTOR('',#16508,1000.0);
#13141=CARTESIAN_POINT('',(17.1499997066174,4.49999999999999,2.89256632606644));
#13142=VECTOR('',#16509,1000.0);
#13143=COLOUR_RGB('',0.61176472902298,0.61176472902298,0.61176472902298);
#13144=CARTESIAN_POINT('',(17.8499997066174,4.5,0.999999999999898));
#13145=CARTESIAN_POINT('',(18.7249997066174,4.5,0.999999999999897));
#13146=CARTESIAN_POINT('',(9.99999970661742,4.50000000000001,0.999999999999907));
#13147=VECTOR('',#16510,1000.0);
#13148=CARTESIAN_POINT('',(18.7249997066174,-5.01820807130571E-14,0.999999999999888));
#13149=VECTOR('',#16511,1000.0);
#13150=CARTESIAN_POINT('',(16.2749997066174,4.5,0.9999999999999));
#13151=CARTESIAN_POINT('',(16.2749997066174,-4.66293670342566E-14,0.999999999999891));
#13152=VECTOR('',#16512,1000.0);
#13153=CARTESIAN_POINT('',(17.1499997066174,4.5,0.999999999999898));
#13154=CARTESIAN_POINT('',(9.99999970661742,4.50000000000001,0.999999999999907));
#13155=VECTOR('',#16513,1000.0);
#13156=CARTESIAN_POINT('',(17.1499997066174,3.5,0.999999999999896));
#13157=CARTESIAN_POINT('',(17.1499997066174,3.99999999999995,0.999999999999897));
#13158=VECTOR('',#16514,1000.0);
#13159=CARTESIAN_POINT('',(17.8499997066174,3.5,0.999999999999895));
#13160=CARTESIAN_POINT('',(9.99999970661742,3.50000000000001,0.999999999999904));
#13161=VECTOR('',#16515,1000.0);
#13162=CARTESIAN_POINT('',(17.8499997066174,3.99999999999995,0.999999999999896));
#13163=VECTOR('',#16516,1000.0);
#13164=COLOUR_RGB('',0.235294133424759,0.376470625400543,0.141176477074623);
#13165=CARTESIAN_POINT('',(18.7249997066174,0.55893841543318,0.999999999999889));
#13166=CARTESIAN_POINT('',(18.7249997066174,3.99999999999995,0.999999999999897));
#13167=VECTOR('',#16517,1000.0);
#13168=CARTESIAN_POINT('',(19.5249997066174,0.699999999999948,1.79999999999989));
#13169=AXIS2_PLACEMENT_3D('',#16518,#16519,#16520);
#13170=CARTESIAN_POINT('',(19.5249997066174,3.99999999999995,1.7999999999999));
#13171=VECTOR('',#16521,1000.0);
#13172=COLOUR_RGB('',0.235294133424759,0.376470625400543,0.141176477074623);
#13173=CARTESIAN_POINT('',(14.9999997066174,7.49999999999996,-9.01961004971349E-14));
#13174=CARTESIAN_POINT('',(14.9999997066174,8.99999999999996,-8.66988979695657E-14));
#13175=VECTOR('',#16522,1000.0);
#13176=CARTESIAN_POINT('',(19.9999997066174,7.49999999999995,-9.59487395725396E-14));
#13177=CARTESIAN_POINT('',(-2.93382578720655E-07,7.49999999999998,-7.29381832709208E-14));
#13178=VECTOR('',#16523,1000.0);
#13179=CARTESIAN_POINT('',(19.9999997066174,3.99999999999995,-1.04108878803535E-13));
#13180=VECTOR('',#16524,1000.0);
#13181=CARTESIAN_POINT('',(18.0999997066174,1.59999999999995,-1.07518399998992E-13));
#13182=CARTESIAN_POINT('',(18.0999997066175,78.42636,7.1599826918305E-14));
#13183=VECTOR('',#16525,1000.0);
#13184=CARTESIAN_POINT('',(17.8499997066174,2.40769230769229,-1.05347658991915E-13));
#13185=CARTESIAN_POINT('',(17.3571425637603,3.99999999999995,-1.01068198149392E-13));
#13186=VECTOR('',#16526,1000.0);
#13187=CARTESIAN_POINT('',(17.8499997066174,3.5,-1.02800978176967E-13));
#13188=CARTESIAN_POINT('',(17.8499997066174,3.99999999999995,-1.0163524400111E-13));
#13189=VECTOR('',#16527,1000.0);
#13190=CARTESIAN_POINT('',(17.8499997066174,3.99999999999995,-1.0163524400111E-13));
#13191=VECTOR('',#16528,1000.0);
#13192=CARTESIAN_POINT('',(17.1499997066174,3.5,-1.0199560870641E-13));
#13193=CARTESIAN_POINT('',(17.1499997066174,3.99999999999995,-1.00829874530554E-13));
#13194=VECTOR('',#16529,1000.0);
#13195=CARTESIAN_POINT('',(17.1499997066174,2.40769230769229,-1.04542289521358E-13));
#13196=CARTESIAN_POINT('',(17.1499997066174,3.99999999999995,-1.00829874530554E-13));
#13197=VECTOR('',#16530,1000.0);
#13198=CARTESIAN_POINT('',(16.8999997066174,1.59999999999996,-1.06137766620894E-13));
#13199=CARTESIAN_POINT('',(17.6428568494745,3.99999999999995,-1.01396920382272E-13));
#13200=VECTOR('',#16531,1000.0);
#13201=CARTESIAN_POINT('',(16.8999997066174,3.99999999999996,-1.00542242576784E-13));
#13202=VECTOR('',#16532,1000.0);
#13203=COLOUR_RGB('',0.235294133424759,0.376470625400543,0.141176477074623);
#13204=CARTESIAN_POINT('',(15.9999997066174,3.99999999999995,1.6499999999999));
#13205=VECTOR('',#16533,1000.0);
#13206=COLOUR_RGB('',0.61176472902298,0.61176472902298,0.61176472902298);
#13207=CARTESIAN_POINT('',(17.8499997066174,3.5,0.649999999999897));
#13208=CARTESIAN_POINT('',(17.7749997066174,3.5,0.649999999999897));
#13209=CARTESIAN_POINT('',(14.9999997066174,3.5,0.649999999999901));
#13210=VECTOR('',#16534,1000.0);
#13211=CARTESIAN_POINT('',(17.8499997066174,3.49999999999999,2.89256632606644));
#13212=VECTOR('',#16535,1000.0);
#13213=CARTESIAN_POINT('',(17.1499997066174,3.5,0.649999999999898));
#13214=CARTESIAN_POINT('',(17.1499997066174,3.49999999999999,2.89256632606644));
#13215=VECTOR('',#16536,1000.0);
#13216=CARTESIAN_POINT('',(17.2249997066174,3.5,0.649999999999898));
#13217=CARTESIAN_POINT('',(14.9999997066174,3.5,0.649999999999901));
#13218=VECTOR('',#16537,1000.0);
#13219=CARTESIAN_POINT('',(17.2249997066174,3.5,0.199999999999898));
#13220=CARTESIAN_POINT('',(17.2249997066174,3.5,0.649999999999898));
#13221=VECTOR('',#16538,1000.0);
#13222=CARTESIAN_POINT('',(17.1499997066174,3.5,0.199999999999898));
#13223=CARTESIAN_POINT('',(17.0999997066174,3.5,0.199999999999898));
#13224=VECTOR('',#16539,1000.0);
#13225=CARTESIAN_POINT('',(17.1499997066174,3.5,-1.0199560870641E-13));
#13226=VECTOR('',#16540,1000.0);
#13227=CARTESIAN_POINT('',(17.1499997066174,3.50000000000001,-3.1000000000001));
#13228=CARTESIAN_POINT('',(17.1499997066174,3.49999999999999,2.89256632606644));
#13229=VECTOR('',#16541,1000.0);
#13230=CARTESIAN_POINT('',(17.8499997066174,3.50000000000001,-3.1000000000001));
#13231=CARTESIAN_POINT('',(17.8500057066174,3.50000000000001,-3.1000000000001));
#13232=VECTOR('',#16542,1000.0);
#13233=CARTESIAN_POINT('',(17.8499997066174,3.49999999999999,2.89256632606644));
#13234=VECTOR('',#16543,1000.0);
#13235=CARTESIAN_POINT('',(17.8499997066174,3.5,0.199999999999897));
#13236=CARTESIAN_POINT('',(17.8499997066174,3.5,-1.02800978176967E-13));
#13237=VECTOR('',#16544,1000.0);
#13238=CARTESIAN_POINT('',(17.7749997066174,3.5,0.199999999999897));
#13239=CARTESIAN_POINT('',(17.0999997066174,3.5,0.199999999999898));
#13240=VECTOR('',#16545,1000.0);
#13241=CARTESIAN_POINT('',(17.7749997066174,3.5,0.649999999999897));
#13242=VECTOR('',#16546,1000.0);
#13243=COLOUR_RGB('',0.235294133424759,0.376470625400543,0.141176477074623);
#13244=CARTESIAN_POINT('',(14.9999997066174,6.49999999999994,7.99999999999991));
#13245=CARTESIAN_POINT('',(14.9999997066174,7.49999999999994,7.99999999999991));
#13246=CARTESIAN_POINT('',(14.9999997066174,-6.08402217494586E-14,7.99999999999989));
#13247=VECTOR('',#16547,1000.0);
#13248=CARTESIAN_POINT('',(19.9999997066174,6.49999999999993,7.9999999999999));
#13249=CARTESIAN_POINT('',(9.99999970661743,6.49999999999995,7.99999999999991));
#13250=VECTOR('',#16548,1000.0);
#13251=CARTESIAN_POINT('',(19.9999997066174,7.49999999999993,7.9999999999999));
#13252=CARTESIAN_POINT('',(19.9999997066174,3.99999999999993,7.9999999999999));
#13253=VECTOR('',#16549,1000.0);
#13254=CARTESIAN_POINT('',(9.99999970661743,7.49999999999995,7.99999999999992));
#13255=VECTOR('',#16550,1000.0);
#13256=COLOUR_RGB('',0.235294133424759,0.376470625400543,0.141176477074623);
#13257=CARTESIAN_POINT('',(19.3062388934362,4.39999999999991,10.5999999999999));
#13258=AXIS2_PLACEMENT_3D('',#16551,#16552,#16553);
#13259=CARTESIAN_POINT('',(19.3062388934362,4.39999999999991,9.69999999999991));
#13260=CARTESIAN_POINT('',(19.3062388934362,4.39999999999991,11.4999999999999));
#13261=VECTOR('',#16554,1000.0);
#13262=AXIS2_PLACEMENT_3D('',#16555,#16556,#16557);
#13263=AXIS2_PLACEMENT_3D('',#16558,#16559,#16560);
#13264=COLOUR_RGB('',0.235294133424759,0.376470625400543,0.141176477074623);
#13265=CARTESIAN_POINT('',(14.9999997066174,7.49999999999997,-3.60000000000009));
#13266=VECTOR('',#16561,1000.0);
#13267=CARTESIAN_POINT('',(19.9999997066174,7.49999999999995,-9.59487395725396E-14));
#13268=VECTOR('',#16562,1000.0);
#13269=COLOUR_RGB('',0.235294133424759,0.376470625400543,0.141176477074623);
#13270=CARTESIAN_POINT('',(15.4749997066174,0.699999999999954,1.79999999999989));
#13271=CARTESIAN_POINT('',(16.7756896010479,4.27361611466049,1.7999999999999));
#13272=VECTOR('',#16563,1000.0);
#13273=CARTESIAN_POINT('',(16.2749997066174,0.558938415433184,0.999999999999892));
#13274=CARTESIAN_POINT('',(17.5274436976766,3.99999999999995,0.999999999999899));
#13275=VECTOR('',#16564,1000.0);
#13276=AXIS2_PLACEMENT_3D('',#16565,#16566,#16567);
#13277=COLOUR_RGB('',0.235294133424759,0.376470625400543,0.141176477074623);
#13278=CARTESIAN_POINT('',(15.4749997066174,0.699999999999948,4.10238958199308));
#13279=VECTOR('',#16568,1000.0);
#13280=COLOUR_RGB('',0.61176472902298,0.61176472902298,0.61176472902298);
#13281=CARTESIAN_POINT('',(17.8499997066174,4.5,0.6499999999999));
#13282=CARTESIAN_POINT('',(17.8499997066174,3.99999999999995,0.649999999999898));
#13283=VECTOR('',#16569,1000.0);
#13284=CARTESIAN_POINT('',(17.8499997066174,4.5,-1.00469509825254E-13));
#13285=VECTOR('',#16570,1000.0);
#13286=COLOUR_RGB('',0.235294133424759,0.376470625400543,0.141176477074623);
#13287=CARTESIAN_POINT('',(17.8499997066174,2.40769230769229,0.199999999999895));
#13288=CARTESIAN_POINT('',(17.8499997066174,2.40769230769229,-1.05347658991915E-13));
#13289=VECTOR('',#16571,1000.0);
#13290=CARTESIAN_POINT('',(18.0999997066174,1.59999999999995,0.649999999999893));
#13291=CARTESIAN_POINT('',(18.0999997066174,1.59999999999995,-1.07518399998992E-13));
#13292=VECTOR('',#16572,1000.0);
#13293=CARTESIAN_POINT('',(17.7749997066174,2.64999999999999,0.649999999999895));
#13294=CARTESIAN_POINT('',(17.419047325665,3.79999999999995,0.649999999999898));
#13295=VECTOR('',#16573,1000.0);
#13296=CARTESIAN_POINT('',(17.7749997066174,2.64999999999999,0.199999999999895));
#13297=CARTESIAN_POINT('',(17.7749997066174,2.64999999999999,0.649999999999895));
#13298=VECTOR('',#16574,1000.0);
#13299=CARTESIAN_POINT('',(17.3571425637603,3.99999999999995,0.199999999999899));
#13300=VECTOR('',#16575,1000.0);
#13301=COLOUR_RGB('',0.61176472902298,0.61176472902298,0.61176472902298);
#13302=AXIS2_PLACEMENT_3D('',#16576,#16577,#16578);
#13303=AXIS2_PLACEMENT_3D('',#16579,#16580,#16581);
#13304=COLOUR_RGB('',0.235294133424759,0.376470625400543,0.141176477074623);
#13305=CARTESIAN_POINT('',(17.8499997066174,3.5,0.199999999999897));
#13306=VECTOR('',#16582,1000.0);
#13307=COLOUR_RGB('',0.61176472902298,0.61176472902298,0.61176472902298);
#13308=CARTESIAN_POINT('',(15.4749997066174,1.59999999999995,4.7956636390881));
#13309=AXIS2_PLACEMENT_3D('',#16583,#16584,#16585);
#13310=CARTESIAN_POINT('',(16.1749997066174,1.59999999999995,4.7956636390881));
#13311=AXIS2_PLACEMENT_3D('',#16586,#16587,#16588);
#13312=CARTESIAN_POINT('',(15.4049973066174,1.59999999999995,4.7956636390881));
#13313=VECTOR('',#16589,1000.0);
#13314=COLOUR_RGB('',0.61176472902298,0.61176472902298,0.61176472902298);
#13315=CARTESIAN_POINT('',(15.4749997066174,1.64999999999995,4.82453115254758));
#13316=CARTESIAN_POINT('',(15.4749997066174,3.99999999999994,6.1813042851433));
#13317=VECTOR('',#16590,1000.0);
#13318=CARTESIAN_POINT('',(16.1749997066174,1.64999999999995,4.82453115254757));
#13319=CARTESIAN_POINT('',(16.1749997066174,4.06900222102324,6.22114273602579));
#13320=VECTOR('',#16591,1000.0);
#13321=CARTESIAN_POINT('',(15.4049973066174,1.64999999999995,4.82453115254758));
#13322=VECTOR('',#16592,1000.0);
#13323=COLOUR_RGB('',0.61176472902298,0.61176472902298,0.61176472902298);
#13324=CARTESIAN_POINT('',(15.4749997066174,1.74999999999995,4.99773623330447));
#13325=AXIS2_PLACEMENT_3D('',#16593,#16594,#16595);
#13326=CARTESIAN_POINT('',(16.1749997066174,1.74999999999994,4.99773623330447));
#13327=AXIS2_PLACEMENT_3D('',#16596,#16597,#16598);
#13328=CARTESIAN_POINT('',(15.4049973066174,1.74999999999995,4.99773623330447));
#13329=VECTOR('',#16599,1000.0);
#13330=COLOUR_RGB('',0.61176472902298,0.61176472902298,0.61176472902298);
#13331=CARTESIAN_POINT('',(15.4749997066174,6.49999999999996,5.24999999999994));
#13332=CARTESIAN_POINT('',(15.4749997066174,1.74999999999994,5.24999999999993));
#13333=CARTESIAN_POINT('',(15.4749997066174,6.50000374999996,5.24999999999994));
#13334=VECTOR('',#16600,1000.0);
#13335=CARTESIAN_POINT('',(16.2749997066174,1.74999999999994,6.0499999999999));
#13336=AXIS2_PLACEMENT_3D('',#16601,#16602,#16603);
#13337=CARTESIAN_POINT('',(16.2749997066174,2.29999999999996,6.04999999999992));
#13338=CARTESIAN_POINT('',(16.2749997066174,1.74999999999994,6.0499999999999));
#13339=VECTOR('',#16604,1000.0);
#13340=CARTESIAN_POINT('',(16.2749997066174,3.22419396754082,6.04999999999992));
#13341=CARTESIAN_POINT('',(16.2749997066174,6.50000374999996,6.04999999999993));
#13342=VECTOR('',#16605,1000.0);
#13343=CARTESIAN_POINT('',(16.2749997066174,4.77580603245909,6.04999999999991));
#13344=CARTESIAN_POINT('',(16.2658641988213,4.76138103886273,6.04999999999991));
#13345=CARTESIAN_POINT('',(16.2569748040946,4.74678077409917,6.04984355747613));
#13346=CARTESIAN_POINT('',(16.2397085752828,4.71725776181168,6.0492678834601));
#13347=CARTESIAN_POINT('',(16.2313317701802,4.70233506002666,6.04884866048329));
#13348=CARTESIAN_POINT('',(16.2151090416013,4.67219703088401,6.04779645226547));
#13349=CARTESIAN_POINT('',(16.2072631454091,4.65698175188979,6.04716347921947));
#13350=CARTESIAN_POINT('',(16.1921182918326,4.6262899040511,6.04573144051229));
#13351=CARTESIAN_POINT('',(16.184819359977,4.6108133866227,6.04493238996434));
#13352=CARTESIAN_POINT('',(16.1707820574062,4.57963158881104,6.04321414584662));
#13353=CARTESIAN_POINT('',(16.164043710483,4.5639263638813,6.0422949695326));
#13354=CARTESIAN_POINT('',(16.1511386184363,4.53232051696592,6.04038027729255));
#13355=CARTESIAN_POINT('',(16.1449718952327,4.51641995575472,6.03938477990918));
#13356=CARTESIAN_POINT('',(16.133218390099,4.48445719518009,6.03735863548473));
#13357=CARTESIAN_POINT('',(16.1276316277686,4.46839506323362,6.03632800727214));
#13358=CARTESIAN_POINT('',(16.1170444965146,4.43614546840051,6.03426986908707));
#13359=CARTESIAN_POINT('',(16.1120431858586,4.41995875887618,6.03324234380738));
#13360=CARTESIAN_POINT('',(16.1025858818532,4.38732807882432,6.03121498426097));
#13361=CARTESIAN_POINT('',(16.0981387738037,4.37091195521085,6.03021692783339));
#13362=CARTESIAN_POINT('',(16.0898177402416,4.33790024355397,6.02828393490167));
#13363=CARTESIAN_POINT('',(16.0859438350061,4.32130471323224,6.02734902049137));
#13364=CARTESIAN_POINT('',(16.0787793740881,4.28796439498989,6.02557153334339));
#13365=CARTESIAN_POINT('',(16.0754888375376,4.27121967517968,6.02472898227871));
#13366=CARTESIAN_POINT('',(16.0694992363893,4.2376125687117,6.02316178099612));
#13367=CARTESIAN_POINT('',(16.0668001887439,4.22075026090856,6.02243715056762));
#13368=CARTESIAN_POINT('',(16.0619994414842,4.18694056074705,6.02112714767026));
#13369=CARTESIAN_POINT('',(16.0598977553564,4.16999325744003,6.0205417915762));
#13370=CARTESIAN_POINT('',(16.0562952182659,4.13604664003919,6.01952702927245));
#13371=CARTESIAN_POINT('',(16.054794375916,4.11904742357895,6.01909763458796));
#13372=CARTESIAN_POINT('',(16.0523945638833,4.08502992641862,6.01840647422455));
#13373=CARTESIAN_POINT('',(16.0514955965803,4.06801174915416,6.01814471408525));
#13374=CARTESIAN_POINT('',(16.0502981704314,4.0339884086909,6.01779529082809));
#13375=CARTESIAN_POINT('',(16.0499997066174,4.01698335087938,6.01770762663912));
#13376=CARTESIAN_POINT('',(16.0499997066174,3.98301664912051,6.01770762663912));
#13377=CARTESIAN_POINT('',(16.0502981704314,3.96601159130898,6.01779529082809));
#13378=CARTESIAN_POINT('',(16.0514955965803,3.93198825084572,6.01814471408526));
#13379=CARTESIAN_POINT('',(16.0523945638833,3.91497007358127,6.01840647422455));
#13380=CARTESIAN_POINT('',(16.0547943759159,3.88095257642249,6.01909763458793));
#13381=CARTESIAN_POINT('',(16.0562952182657,3.86395335996224,6.01952702927241));
#13382=CARTESIAN_POINT('',(16.0598977553564,3.83000674255986,6.02054179157621));
#13383=CARTESIAN_POINT('',(16.0619994414842,3.81305943925283,6.02112714767026));
#13384=CARTESIAN_POINT('',(16.0668001887439,3.77924973909132,6.02243715056762));
#13385=CARTESIAN_POINT('',(16.0694992363893,3.76238743128818,6.02316178099613));
#13386=CARTESIAN_POINT('',(16.0754888375376,3.7287803248202,6.02472898227871));
#13387=CARTESIAN_POINT('',(16.0787793740881,3.71203560501,6.02557153334339));
#13388=CARTESIAN_POINT('',(16.0859438350067,3.67869528676505,6.02734902049152));
#13389=CARTESIAN_POINT('',(16.0898177402422,3.66209975644334,6.02828393490183));
#13390=CARTESIAN_POINT('',(16.0981387738037,3.62908804478904,6.0302169278334));
#13391=CARTESIAN_POINT('',(16.1025858818532,3.61267192117556,6.03121498426098));
#13392=CARTESIAN_POINT('',(16.1120431858581,3.5800412411252,6.03324234380729));
#13393=CARTESIAN_POINT('',(16.1170444965141,3.56385453160085,6.03426986908698));
#13394=CARTESIAN_POINT('',(16.1276316277677,3.53160493676919,6.03632800727196));
#13395=CARTESIAN_POINT('',(16.133218390098,3.51554280482267,6.03735863548455));
#13396=CARTESIAN_POINT('',(16.1449718952317,3.48358004424786,6.03938477990902));
#13397=CARTESIAN_POINT('',(16.1511386184352,3.46767948303663,6.04038027729239));
#13398=CARTESIAN_POINT('',(16.1640437104839,3.43607363611619,6.04229496953275));
#13399=CARTESIAN_POINT('',(16.1707820574072,3.42036841118649,6.04321414584676));
#13400=CARTESIAN_POINT('',(16.1848193599769,3.38918661337719,6.04493238996435));
#13401=CARTESIAN_POINT('',(16.1921182918326,3.37371009594877,6.0457314405123));
#13402=CARTESIAN_POINT('',(16.2072631454091,3.34301824811009,6.04716347921948));
#13403=CARTESIAN_POINT('',(16.2151090416013,3.32780296911588,6.04779645226548));
#13404=CARTESIAN_POINT('',(16.231331770181,3.29766493997179,6.04884866048335));
#13405=CARTESIAN_POINT('',(16.2397085752836,3.2827422381868,6.04926788346014));
#13406=CARTESIAN_POINT('',(16.2569748040953,3.25321922589947,6.04984355747617));
#13407=CARTESIAN_POINT('',(16.2658641988221,3.23861896113595,6.04999999999992));
#13408=CARTESIAN_POINT('',(16.2749997066174,3.2241939675408,6.04999999999992));
#13409=CARTESIAN_POINT('',(16.2749997066174,6.49999999999996,6.04999999999993));
#13410=CARTESIAN_POINT('',(16.2749997066174,6.50000374999996,6.04999999999993));
#13411=VECTOR('',#16606,1000.0);
#13412=AXIS2_PLACEMENT_3D('',#16607,#16608,#16609);
#13413=COLOUR_RGB('',0.61176472902298,0.61176472902298,0.61176472902298);
#13414=CARTESIAN_POINT('',(16.3999997066174,2.29999999999996,6.0499999999999));
#13415=CARTESIAN_POINT('',(16.3999997066174,1.74999999999995,6.0499999999999));
#13416=CARTESIAN_POINT('',(16.3999997066174,6.49999999999996,6.04999999999991));
#13417=VECTOR('',#16610,1000.0);
#13418=CARTESIAN_POINT('',(24.8146827174001,2.29999999999995,6.04999999999989));
#13419=VECTOR('',#16611,1000.0);
#13420=CARTESIAN_POINT('',(15.4675660326839,1.74999999999995,6.0499999999999));
#13421=VECTOR('',#16612,1000.0);
#13422=COLOUR_RGB('',0.61176472902298,0.61176472902298,0.61176472902298);
#13423=CARTESIAN_POINT('',(16.3999997066174,1.74999999999998,5.34999999999989));
#13424=CARTESIAN_POINT('',(16.2749997066174,1.74999999999994,5.34999999999991));
#13425=CARTESIAN_POINT('',(15.4675660326839,1.74999999999994,5.3499999999999));
#13426=VECTOR('',#16613,1000.0);
#13427=CARTESIAN_POINT('',(16.3999997066174,1.74999999999996,2.89256632606643));
#13428=VECTOR('',#16614,1000.0);
#13429=CARTESIAN_POINT('',(15.4749997066174,1.74999999999996,-1.04148544231647E-13));
#13430=VECTOR('',#16615,1000.0);
#13431=CARTESIAN_POINT('',(16.1749997066174,1.74999999999994,5.24999999999993));
#13432=CARTESIAN_POINT('',(16.1749997066174,1.74999999999993,0.338414385035144));
#13433=VECTOR('',#16616,1000.0);
#13434=AXIS2_PLACEMENT_3D('',#16617,#16618,#16619);
#13435=COLOUR_RGB('',0.61176472902298,0.61176472902298,0.61176472902298);
#13436=CARTESIAN_POINT('',(16.2749997066174,4.24874685927658,5.34999999999992));
#13437=CARTESIAN_POINT('',(16.2749997066174,6.49999999999993,5.34999999999994));
#13438=VECTOR('',#16620,1000.0);
#13439=CARTESIAN_POINT('',(16.3999997066174,4.59371710435183,5.34999999999992));
#13440=CARTESIAN_POINT('',(16.3999997066174,6.49999999999996,5.34999999999994));
#13441=VECTOR('',#16621,1000.0);
#13442=AXIS2_PLACEMENT_3D('',#16622,#16623,#16624);
#13443=COLOUR_RGB('',0.61176472902298,0.61176472902298,0.61176472902298);
#13444=CARTESIAN_POINT('',(16.2749997066174,3.75125314072329,5.34999999999992));
#13445=CARTESIAN_POINT('',(16.2749997066174,4.24874685927659,5.35000000000009));
#13446=CARTESIAN_POINT('',(16.2729207219033,4.23850851382699,5.35000000000009));
#13447=CARTESIAN_POINT('',(16.2709701220491,4.22824404470802,5.34993542841477));
#13448=CARTESIAN_POINT('',(16.2691491292663,4.21796067588987,5.34982870701719));
#13449=CARTESIAN_POINT('',(16.2673281364502,4.20767730688364,5.34972198561766));
#13450=CARTESIAN_POINT('',(16.2656367522379,4.19737504210641,5.3495730952911));
#13451=CARTESIAN_POINT('',(16.2640757300215,4.18706128427713,5.34940154292223));
#13452=CARTESIAN_POINT('',(16.2609541093084,4.16643656815773,5.34905848475021));
#13453=CARTESIAN_POINT('',(16.2583479960879,4.14572686745079,5.34862671799395));
#13454=CARTESIAN_POINT('',(16.2562621729371,4.12496778510824,5.34822883910324));
#13455=CARTESIAN_POINT('',(16.2552192309801,4.11458794156482,5.34802989386246));
#13456=CARTESIAN_POINT('',(16.2543064484341,4.10419739685266,5.34783880232554));
#13457=CARTESIAN_POINT('',(16.2535237884291,4.09379651047096,5.34766670332286));
#13458=CARTESIAN_POINT('',(16.2527411015138,4.08339526647575,5.34749459840289));
#13459=CARTESIAN_POINT('',(16.2520885254926,4.07298289714985,5.34734149283363));
#13460=CARTESIAN_POINT('',(16.2515664063446,4.06256432505878,5.34721563885669));
#13461=CARTESIAN_POINT('',(16.2510442775613,4.05214556069762,5.34708978255717));
#13462=CARTESIAN_POINT('',(16.2506526302299,4.04172189019364,5.34699119792798));
#13463=CARTESIAN_POINT('',(16.2503914646167,4.03129283502344,5.34692489064023));
#13464=CARTESIAN_POINT('',(16.250130305551,4.02086404131851,5.34685858501485));
#13465=CARTESIAN_POINT('',(16.2499997066174,4.0104313740159,5.34682458365512));
#13466=CARTESIAN_POINT('',(16.2499997066174,3.99999999999994,5.34682458365512));
#13467=CARTESIAN_POINT('',(16.2499997066174,3.98956862598398,5.34682458365512));
#13468=CARTESIAN_POINT('',(16.250130305551,3.97913595868137,5.34685858501485));
#13469=CARTESIAN_POINT('',(16.2503914646167,3.96870716497643,5.34692489064023));
#13470=CARTESIAN_POINT('',(16.2506526302299,3.95827810980623,5.34699119792798));
#13471=CARTESIAN_POINT('',(16.2510442775613,3.94785443930225,5.34708978255717));
#13472=CARTESIAN_POINT('',(16.2515664063446,3.9374356749411,5.34721563885669));
#13473=CARTESIAN_POINT('',(16.2520885254926,3.92701710285002,5.34734149283363));
#13474=CARTESIAN_POINT('',(16.2527411015138,3.91660473352412,5.34749459840289));
#13475=CARTESIAN_POINT('',(16.2535237884291,3.90620348952891,5.34766670332286));
#13476=CARTESIAN_POINT('',(16.2543064484341,3.89580260314721,5.34783880232554));
#13477=CARTESIAN_POINT('',(16.2552192309801,3.88541205843505,5.34802989386246));
#13478=CARTESIAN_POINT('',(16.2562621729371,3.87503221489163,5.34822883910324));
#13479=CARTESIAN_POINT('',(16.2583479960879,3.85427313254908,5.34862671799395));
#13480=CARTESIAN_POINT('',(16.2609541093084,3.83356343184214,5.34905848475021));
#13481=CARTESIAN_POINT('',(16.2640757300215,3.81293871572274,5.34940154292223));
#13482=CARTESIAN_POINT('',(16.2656367522379,3.80262495789346,5.3495730952911));
#13483=CARTESIAN_POINT('',(16.2673281364502,3.79232269311624,5.34972198561766));
#13484=CARTESIAN_POINT('',(16.2691491292663,3.78203932411001,5.34982870701719));
#13485=CARTESIAN_POINT('',(16.2709701220491,3.77175595529186,5.34993542841477));
#13486=CARTESIAN_POINT('',(16.2729207219033,3.76149148617288,5.35000000000009));
#13487=CARTESIAN_POINT('',(16.2749997066174,3.75125314072329,5.35000000000009));
#13488=CARTESIAN_POINT('',(16.2749997066174,6.49999999999993,5.34999999999994));
#13489=VECTOR('',#16625,1000.0);
#13490=CARTESIAN_POINT('',(16.1749997066174,6.49999999999993,5.24999999999994));
#13491=VECTOR('',#16626,1000.0);
#13492=COLOUR_RGB('',0.61176472902298,0.61176472902298,0.61176472902298);
#13493=CARTESIAN_POINT('',(16.3999997066174,3.40628289564805,5.34999999999991));
#13494=AXIS2_PLACEMENT_3D('',#16627,#16628,#16629);
#13495=CARTESIAN_POINT('',(16.3999997066174,6.49999999999996,5.34999999999994));
#13496=VECTOR('',#16630,1000.0);
#13497=COLOUR_RGB('',0.61176472902298,0.61176472902298,0.61176472902298);
#13498=CARTESIAN_POINT('',(16.3999997066174,3.40628289564805,4.97125920269675));
#13499=CARTESIAN_POINT('',(16.3999997066174,4.59371710435183,4.97125920269675));
#13500=CARTESIAN_POINT('',(16.3999997066274,3.40628289564592,4.97125920265529));
#13501=CARTESIAN_POINT('',(16.3999997066274,3.42836390748556,4.95628092984904));
#13502=CARTESIAN_POINT('',(16.3999997066174,3.45074862911603,4.94174264185122));
#13503=CARTESIAN_POINT('',(16.3999997066174,3.47344811639556,4.92774556193209));
#13504=CARTESIAN_POINT('',(16.3999997066174,3.49614758158384,4.91374849563498));
#13505=CARTESIAN_POINT('',(16.3999997066266,3.51916246718585,4.90029209634257));
#13506=CARTESIAN_POINT('',(16.3999997066266,3.54251004444643,4.88748767516197));
#13507=CARTESIAN_POINT('',(16.3999997066266,3.56585750129824,4.87468332001667));
#13508=CARTESIAN_POINT('',(16.3999997066174,3.58953864417748,4.86253033792179));
#13509=CARTESIAN_POINT('',(16.3999997066174,3.61357436847167,4.85115315496736));
#13510=CARTESIAN_POINT('',(16.3999997066174,3.6375892382405,4.8397858433922));
#13511=CARTESIAN_POINT('',(16.3999997066182,3.6620332941673,4.82915665740635));
#13512=CARTESIAN_POINT('',(16.3999997066182,3.68694672144956,4.81941751563074));
#13513=CARTESIAN_POINT('',(16.3999997066182,3.71185001072085,4.80968233700019));
#13514=CARTESIAN_POINT('',(16.3999997066199,3.73717837331228,4.80085831070045));
#13515=CARTESIAN_POINT('',(16.3999997066199,3.76283201059173,4.79313650728062));
#13516=CARTESIAN_POINT('',(16.3999997066199,3.77565852397108,4.78927569745477));
#13517=CARTESIAN_POINT('',(16.3999997066189,3.78856555108059,4.7856901951742));
#13518=CARTESIAN_POINT('',(16.3999997066189,3.80153859998493,4.78240059705067));
#13519=CARTESIAN_POINT('',(16.3999997066189,3.8145116577599,4.77911099667778));
#13520=CARTESIAN_POINT('',(16.3999997066179,3.82755053281294,4.776117390023));
#13521=CARTESIAN_POINT('',(16.3999997066179,3.84064003906326,4.77343715626501));
#13522=CARTESIAN_POINT('',(16.3999997066179,3.85372957739805,4.77075691593735));
#13523=CARTESIAN_POINT('',(16.3999997066174,3.8668694856593,4.76839012577976));
#13524=CARTESIAN_POINT('',(16.3999997066174,3.88004460799337,4.7663503243742));
#13525=CARTESIAN_POINT('',(16.3999997066174,3.89321979295257,4.76431051327288));
#13526=CARTESIAN_POINT('',(16.3999997066174,3.90642988626114,4.76259774071595));
#13527=CARTESIAN_POINT('',(16.3999997066174,3.9196608081102,4.76122134641104));
#13528=CARTESIAN_POINT('',(16.3999997066174,3.93288898616837,4.75984523753886));
#13529=CARTESIAN_POINT('',(16.3999997066174,3.94614203859777,4.75880410708605));
#13530=CARTESIAN_POINT('',(16.3999997066174,3.95945520178361,4.75810377807037));
#13531=CARTESIAN_POINT('',(16.3999997066174,3.97276415462784,4.75740367053657));
#13532=CARTESIAN_POINT('',(16.3999997066174,3.98611495421186,4.75704609007761));
#13533=CARTESIAN_POINT('',(16.3999997066174,3.99948634985553,4.75703717295703));
#13534=CARTESIAN_POINT('',(16.3999997066174,4.01285764998108,4.75702825590015));
#13535=CARTESIAN_POINT('',(16.3999997066174,4.0262490519352,4.75736805087923));
#13536=CARTESIAN_POINT('',(16.3999997066174,4.03963652691963,4.75805653359062));
#13537=CARTESIAN_POINT('',(16.3999997066174,4.05302395300569,4.75874501378729));
#13538=CARTESIAN_POINT('',(16.3999997066174,4.06640694912473,4.75978216453976));
#13539=CARTESIAN_POINT('',(16.3999997066174,4.07976047028922,4.76116135850724));
#13540=CARTESIAN_POINT('',(16.3999997066174,4.09311398292955,4.76254055159432));
#13541=CARTESIAN_POINT('',(16.3999997066174,4.10643755362741,4.76426171198771));
#13542=CARTESIAN_POINT('',(16.3999997066174,4.11970667504606,4.76631185691974));
#13543=CARTESIAN_POINT('',(16.3999997066174,4.13297582236479,4.76836200585347));
#13544=CARTESIAN_POINT('',(16.3999997066175,4.14619012316112,4.77074102150481));
#13545=CARTESIAN_POINT('',(16.3999997066175,4.15932686548686,4.77343038026479));
#13546=CARTESIAN_POINT('',(16.3999997066175,4.17246366289925,4.77611975030212));
#13547=CARTESIAN_POINT('',(16.3999997066174,4.18552259233629,4.77911932471919));
#13548=CARTESIAN_POINT('',(16.3999997066174,4.19848366748994,4.78240624376564));
#13549=CARTESIAN_POINT('',(16.3999997066174,4.21144482254746,4.78569318307565));
#13550=CARTESIAN_POINT('',(16.3999997066174,4.22430790388419,4.78926732699158));
#13551=CARTESIAN_POINT('',(16.3999997066174,4.23705627560483,4.79310288874956));
#13552=CARTESIAN_POINT('',(16.3999997066174,4.26253016634093,4.80076713664531));
#13553=CARTESIAN_POINT('',(16.3999997066219,4.28765791949719,4.8095069134083));
#13554=CARTESIAN_POINT('',(16.3999997066219,4.3124693726903,4.8191894524455));
#13555=CARTESIAN_POINT('',(16.3999997066219,4.33727771002364,4.82887077553483));
#13556=CARTESIAN_POINT('',(16.3999997066174,4.36175597942882,4.83949001990419));
#13557=CARTESIAN_POINT('',(16.3999997066174,4.38589533756477,4.85090229646044));
#13558=CARTESIAN_POINT('',(16.3999997066174,4.41003469313387,4.86231457180317));
#13559=CARTESIAN_POINT('',(16.3999997066174,4.43383556224322,4.87451984963324));
#13560=CARTESIAN_POINT('',(16.3999997066174,4.4572880121651,4.88737694501287));
#13561=CARTESIAN_POINT('',(16.3999997066174,4.48074044246289,4.90023402963419));
#13562=CARTESIAN_POINT('',(16.3999997066237,4.5038449120663,4.91374308195476));
#13563=CARTESIAN_POINT('',(16.3999997066237,4.52658814287997,4.92776792092117));
#13564=CARTESIAN_POINT('',(16.3999997066237,4.54933133575727,4.94179273649375));
#13565=CARTESIAN_POINT('',(16.3999997066174,4.57171366082884,4.95633354701737));
#13566=CARTESIAN_POINT('',(16.3999997066174,4.59371710435185,4.97125920269672));
#13567=AXIS2_PLACEMENT_3D('',#16631,#16632,#16633);
#13568=COLOUR_RGB('',0.61176472902298,0.61176472902298,0.61176472902298);
#13569=CARTESIAN_POINT('',(16.3999997066174,4.59371710435182,9.6999999999999));
#13570=VECTOR('',#16634,1000.0);
#13571=CARTESIAN_POINT('',(16.3999997066174,3.40628289564804,9.6999999999999));
#13572=VECTOR('',#16635,1000.0);
#13573=COLOUR_RGB('',0.517647087574005,0.564705908298492,0.61176472902298);
#13574=CARTESIAN_POINT('',(15.4749997066174,2.29999999999996,6.0499999999999));
#13575=CARTESIAN_POINT('',(24.8146827174001,2.29999999999995,6.04999999999989));
#13576=VECTOR('',#16636,1000.0);
#13577=CARTESIAN_POINT('',(16.3999997066174,2.29999999999997,2.89256632606644));
#13578=VECTOR('',#16637,1000.0);
#13579=CARTESIAN_POINT('',(15.4749997066174,2.29999999999998,-1.02866236638205E-13));
#13580=VECTOR('',#16638,1000.0);
#13581=COLOUR_RGB('',0.235294133424759,0.376470625400543,0.141176477074623);
#13582=CARTESIAN_POINT('',(15.4749997066174,3.99999999999995,1.7999999999999));
#13583=VECTOR('',#16639,1000.0);
#13584=CARTESIAN_POINT('',(16.2749997066174,3.99999999999995,0.9999999999999));
#13585=VECTOR('',#16640,1000.0);
#13586=COLOUR_RGB('',0.235294133424759,0.376470625400543,0.141176477074623);
#13587=CARTESIAN_POINT('',(15.4749997066174,6.49999999999994,6.04999999999991));
#13588=CARTESIAN_POINT('',(15.4749997066174,6.49999999999995,1.65872570797057));
#13589=VECTOR('',#16641,1000.0);
#13590=CARTESIAN_POINT('',(15.4749997066174,3.99999999999994,6.0499999999999));
#13591=VECTOR('',#16642,1000.0);
#13592=COLOUR_RGB('',0.61176472902298,0.61176472902298,0.61176472902298);
#13593=AXIS2_PLACEMENT_3D('',#16643,#16644,#16645);
#13594=COLOUR_RGB('',0.61176472902298,0.61176472902298,0.61176472902298);
#13595=CARTESIAN_POINT('',(14.9999997066174,6.49999999999994,6.04999999999991));
#13596=VECTOR('',#16646,1000.0);
#13597=COLOUR_RGB('',0.235294133424759,0.376470625400543,0.141176477074623);
#13598=COLOUR_RGB('',0.61176472902298,0.61176472902298,0.61176472902298);
#13599=CARTESIAN_POINT('',(16.1749997066174,6.49999999999997,1.79999999999991));
#13600=VECTOR('',#16647,1000.0);
#13601=COLOUR_RGB('',0.61176472902298,0.61176472902298,0.61176472902298);
#13602=COLOUR_RGB('',0.517647087574005,0.564705908298492,0.61176472902298);
#13603=COLOUR_RGB('',0.235294133424759,0.376470625400543,0.141176477074623);
#13604=CARTESIAN_POINT('',(19.9999997066174,6.49999999999995,-9.82802079242524E-14));
#13605=VECTOR('',#16648,1000.0);
#13606=CARTESIAN_POINT('',(19.9999997066174,-1.34694552900455,-1.16575113082741E-13));
#13607=VECTOR('',#16649,1000.0);
#13608=COLOUR_RGB('',0.235294133424759,0.376470625400543,0.141176477074623);
#13609=CARTESIAN_POINT('',(17.7749997066174,3.99999999999995,0.199999999999898));
#13610=VECTOR('',#16650,1000.0);
#13611=COLOUR_RGB('',0.61176472902298,0.61176472902298,0.61176472902298);
#13612=CARTESIAN_POINT('',(12.4999997066174,4.39999999999992,10.5999999999999));
#13613=VECTOR('',#16651,1000.0);
#13614=COLOUR_RGB('',0.235294133424759,0.376470625400543,0.141176477074623);
#13615=CARTESIAN_POINT('',(18.0999997066174,4.5,0.649999999999899));
#13616=CARTESIAN_POINT('',(9.99999970661742,4.50000000000001,0.649999999999909));
#13617=VECTOR('',#16652,1000.0);
#13618=CARTESIAN_POINT('',(9.99999970661741,4.50000000000002,-3.88600000000009));
#13619=VECTOR('',#16653,1000.0);
#13620=COLOUR_RGB('',0.235294133424759,0.376470625400543,0.141176477074623);
#13621=CARTESIAN_POINT('',(14.9999997066174,0.499999999999939,7.99999999999989));
#13622=VECTOR('',#16654,1000.0);
#13623=COLOUR_RGB('',0.235294133424759,0.376470625400543,0.141176477074623);
#13624=COLOUR_RGB('',0.61176472902298,0.61176472902298,0.61176472902298);
#13625=COLOUR_RGB('',0.61176472902298,0.61176472902298,0.61176472902298);
#13626=COLOUR_RGB('',0.61176472902298,0.61176472902298,0.61176472902298);
#13627=CARTESIAN_POINT('',(12.4999997066174,4.39999999999992,9.69999999999992));
#13628=VECTOR('',#16655,1000.0);
#13629=COLOUR_RGB('',0.235294133424759,0.376470625400543,0.141176477074623);
#13630=CARTESIAN_POINT('',(18.7249997066174,3.99999999999995,0.999999999999897));
#13631=VECTOR('',#16656,1000.0);
#13632=CARTESIAN_POINT('',(17.4725557155582,3.99999999999995,0.999999999999899));
#13633=VECTOR('',#16657,1000.0);
#13634=COLOUR_RGB('',0.235294133424759,0.376470625400543,0.141176477074623);
#13635=CARTESIAN_POINT('',(17.2249997066174,2.64999999999999,0.199999999999896));
#13636=CARTESIAN_POINT('',(17.2249997066174,3.99999999999995,0.199999999999899));
#13637=VECTOR('',#16658,1000.0);
#13638=CARTESIAN_POINT('',(17.2249997066174,2.65,0.649999999999896));
#13639=CARTESIAN_POINT('',(17.2249997066174,3.99999999999995,0.649999999999899));
#13640=VECTOR('',#16659,1000.0);
#13641=CARTESIAN_POINT('',(17.2249997066174,2.64999999999999,0.649999999999896));
#13642=VECTOR('',#16660,1000.0);
#13643=COLOUR_RGB('',0.235294133424759,0.376470625400543,0.141176477074623);
#13644=CARTESIAN_POINT('',(16.8999997066174,1.59999999999995,0.649999999999894));
#13645=CARTESIAN_POINT('',(16.8999997066174,1.59999999999996,-1.06137766620894E-13));
#13646=VECTOR('',#16661,1000.0);
#13647=CARTESIAN_POINT('',(17.1499997066174,2.40769230769229,0.199999999999895));
#13648=CARTESIAN_POINT('',(17.1499997066174,2.40769230769228,-1.04542289521358E-13));
#13649=VECTOR('',#16662,1000.0);
#13650=CARTESIAN_POINT('',(17.6428568494745,3.99999999999995,0.199999999999899));
#13651=VECTOR('',#16663,1000.0);
#13652=CARTESIAN_POINT('',(17.5809520875698,3.79999999999995,0.649999999999898));
#13653=VECTOR('',#16664,1000.0);
#13654=COLOUR_RGB('',0.235294133424759,0.376470625400543,0.141176477074623);
#13655=CARTESIAN_POINT('',(17.7749997066174,3.99999999999995,0.649999999999899));
#13656=VECTOR('',#16665,1000.0);
#13657=COLOUR_RGB('',0.61176472902298,0.61176472902298,0.61176472902298);
#13658=COLOUR_RGB('',0.235294133424759,0.376470625400543,0.141176477074623);
#13659=CARTESIAN_POINT('',(18.0999997066174,3.99999999999995,0.649999999999898));
#13660=VECTOR('',#16666,1000.0);
#13661=CARTESIAN_POINT('',(18.0999997066174,3.99999999999995,0.649999999999898));
#13662=VECTOR('',#16667,1000.0);
#13663=COLOUR_RGB('',0.235294133424759,0.376470625400543,0.141176477074623);
#13664=CARTESIAN_POINT('',(17.1499997066174,1.95615384615382,0.199999999999894));
#13665=VECTOR('',#16668,1000.0);
#13666=COLOUR_RGB('',0.235294133424759,0.376470625400543,0.141176477074623);
#13667=COLOUR_RGB('',0.235294133424759,0.376470625400543,0.141176477074623);
#13668=CARTESIAN_POINT('',(16.8999997066174,4.5,0.649999999999901));
#13669=CARTESIAN_POINT('',(9.99999970661742,4.5,4.51399999999988));
#13670=VECTOR('',#16669,1000.0);
#13671=CARTESIAN_POINT('',(17.1499997066174,4.5,0.6499999999999));
#13672=CARTESIAN_POINT('',(9.99999970661742,4.50000000000001,0.649999999999909));
#13673=VECTOR('',#16670,1000.0);
#13674=CARTESIAN_POINT('',(17.1499997066174,4.5,-9.96641403546973E-14));
#13675=VECTOR('',#16671,1000.0);
#13676=COLOUR_RGB('',0.61176472902298,0.61176472902298,0.61176472902298);
#13677=CARTESIAN_POINT('',(17.1499997066174,3.99999999999995,0.649999999999899));
#13678=VECTOR('',#16672,1000.0);
#13679=COLOUR_RGB('',0.235294133424759,0.376470625400543,0.141176477074623);
#13680=CARTESIAN_POINT('',(19.5249997066174,0.699999999999942,4.10238958199308));
#13681=VECTOR('',#16673,1000.0);
#13682=COLOUR_RGB('',0.235294133424759,0.376470625400543,0.141176477074623);
#13683=CARTESIAN_POINT('',(16.8999997066174,3.99999999999995,0.6499999999999));
#13684=VECTOR('',#16674,1000.0);
#13685=COLOUR_RGB('',0.235294133424759,0.376470625400543,0.141176477074623);
#13686=CARTESIAN_POINT('',(16.8999997066174,3.99999999999995,0.6499999999999));
#13687=VECTOR('',#16675,1000.0);
#13688=COLOUR_RGB('',0.235294133424759,0.376470625400543,0.141176477074623);
#13689=CARTESIAN_POINT('',(16.2749997066174,3.99999999999995,0.9999999999999));
#13690=VECTOR('',#16676,1000.0);
#13691=COLOUR_RGB('',0.235294133424759,0.376470625400543,0.141176477074623);
#13692=COLOUR_RGB('',0.235294133424759,0.376470625400543,0.141176477074623);
#13693=CARTESIAN_POINT('',(14.9999997066174,6.49999999999993,12.1813739999999));
#13694=VECTOR('',#16677,1000.0);
#13695=COLOUR_RGB('',0.235294133424759,0.376470625400543,0.141176477074623);
#13696=CARTESIAN_POINT('',(18.2243098121869,4.27361611466048,1.7999999999999));
#13697=VECTOR('',#16678,1000.0);
#13698=CARTESIAN_POINT('',(18.3052251607854,4.05130302149879,5.58927156105008));
#13699=VECTOR('',#16679,1000.0);
#13700=COLOUR_RGB('',0.235294133424759,0.376470625400543,0.141176477074623);
#13701=COLOUR_RGB('',0.235294133424759,0.376470625400543,0.141176477074623);
#13702=COLOUR_RGB('',0.61176472902298,0.61176472902298,0.61176472902298);
#13703=COLOUR_RGB('',0.235294133424759,0.376470625400543,0.141176477074623);
#13704=COLOUR_RGB('',0.235294133424759,0.376470625400543,0.141176477074623);
#13705=COLOUR_RGB('',0.645180702209473,0.678915679454803,0.699999988079071);
#13706=COLOUR_RGB('',0.235294133424759,0.376470625400543,0.141176477074623);
#13707=CARTESIAN_POINT('',(9.10214522521147,4.92499999999993,11.5));
#13708=CARTESIAN_POINT('',(9.10214522521147,4.92499999999993,10.6));
#13709=CARTESIAN_POINT('',(9.10214522521147,4.92499999999993,11.5));
#13710=VECTOR('',#16680,1.0);
#13711=CARTESIAN_POINT('',(5.89785123120905,3.07499999999993,11.5));
#13712=AXIS2_PLACEMENT_3D('',#16681,#16682,#16683);
#13713=CARTESIAN_POINT('',(5.89785123120905,3.07499999999993,10.6));
#13714=CARTESIAN_POINT('',(5.89785123120905,3.07499999999993,11.5));
#13715=VECTOR('',#16684,1.0);
#13716=CARTESIAN_POINT('',(5.69375904139142,3.59999999999993,10.6));
#13717=AXIS2_PLACEMENT_3D('',#16685,#16686,#16687);
#13718=CARTESIAN_POINT('',(5.69375904139142,3.59999999999993,9.69999999999996));
#13719=CARTESIAN_POINT('',(5.69375904139142,3.59999999999993,11.5));
#13720=VECTOR('',#16688,1000.0);
#13721=CARTESIAN_POINT('',(5.69375904139141,4.39999999999991,9.69999999999996));
#13722=AXIS2_PLACEMENT_3D('',#16689,#16690,#16691);
#13723=CARTESIAN_POINT('',(5.69375904139141,4.39999999999991,10.6));
#13724=CARTESIAN_POINT('',(5.69375904139141,4.39999999999991,11.5));
#13725=VECTOR('',#16692,1000.0);
#13726=AXIS2_PLACEMENT_3D('',#16693,#16694,#16695);
#13727=COLOUR_RGB('',0.61176472902298,0.61176472902298,0.61176472902298);
#13728=CARTESIAN_POINT('',(7.14999822821026,3.99999999999997,-3.60000000000005));
#13729=CARTESIAN_POINT('',(7.84999822821026,3.99999999999997,-3.60000000000005));
#13730=CARTESIAN_POINT('',(7.49999822821026,3.99999999999997,-3.60000000000005));
#13731=VECTOR('',#16696,1.0);
#13732=CARTESIAN_POINT('',(7.14999822821026,4.49999999999997,-3.10000000000005));
#13733=AXIS2_PLACEMENT_3D('',#16697,#16698,#16699);
#13734=CARTESIAN_POINT('',(7.84999822821026,4.49999999999997,-3.10000000000005));
#13735=CARTESIAN_POINT('',(7.85000422821026,4.49999999999997,-3.10000000000005));
#13736=VECTOR('',#16700,1000.0);
#13737=AXIS2_PLACEMENT_3D('',#16701,#16702,#16703);
#13738=COLOUR_RGB('',0.61176472902298,0.61176472902298,0.61176472902298);
#13739=CARTESIAN_POINT('',(6.04999822821026,3.99999999999993,6.04999999999995));
#13740=CARTESIAN_POINT('',(6.04999822821026,3.99999999999993,6.01770762663918));
#13741=CARTESIAN_POINT('',(6.04999822821026,3.99999999999993,6.03385381331957));
#13742=VECTOR('',#16704,1.0);
#13743=CARTESIAN_POINT('',(6.27499822821026,4.7758060324591,6.04999999999997));
#13744=AXIS2_PLACEMENT_3D('',#16705,#16706,#16707);
#13745=CARTESIAN_POINT('',(6.27499822821026,4.77580603245907,6.04999999999996));
#13746=CARTESIAN_POINT('',(6.26586272041414,4.76138103886271,6.04999999999996));
#13747=CARTESIAN_POINT('',(6.25697332568745,4.74678077409916,6.04984355747618));
#13748=CARTESIAN_POINT('',(6.23970709687564,4.71725776181167,6.04926788346015));
#13749=CARTESIAN_POINT('',(6.23133029177304,4.70233506002664,6.04884866048334));
#13750=CARTESIAN_POINT('',(6.21510756319412,4.672197030884,6.04779645226552));
#13751=CARTESIAN_POINT('',(6.20726166700198,4.65698175188978,6.04716347921952));
#13752=CARTESIAN_POINT('',(6.19211681342545,4.62628990405109,6.04573144051234));
#13753=CARTESIAN_POINT('',(6.18481788156981,4.61081338662269,6.04493238996439));
#13754=CARTESIAN_POINT('',(6.17078057899904,4.57963158881102,6.04321414584667));
#13755=CARTESIAN_POINT('',(6.16404223207582,4.56392636388128,6.04229496953265));
#13756=CARTESIAN_POINT('',(6.15113714002918,4.5323205169659,6.0403802772926));
#13757=CARTESIAN_POINT('',(6.14497041682557,4.51641995575471,6.03938477990923));
#13758=CARTESIAN_POINT('',(6.1332169116919,4.48445719518008,6.03735863548478));
#13759=CARTESIAN_POINT('',(6.12763014936148,4.46839506323361,6.03632800727219));
#13760=CARTESIAN_POINT('',(6.11704301810747,4.43614546840049,6.03426986908712));
#13761=CARTESIAN_POINT('',(6.11204170745143,4.41995875887617,6.03324234380743));
#13762=CARTESIAN_POINT('',(6.10258440344608,4.38732807882431,6.03121498426102));
#13763=CARTESIAN_POINT('',(6.09813729539658,4.37091195521083,6.03021692783344));
#13764=CARTESIAN_POINT('',(6.08981626183445,4.33790024355396,6.02828393490172));
#13765=CARTESIAN_POINT('',(6.08594235659896,4.32130471323223,6.02734902049142));
#13766=CARTESIAN_POINT('',(6.07877789568093,4.28796439498988,6.02557153334344));
#13767=CARTESIAN_POINT('',(6.07548735913047,4.27121967517967,6.02472898227876));
#13768=CARTESIAN_POINT('',(6.06949775798221,4.23761256871169,6.02316178099617));
#13769=CARTESIAN_POINT('',(6.06679871033676,4.22075026090855,6.02243715056767));
#13770=CARTESIAN_POINT('',(6.06199796307707,4.18694056074704,6.02112714767031));
#13771=CARTESIAN_POINT('',(6.05989627694924,4.16999325744001,6.02054179157625));
#13772=CARTESIAN_POINT('',(6.05629373985872,4.13604664003918,6.0195270292725));
#13773=CARTESIAN_POINT('',(6.0547928975089,4.11904742357894,6.01909763458801));
#13774=CARTESIAN_POINT('',(6.05239308547615,4.0850299264186,6.0184064742246));
#13775=CARTESIAN_POINT('',(6.05149411817311,4.06801174915415,6.0181447140853));
#13776=CARTESIAN_POINT('',(6.05029669202429,4.03398840869089,6.01779529082814));
#13777=CARTESIAN_POINT('',(6.04999822821026,4.01698335087936,6.01770762663917));
#13778=CARTESIAN_POINT('',(6.04999822821026,3.9830166491205,6.01770762663917));
#13779=CARTESIAN_POINT('',(6.05029669202429,3.96601159130897,6.01779529082814));
#13780=CARTESIAN_POINT('',(6.05149411817311,3.9319882508457,6.01814471408531));
#13781=CARTESIAN_POINT('',(6.05239308547615,3.91497007358126,6.0184064742246));
#13782=CARTESIAN_POINT('',(6.05479289750879,3.88095257642248,6.01909763458798));
#13783=CARTESIAN_POINT('',(6.05629373985856,3.86395335996223,6.01952702927246));
#13784=CARTESIAN_POINT('',(6.05989627694924,3.83000674255984,6.02054179157626));
#13785=CARTESIAN_POINT('',(6.06199796307707,3.81305943925282,6.02112714767031));
#13786=CARTESIAN_POINT('',(6.06679871033676,3.77924973909131,6.02243715056767));
#13787=CARTESIAN_POINT('',(6.06949775798221,3.76238743128817,6.02316178099618));
#13788=CARTESIAN_POINT('',(6.07548735913047,3.72878032482018,6.02472898227876));
#13789=CARTESIAN_POINT('',(6.07877789568093,3.71203560500998,6.02557153334344));
#13790=CARTESIAN_POINT('',(6.08594235659951,3.67869528676504,6.02734902049157));
#13791=CARTESIAN_POINT('',(6.0898162618351,3.66209975644333,6.02828393490188));
#13792=CARTESIAN_POINT('',(6.09813729539658,3.62908804478902,6.03021692783345));
#13793=CARTESIAN_POINT('',(6.10258440344608,3.61267192117555,6.03121498426103));
#13794=CARTESIAN_POINT('',(6.112041707451,3.58004124112518,6.03324234380734));
#13795=CARTESIAN_POINT('',(6.11704301810698,3.56385453160083,6.03426986908703));
#13796=CARTESIAN_POINT('',(6.12763014936052,3.53160493676918,6.03632800727201));
#13797=CARTESIAN_POINT('',(6.13321691169084,3.51554280482266,6.0373586354846));
#13798=CARTESIAN_POINT('',(6.14497041682457,3.48358004424784,6.03938477990907));
#13799=CARTESIAN_POINT('',(6.15113714002809,3.46767948303661,6.04038027729244));
#13800=CARTESIAN_POINT('',(6.16404223207679,3.43607363611618,6.0422949695328));
#13801=CARTESIAN_POINT('',(6.1707805790001,3.42036841118648,6.04321414584681));
#13802=CARTESIAN_POINT('',(6.18481788156981,3.38918661337718,6.0449323899644));
#13803=CARTESIAN_POINT('',(6.19211681342545,3.37371009594876,6.04573144051235));
#13804=CARTESIAN_POINT('',(6.20726166700198,3.34301824811008,6.04716347921953));
#13805=CARTESIAN_POINT('',(6.21510756319412,3.32780296911586,6.04779645226553));
#13806=CARTESIAN_POINT('',(6.23133029177382,3.29766493997177,6.0488486604834));
#13807=CARTESIAN_POINT('',(6.23970709687646,3.28274223818678,6.04926788346019));
#13808=CARTESIAN_POINT('',(6.25697332568818,3.25321922589946,6.04984355747622));
#13809=CARTESIAN_POINT('',(6.26586272041491,3.23861896113593,6.04999999999997));
#13810=CARTESIAN_POINT('',(6.27499822821026,3.22419396754079,6.04999999999997));
#13811=COLOUR_RGB('',0.235294133424759,0.376470625400543,0.141176477074623);
#13812=CARTESIAN_POINT('',(4.99999822821026,-7.19424519957101E-14,7.99999999999995));
#13813=CARTESIAN_POINT('',(9.99999822821026,-7.19424519957101E-14,7.99999999999995));
#13814=CARTESIAN_POINT('',(9.99999822821026,-7.19424519957101E-14,7.99999999999995));
#13815=VECTOR('',#16708,1000.0);
#13816=CARTESIAN_POINT('',(4.99999822821026,-7.105427357601E-14,-4.74476580558805E-14));
#13817=CARTESIAN_POINT('',(4.99999822821026,-7.28306304154103E-14,11.5));
#13818=VECTOR('',#16709,1000.0);
#13819=CARTESIAN_POINT('',(6.89999822821026,-7.105427357601E-14,-4.81066638766462E-14));
#13820=CARTESIAN_POINT('',(-1.77178974190067E-06,-7.01660951563099E-14,-4.57134322117602E-14));
#13821=VECTOR('',#16710,1000.0);
#13822=CARTESIAN_POINT('',(6.89999822821026,-7.105427357601E-14,0.649999999999953));
#13823=CARTESIAN_POINT('',(6.89999822821025,-6.70574706873595E-14,-26.9951630000001));
#13824=VECTOR('',#16711,1000.0);
#13825=CARTESIAN_POINT('',(6.27499822821026,-7.105427357601E-14,0.999999999999952));
#13826=CARTESIAN_POINT('',(-1.77178974033501E-06,-7.105427357601E-14,4.51399999999992));
#13827=VECTOR('',#16712,1000.0);
#13828=CARTESIAN_POINT('',(6.07156128220465,-7.105427357601E-14,0.999999999999952));
#13829=CARTESIAN_POINT('',(-1.77178974155382E-06,-7.01660951563099E-14,0.999999999999954));
#13830=VECTOR('',#16713,1000.0);
#13831=CARTESIAN_POINT('',(5.22021906422392,-7.105427357601E-14,1.79999999999995));
#13832=AXIS2_PLACEMENT_3D('',#16714,#16715,#16716);
#13833=CARTESIAN_POINT('',(5.22021906422392,-7.19424519957101E-14,7.20477916398633));
#13834=CARTESIAN_POINT('',(5.22021906422392,-7.19424519957101E-14,4.10238958199314));
#13835=VECTOR('',#16717,1000.0);
#13836=CARTESIAN_POINT('',(9.63882349907872,-7.19424519957101E-14,7.20477916398633));
#13837=CARTESIAN_POINT('',(7.49999822821026,-7.19424519957101E-14,7.20477916398633));
#13838=VECTOR('',#16718,1000.0);
#13839=CARTESIAN_POINT('',(9.7797773921966,-7.19424519957101E-14,7.06382527086844));
#13840=AXIS2_PLACEMENT_3D('',#16719,#16720,#16721);
#13841=CARTESIAN_POINT('',(9.7797773921966,-7.105427357601E-14,1.79999999999995));
#13842=CARTESIAN_POINT('',(9.7797773921966,-7.19424519957101E-14,4.10238958199314));
#13843=VECTOR('',#16722,1000.0);
#13844=CARTESIAN_POINT('',(8.92843517421587,-7.105427357601E-14,0.999999999999951));
#13845=AXIS2_PLACEMENT_3D('',#16723,#16724,#16725);
#13846=CARTESIAN_POINT('',(8.72499822821026,-7.105427357601E-14,0.999999999999951));
#13847=CARTESIAN_POINT('',(-1.77178974155382E-06,-7.01660951563099E-14,0.999999999999954));
#13848=VECTOR('',#16726,1000.0);
#13849=CARTESIAN_POINT('',(8.09999822821026,-7.105427357601E-14,0.649999999999953));
#13850=CARTESIAN_POINT('',(-1.77178974324851E-06,-6.97220059464598E-14,-3.88600000000005));
#13851=VECTOR('',#16727,1000.0);
#13852=CARTESIAN_POINT('',(8.09999822821026,-7.105427357601E-14,-4.85228780792351E-14));
#13853=CARTESIAN_POINT('',(8.09999822821025,-6.70574706873595E-14,-26.9951630000001));
#13854=VECTOR('',#16728,1000.0);
#13855=CARTESIAN_POINT('',(9.99999822821026,-7.105427357601E-14,-4.91818839000008E-14));
#13856=CARTESIAN_POINT('',(4.99999822821026,-7.105427357601E-14,-4.74476580558805E-14));
#13857=VECTOR('',#16729,1000.0);
#13858=CARTESIAN_POINT('',(9.99999822821026,-7.28306304154103E-14,11.5));
#13859=VECTOR('',#16730,1000.0);
#13860=COLOUR_RGB('',0.235294133424759,0.376470625400543,0.141176477074623);
#13861=AXIS2_PLACEMENT_3D('',#16731,#16732,#16733);
#13862=CARTESIAN_POINT('',(4.99999822821026,6.49999999999993,11.5));
#13863=CARTESIAN_POINT('',(9.99999822821026,6.49999999999993,11.5));
#13864=CARTESIAN_POINT('',(9.99999822821026,6.49999999999993,11.5));
#13865=VECTOR('',#16734,1000.0);
#13866=CARTESIAN_POINT('',(4.99999822821026,1.3080386689394,11.5));
#13867=CARTESIAN_POINT('',(4.99999822821026,7.49999999999993,11.5));
#13868=VECTOR('',#16735,1000.0);
#13869=CARTESIAN_POINT('',(9.99999822821026,1.3080386689394,11.5));
#13870=CARTESIAN_POINT('',(9.99999822821026,1.3080386689394,11.5));
#13871=VECTOR('',#16736,1000.0);
#13872=CARTESIAN_POINT('',(9.99999822821026,7.49999999999993,11.5));
#13873=VECTOR('',#16737,1000.0);
#13874=COLOUR_RGB('',0.235294133424759,0.376470625400543,0.141176477074623);
#13875=CARTESIAN_POINT('',(4.99999822821026,0.499999999999928,7.99999999999995));
#13876=CARTESIAN_POINT('',(4.99999822821026,-7.19424519957101E-14,7.99999999999995));
#13877=VECTOR('',#16738,1000.0);
#13878=CARTESIAN_POINT('',(9.99999822821026,0.499999999999927,7.99999999999995));
#13879=CARTESIAN_POINT('',(9.99999822821026,-7.19424519957101E-14,7.99999999999995));
#13880=VECTOR('',#16739,1000.0);
#13881=CARTESIAN_POINT('',(9.99999822821026,0.499999999999927,7.99999999999995));
#13882=VECTOR('',#16740,1000.0);
#13883=COLOUR_RGB('',0.235294133424759,0.376470625400543,0.141176477074623);
#13884=CARTESIAN_POINT('',(4.99999822821026,7.49999999999993,-4.63027405617358E-14));
#13885=CARTESIAN_POINT('',(4.99999822821026,8.99999999999993,-4.60737570629069E-14));
#13886=VECTOR('',#16741,1000.0);
#13887=CARTESIAN_POINT('',(9.99999822821026,7.49999999999993,-4.80369664058561E-14));
#13888=CARTESIAN_POINT('',(-1.77178974098218E-06,7.49999999999993,-4.45685147176155E-14));
#13889=VECTOR('',#16742,1000.0);
#13890=CARTESIAN_POINT('',(9.99999822821026,8.99999999999993,-4.78079829070272E-14));
#13891=VECTOR('',#16743,1000.0);
#13892=CARTESIAN_POINT('',(8.09999822821026,1.59999999999993,-4.82786290138176E-14));
#13893=CARTESIAN_POINT('',(8.09999822821027,78.4263599999999,-3.65506498704232E-14));
#13894=VECTOR('',#16744,1000.0);
#13895=CARTESIAN_POINT('',(7.84999822821026,2.40769230769227,-4.80686189145498E-14));
#13896=CARTESIAN_POINT('',(7.35714108535315,3.99999999999993,-4.76545990045649E-14));
#13897=VECTOR('',#16745,1000.0);
#13898=CARTESIAN_POINT('',(7.84999822821026,3.49999999999997,-4.79018719564282E-14));
#13899=CARTESIAN_POINT('',(7.84999822821026,3.99999999999993,-4.78255441234853E-14));
#13900=VECTOR('',#16746,1000.0);
#13901=CARTESIAN_POINT('',(7.84999822821026,4.49999999999997,-4.77492162905423E-14));
#13902=CARTESIAN_POINT('',(7.84999822821026,3.99999999999993,-4.78255441234853E-14));
#13903=VECTOR('',#16747,1000.0);
#13904=CARTESIAN_POINT('',(7.14999822821026,4.49999999999997,-4.75064246723654E-14));
#13905=CARTESIAN_POINT('',(-1.77178974134958E-06,4.49999999999998,-4.50264817152734E-14));
#13906=VECTOR('',#16748,1000.0);
#13907=CARTESIAN_POINT('',(7.14999822821026,3.49999999999997,-4.76590803382514E-14));
#13908=CARTESIAN_POINT('',(7.14999822821026,3.99999999999993,-4.75827525053084E-14));
#13909=VECTOR('',#16749,1000.0);
#13910=CARTESIAN_POINT('',(7.14999822821026,2.40769230769227,-4.7825827296373E-14));
#13911=CARTESIAN_POINT('',(7.14999822821026,3.99999999999993,-4.75827525053084E-14));
#13912=VECTOR('',#16750,1000.0);
#13913=CARTESIAN_POINT('',(6.89999822821026,1.59999999999993,-4.78624148112287E-14));
#13914=CARTESIAN_POINT('',(7.64285537106737,3.99999999999993,-4.77536976242288E-14));
#13915=VECTOR('',#16751,1000.0);
#13916=CARTESIAN_POINT('',(6.89999822821026,3.99999999999993,-4.74960412131024E-14));
#13917=VECTOR('',#16752,1000.0);
#13918=COLOUR_RGB('',0.235294133424759,0.376470625400543,0.141176477074623);
#13919=CARTESIAN_POINT('',(4.99999822821026,6.49999999999993,7.99999999999995));
#13920=CARTESIAN_POINT('',(4.99999822821026,7.49999999999993,7.99999999999995));
#13921=CARTESIAN_POINT('',(4.99999822821026,-7.19424519957101E-14,7.99999999999995));
#13922=VECTOR('',#16753,1000.0);
#13923=CARTESIAN_POINT('',(9.99999822821026,6.49999999999993,7.99999999999995));
#13924=CARTESIAN_POINT('',(9.99999822821026,6.49999999999993,7.99999999999995));
#13925=VECTOR('',#16754,1000.0);
#13926=CARTESIAN_POINT('',(9.99999822821026,7.49999999999993,7.99999999999995));
#13927=CARTESIAN_POINT('',(9.99999822821026,-7.19424519957101E-14,7.99999999999995));
#13928=VECTOR('',#16755,1000.0);
#13929=CARTESIAN_POINT('',(9.99999822821026,7.49999999999993,7.99999999999995));
#13930=VECTOR('',#16756,1000.0);
#13931=COLOUR_RGB('',0.235294133424759,0.376470625400543,0.141176477074623);
#13932=CARTESIAN_POINT('',(4.99999822821026,7.49999999999993,-3.60000000000005));
#13933=VECTOR('',#16757,1000.0);
#13934=CARTESIAN_POINT('',(9.99999822821026,7.49999999999993,-3.60000000000005));
#13935=VECTOR('',#16758,1000.0);
#13936=COLOUR_RGB('',0.235294133424759,0.376470625400543,0.141176477074623);
#13937=CARTESIAN_POINT('',(4.99999822821026,0.499999999999928,7.99999999999995));
#13938=VECTOR('',#16759,1000.0);
#13939=CARTESIAN_POINT('',(9.99999822821026,0.499999999999927,7.99999999999995));
#13940=VECTOR('',#16760,1000.0);
#13941=COLOUR_RGB('',0.235294133424759,0.376470625400543,0.141176477074623);
#13942=CARTESIAN_POINT('',(4.99999822821026,6.49999999999993,12.181374));
#13943=VECTOR('',#16761,1000.0);
#13944=CARTESIAN_POINT('',(9.99999822821026,6.49999999999993,12.181374));
#13945=VECTOR('',#16762,1000.0);
#13946=COLOUR_RGB('',0.61176472902298,0.61176472902298,0.61176472902298);
#13947=CARTESIAN_POINT('',(6.27499822821026,3.2241939675408,6.04999999999997));
#13948=CARTESIAN_POINT('',(6.27499822821026,4.77580603245907,6.04999999999996));
#13949=CARTESIAN_POINT('',(6.26586272041414,4.76138103886271,6.04999999999996));
#13950=CARTESIAN_POINT('',(6.25697332568745,4.74678077409916,6.04984355747618));
#13951=CARTESIAN_POINT('',(6.23970709687564,4.71725776181167,6.04926788346015));
#13952=CARTESIAN_POINT('',(6.23133029177304,4.70233506002664,6.04884866048334));
#13953=CARTESIAN_POINT('',(6.21510756319412,4.672197030884,6.04779645226552));
#13954=CARTESIAN_POINT('',(6.20726166700198,4.65698175188978,6.04716347921952));
#13955=CARTESIAN_POINT('',(6.19211681342545,4.62628990405109,6.04573144051234));
#13956=CARTESIAN_POINT('',(6.18481788156981,4.61081338662269,6.04493238996439));
#13957=CARTESIAN_POINT('',(6.17078057899904,4.57963158881102,6.04321414584667));
#13958=CARTESIAN_POINT('',(6.16404223207582,4.56392636388128,6.04229496953265));
#13959=CARTESIAN_POINT('',(6.15113714002918,4.5323205169659,6.0403802772926));
#13960=CARTESIAN_POINT('',(6.14497041682557,4.51641995575471,6.03938477990923));
#13961=CARTESIAN_POINT('',(6.1332169116919,4.48445719518008,6.03735863548478));
#13962=CARTESIAN_POINT('',(6.12763014936148,4.46839506323361,6.03632800727219));
#13963=CARTESIAN_POINT('',(6.11704301810747,4.43614546840049,6.03426986908712));
#13964=CARTESIAN_POINT('',(6.11204170745143,4.41995875887617,6.03324234380743));
#13965=CARTESIAN_POINT('',(6.10258440344608,4.38732807882431,6.03121498426102));
#13966=CARTESIAN_POINT('',(6.09813729539658,4.37091195521083,6.03021692783344));
#13967=CARTESIAN_POINT('',(6.08981626183445,4.33790024355396,6.02828393490172));
#13968=CARTESIAN_POINT('',(6.08594235659896,4.32130471323223,6.02734902049142));
#13969=CARTESIAN_POINT('',(6.07877789568093,4.28796439498988,6.02557153334344));
#13970=CARTESIAN_POINT('',(6.07548735913047,4.27121967517967,6.02472898227876));
#13971=CARTESIAN_POINT('',(6.06949775798221,4.23761256871169,6.02316178099617));
#13972=CARTESIAN_POINT('',(6.06679871033676,4.22075026090855,6.02243715056767));
#13973=CARTESIAN_POINT('',(6.06199796307707,4.18694056074704,6.02112714767031));
#13974=CARTESIAN_POINT('',(6.05989627694924,4.16999325744001,6.02054179157625));
#13975=CARTESIAN_POINT('',(6.05629373985872,4.13604664003918,6.0195270292725));
#13976=CARTESIAN_POINT('',(6.0547928975089,4.11904742357894,6.01909763458801));
#13977=CARTESIAN_POINT('',(6.05239308547615,4.0850299264186,6.0184064742246));
#13978=CARTESIAN_POINT('',(6.05149411817311,4.06801174915415,6.0181447140853));
#13979=CARTESIAN_POINT('',(6.05029669202429,4.03398840869089,6.01779529082814));
#13980=CARTESIAN_POINT('',(6.04999822821026,4.01698335087936,6.01770762663917));
#13981=CARTESIAN_POINT('',(6.04999822821026,3.9830166491205,6.01770762663917));
#13982=CARTESIAN_POINT('',(6.05029669202429,3.96601159130897,6.01779529082814));
#13983=CARTESIAN_POINT('',(6.05149411817311,3.9319882508457,6.01814471408531));
#13984=CARTESIAN_POINT('',(6.05239308547615,3.91497007358126,6.0184064742246));
#13985=CARTESIAN_POINT('',(6.05479289750879,3.88095257642248,6.01909763458798));
#13986=CARTESIAN_POINT('',(6.05629373985856,3.86395335996223,6.01952702927246));
#13987=CARTESIAN_POINT('',(6.05989627694924,3.83000674255984,6.02054179157626));
#13988=CARTESIAN_POINT('',(6.06199796307707,3.81305943925282,6.02112714767031));
#13989=CARTESIAN_POINT('',(6.06679871033676,3.77924973909131,6.02243715056767));
#13990=CARTESIAN_POINT('',(6.06949775798221,3.76238743128817,6.02316178099618));
#13991=CARTESIAN_POINT('',(6.07548735913047,3.72878032482018,6.02472898227876));
#13992=CARTESIAN_POINT('',(6.07877789568093,3.71203560500998,6.02557153334344));
#13993=CARTESIAN_POINT('',(6.08594235659951,3.67869528676504,6.02734902049157));
#13994=CARTESIAN_POINT('',(6.0898162618351,3.66209975644333,6.02828393490188));
#13995=CARTESIAN_POINT('',(6.09813729539658,3.62908804478902,6.03021692783345));
#13996=CARTESIAN_POINT('',(6.10258440344608,3.61267192117555,6.03121498426103));
#13997=CARTESIAN_POINT('',(6.112041707451,3.58004124112518,6.03324234380734));
#13998=CARTESIAN_POINT('',(6.11704301810698,3.56385453160083,6.03426986908703));
#13999=CARTESIAN_POINT('',(6.12763014936052,3.53160493676918,6.03632800727201));
#14000=CARTESIAN_POINT('',(6.13321691169084,3.51554280482266,6.0373586354846));
#14001=CARTESIAN_POINT('',(6.14497041682457,3.48358004424784,6.03938477990907));
#14002=CARTESIAN_POINT('',(6.15113714002809,3.46767948303661,6.04038027729244));
#14003=CARTESIAN_POINT('',(6.16404223207679,3.43607363611618,6.0422949695328));
#14004=CARTESIAN_POINT('',(6.1707805790001,3.42036841118648,6.04321414584681));
#14005=CARTESIAN_POINT('',(6.18481788156981,3.38918661337718,6.0449323899644));
#14006=CARTESIAN_POINT('',(6.19211681342545,3.37371009594876,6.04573144051235));
#14007=CARTESIAN_POINT('',(6.20726166700198,3.34301824811008,6.04716347921953));
#14008=CARTESIAN_POINT('',(6.21510756319412,3.32780296911586,6.04779645226553));
#14009=CARTESIAN_POINT('',(6.23133029177382,3.29766493997177,6.0488486604834));
#14010=CARTESIAN_POINT('',(6.23970709687646,3.28274223818678,6.04926788346019));
#14011=CARTESIAN_POINT('',(6.25697332568818,3.25321922589946,6.04984355747622));
#14012=CARTESIAN_POINT('',(6.26586272041491,3.23861896113593,6.04999999999997));
#14013=CARTESIAN_POINT('',(6.27499822821026,3.22419396754079,6.04999999999997));
#14014=AXIS2_PLACEMENT_3D('',#16763,#16764,#16765);
#14015=COLOUR_RGB('',0.61176472902298,0.61176472902298,0.61176472902298);
#14016=CARTESIAN_POINT('',(5.47499822821026,2.29999999999995,6.04999999999995));
#14017=CARTESIAN_POINT('',(5.47499822821026,6.49999999999993,6.04999999999995));
#14018=CARTESIAN_POINT('',(5.47499822821026,3.99999999999993,6.04999999999995));
#14019=VECTOR('',#16766,1000.0);
#14020=CARTESIAN_POINT('',(6.27499822821026,6.49999999999995,6.04999999999997));
#14021=CARTESIAN_POINT('',(4.99999822821026,6.49999999999993,6.04999999999995));
#14022=VECTOR('',#16767,1000.0);
#14023=CARTESIAN_POINT('',(6.27499822821026,6.50000374999995,6.04999999999997));
#14024=VECTOR('',#16768,1000.0);
#14025=CARTESIAN_POINT('',(6.27499822821026,2.29999999999995,6.04999999999997));
#14026=CARTESIAN_POINT('',(6.27499822821026,6.50000374999995,6.04999999999997));
#14027=VECTOR('',#16769,1000.0);
#14028=CARTESIAN_POINT('',(14.814681238993,2.29999999999995,6.04999999999995));
#14029=VECTOR('',#16770,1000.0);
#14030=COLOUR_RGB('',0.235294133424759,0.376470625400543,0.141176477074623);
#14031=CARTESIAN_POINT('',(5.47499822821027,6.49999999999995,5.24999999999998));
#14032=AXIS2_PLACEMENT_3D('',#16771,#16772,#16773);
#14033=CARTESIAN_POINT('',(5.47499822821026,6.49999999999993,1.65872570797061));
#14034=VECTOR('',#16774,1000.0);
#14035=COLOUR_RGB('',0.61176472902298,0.61176472902298,0.61176472902298);
#14036=CARTESIAN_POINT('',(6.17499822821026,6.49999999999995,1.79999999999995));
#14037=CARTESIAN_POINT('',(6.17499822821026,6.49999999999995,5.24999999999998));
#14038=CARTESIAN_POINT('',(6.17499822821026,6.49999999999995,2.89256632606649));
#14039=VECTOR('',#16775,1000.0);
#14040=CARTESIAN_POINT('',(6.17499822821026,1.74999999999993,5.24999999999998));
#14041=CARTESIAN_POINT('',(6.17499822821026,6.49999999999992,5.24999999999998));
#14042=VECTOR('',#16776,1000.0);
#14043=CARTESIAN_POINT('',(6.17499822821026,1.74999999999993,4.99773623330452));
#14044=CARTESIAN_POINT('',(6.17499822821026,1.7499999999999,0.338414385035201));
#14045=VECTOR('',#16777,1000.0);
#14046=CARTESIAN_POINT('',(6.17499822821026,1.64999999999993,4.82453115254763));
#14047=AXIS2_PLACEMENT_3D('',#16778,#16779,#16780);
#14048=CARTESIAN_POINT('',(6.17499822821026,1.59999999999993,4.79566363908815));
#14049=CARTESIAN_POINT('',(6.17499822821026,4.06900222102322,6.22114273602584));
#14050=VECTOR('',#16781,1000.0);
#14051=CARTESIAN_POINT('',(6.17499822821026,1.49999999999995,4.62245855833126));
#14052=AXIS2_PLACEMENT_3D('',#16782,#16783,#16784);
#14053=CARTESIAN_POINT('',(6.17499822821026,1.49999999999995,1.79999999999995));
#14054=CARTESIAN_POINT('',(6.17499822821026,1.49999999999995,2.01053106975134));
#14055=VECTOR('',#16785,1000.0);
#14056=CARTESIAN_POINT('',(6.17499822821026,6.49999999999995,1.79999999999995));
#14057=VECTOR('',#16786,1000.0);
#14058=COLOUR_RGB('',0.61176472902298,0.61176472902298,0.61176472902298);
#14059=CARTESIAN_POINT('',(6.27499822821026,1.49999999999995,1.69999999999995));
#14060=AXIS2_PLACEMENT_3D('',#16787,#16788,#16789);
#14061=CARTESIAN_POINT('',(6.27499822821026,6.49999999999995,1.69999999999995));
#14062=CARTESIAN_POINT('',(6.27499822821026,6.50002999999995,1.69999999999995));
#14063=VECTOR('',#16790,1000.0);
#14064=AXIS2_PLACEMENT_3D('',#16791,#16792,#16793);
#14065=COLOUR_RGB('',0.517647087574005,0.564705908298492,0.61176472902298);
#14066=CARTESIAN_POINT('',(6.39999822821026,6.49999999999995,5.34999999999998));
#14067=CARTESIAN_POINT('',(6.39999822821026,6.49999999999995,4.90653280914472));
#14068=CARTESIAN_POINT('',(6.39999822821026,6.49999999999995,2.89256632606649));
#14069=VECTOR('',#16794,1000.0);
#14070=CARTESIAN_POINT('',(6.39999822821026,4.53961879067508,3.57286583915197));
#14071=CARTESIAN_POINT('',(6.39999822821026,6.49999999999995,4.90653280914472));
#14072=VECTOR('',#16795,1000.0);
#14073=CARTESIAN_POINT('',(6.39999822821026,3.30282707760555,3.66122148504687));
#14074=AXIS2_PLACEMENT_3D('',#16796,#16797,#16798);
#14075=CARTESIAN_POINT('',(6.39999822821026,1.56513871421426,5.2479664457396));
#14076=CARTESIAN_POINT('',(6.39999822821026,13.515306688778,-5.6641563563401));
#14077=VECTOR('',#16799,1000.0);
#14078=CARTESIAN_POINT('',(6.39999822821026,1.49999999999997,5.39565677580974));
#14079=AXIS2_PLACEMENT_3D('',#16800,#16801,#16802);
#14080=CARTESIAN_POINT('',(6.39999822821026,1.49999999999999,6.04999999999995));
#14081=CARTESIAN_POINT('',(6.39999822821026,1.49999999999989,2.37963007209152));
#14082=VECTOR('',#16803,1000.0);
#14083=CARTESIAN_POINT('',(6.39999822821026,1.69999999999999,6.24999999999995));
#14084=AXIS2_PLACEMENT_3D('',#16804,#16805,#16806);
#14085=CARTESIAN_POINT('',(6.39999822821026,2.29999999999995,6.24999999999995));
#14086=CARTESIAN_POINT('',(6.39999822821026,6.49999999999995,6.24999999999998));
#14087=VECTOR('',#16807,1000.0);
#14088=CARTESIAN_POINT('',(6.39999822821026,2.29999999999995,6.04999999999995));
#14089=CARTESIAN_POINT('',(6.39999822821026,2.29999999999995,2.89256632606649));
#14090=VECTOR('',#16808,1000.0);
#14091=CARTESIAN_POINT('',(6.39999822821026,1.74999999999994,6.04999999999995));
#14092=CARTESIAN_POINT('',(6.39999822821026,6.49999999999995,6.04999999999995));
#14093=VECTOR('',#16809,1000.0);
#14094=CARTESIAN_POINT('',(6.39999822821026,1.74999999999997,5.34999999999995));
#14095=CARTESIAN_POINT('',(6.39999822821026,1.74999999999994,2.89256632606649));
#14096=VECTOR('',#16810,1000.0);
#14097=CARTESIAN_POINT('',(6.39999822821026,3.40628289564803,5.34999999999996));
#14098=CARTESIAN_POINT('',(6.39999822821026,6.49999999999995,5.34999999999998));
#14099=VECTOR('',#16811,1000.0);
#14100=CARTESIAN_POINT('',(6.39999822821026,3.40628289564803,4.9712592026968));
#14101=CARTESIAN_POINT('',(6.39999822821026,3.40628289564803,9.69999999999995));
#14102=VECTOR('',#16812,1000.0);
#14103=CARTESIAN_POINT('',(6.39999822821026,4.59371710435181,4.9712592026968));
#14104=CARTESIAN_POINT('',(6.3999982282203,3.4062828956459,4.97125920265534));
#14105=CARTESIAN_POINT('',(6.3999982282203,3.42836390748554,4.9562809298491));
#14106=CARTESIAN_POINT('',(6.39999822821026,3.45074862911602,4.94174264185126));
#14107=CARTESIAN_POINT('',(6.39999822821026,3.47344811639555,4.92774556193213));
#14108=CARTESIAN_POINT('',(6.39999822821026,3.49614758158382,4.91374849563503));
#14109=CARTESIAN_POINT('',(6.39999822821943,3.51916246718583,4.90029209634262));
#14110=CARTESIAN_POINT('',(6.39999822821943,3.54251004444641,4.88748767516202));
#14111=CARTESIAN_POINT('',(6.39999822821943,3.56585750129822,4.87468332001673));
#14112=CARTESIAN_POINT('',(6.3999982282103,3.58953864417746,4.86253033792184));
#14113=CARTESIAN_POINT('',(6.3999982282103,3.61357436847165,4.85115315496741));
#14114=CARTESIAN_POINT('',(6.3999982282103,3.63758923824048,4.83978584339225));
#14115=CARTESIAN_POINT('',(6.39999822821104,3.66203329416729,4.8291566574064));
#14116=CARTESIAN_POINT('',(6.39999822821104,3.68694672144955,4.81941751563079));
#14117=CARTESIAN_POINT('',(6.39999822821104,3.71185001072084,4.80968233700024));
#14118=CARTESIAN_POINT('',(6.39999822821275,3.73717837331226,4.8008583107005));
#14119=CARTESIAN_POINT('',(6.39999822821275,3.76283201059172,4.79313650728067));
#14120=CARTESIAN_POINT('',(6.39999822821275,3.77565852397106,4.78927569745482));
#14121=CARTESIAN_POINT('',(6.39999822821177,3.78856555108057,4.78569019517425));
#14122=CARTESIAN_POINT('',(6.39999822821177,3.80153859998491,4.78240059705072));
#14123=CARTESIAN_POINT('',(6.39999822821177,3.81451165775989,4.77911099667783));
#14124=CARTESIAN_POINT('',(6.39999822821073,3.82755053281292,4.77611739002305));
#14125=CARTESIAN_POINT('',(6.39999822821073,3.84064003906325,4.77343715626506));
#14126=CARTESIAN_POINT('',(6.39999822821073,3.85372957739803,4.7707569159374));
#14127=CARTESIAN_POINT('',(6.39999822821031,3.86686948565928,4.76839012577981));
#14128=CARTESIAN_POINT('',(6.39999822821031,3.88004460799336,4.76635032437425));
#14129=CARTESIAN_POINT('',(6.39999822821031,3.89321979295255,4.76431051327293));
#14130=CARTESIAN_POINT('',(6.39999822821026,3.90642988626113,4.762597740716));
#14131=CARTESIAN_POINT('',(6.39999822821026,3.91966080811018,4.76122134641109));
#14132=CARTESIAN_POINT('',(6.39999822821026,3.9328889861626,4.75984523753951));
#14133=CARTESIAN_POINT('',(6.39999822821026,3.94614203859197,4.7588041070864));
#14134=CARTESIAN_POINT('',(6.39999822821026,3.9594552017836,4.75810377807042));
#14135=CARTESIAN_POINT('',(6.39999822821026,3.97276415462782,4.75740367053662));
#14136=CARTESIAN_POINT('',(6.39999822821026,3.98611495421184,4.75704609007766));
#14137=CARTESIAN_POINT('',(6.39999822821026,3.99948634985551,4.75703717295708));
#14138=CARTESIAN_POINT('',(6.39999822821026,4.01285764998001,4.7570282559002));
#14139=CARTESIAN_POINT('',(6.39999822821026,4.02624905193412,4.75736805087923));
#14140=CARTESIAN_POINT('',(6.39999822821026,4.03963652691962,4.75805653359067));
#14141=CARTESIAN_POINT('',(6.39999822821026,4.05302395300567,4.75874501378734));
#14142=CARTESIAN_POINT('',(6.39999822821026,4.06640694912472,4.75978216453981));
#14143=CARTESIAN_POINT('',(6.39999822821026,4.0797604702892,4.76116135850729));
#14144=CARTESIAN_POINT('',(6.39999822821026,4.09311398292954,4.76254055159438));
#14145=CARTESIAN_POINT('',(6.3999982282103,4.1064375536274,4.76426171198776));
#14146=CARTESIAN_POINT('',(6.3999982282103,4.11970667504604,4.76631185691979));
#14147=CARTESIAN_POINT('',(6.3999982282103,4.13297582236478,4.76836200585352));
#14148=CARTESIAN_POINT('',(6.39999822821033,4.1461901231611,4.77074102150486));
#14149=CARTESIAN_POINT('',(6.39999822821033,4.15932686548684,4.77343038026483));
#14150=CARTESIAN_POINT('',(6.39999822821033,4.17246366289923,4.77611975030217));
#14151=CARTESIAN_POINT('',(6.3999982282103,4.18552259233627,4.77911932471924));
#14152=CARTESIAN_POINT('',(6.3999982282103,4.19848366748992,4.78240624376569));
#14153=CARTESIAN_POINT('',(6.3999982282103,4.21144482254744,4.7856931830757));
#14154=CARTESIAN_POINT('',(6.39999822821026,4.22430790388418,4.78926732699163));
#14155=CARTESIAN_POINT('',(6.39999822821026,4.23705627560482,4.79310288874961));
#14156=CARTESIAN_POINT('',(6.39999822821026,4.26253016634091,4.80076713664535));
#14157=CARTESIAN_POINT('',(6.39999822821473,4.28765791949717,4.80950691340835));
#14158=CARTESIAN_POINT('',(6.39999822821473,4.31246937269028,4.81918945244555));
#14159=CARTESIAN_POINT('',(6.39999822821473,4.33727771002363,4.82887077553488));
#14160=CARTESIAN_POINT('',(6.39999822821026,4.36175597942881,4.83949001990424));
#14161=CARTESIAN_POINT('',(6.39999822821026,4.38589533756475,4.85090229646049));
#14162=CARTESIAN_POINT('',(6.39999822821026,4.41003469313385,4.86231457180322));
#14163=CARTESIAN_POINT('',(6.39999822821026,4.4338355622432,4.87451984963329));
#14164=CARTESIAN_POINT('',(6.39999822821026,4.45728801216509,4.88737694501292));
#14165=CARTESIAN_POINT('',(6.39999822821026,4.48074044246287,4.90023402963424));
#14166=CARTESIAN_POINT('',(6.39999822821653,4.50384491206629,4.91374308195481));
#14167=CARTESIAN_POINT('',(6.39999822821653,4.52658814287995,4.92776792092122));
#14168=CARTESIAN_POINT('',(6.39999822821653,4.54933133575725,4.9417927364938));
#14169=CARTESIAN_POINT('',(6.39999822821028,4.57171366082883,4.95633354701742));
#14170=CARTESIAN_POINT('',(6.39999822821028,4.59371710435184,4.97125920269677));
#14171=CARTESIAN_POINT('',(6.39999822821026,4.59371710435181,5.34999999999997));
#14172=CARTESIAN_POINT('',(6.39999822821026,4.59371710435181,9.69999999999995));
#14173=VECTOR('',#16813,1000.0);
#14174=CARTESIAN_POINT('',(6.39999822821026,6.49999999999995,5.34999999999998));
#14175=VECTOR('',#16814,1000.0);
#14176=COLOUR_RGB('',0.517647087574005,0.564705908298492,0.61176472902298);
#14177=CARTESIAN_POINT('',(8.59999822821026,1.56513871421426,5.2479664457396));
#14178=CARTESIAN_POINT('',(9.52499822821026,1.56513871421426,5.2479664457396));
#14179=VECTOR('',#16815,1000.0);
#14180=CARTESIAN_POINT('',(8.59999822821026,3.30282707760554,3.66122148504688));
#14181=CARTESIAN_POINT('',(9.52499822821026,3.30282707760555,3.66122148504687));
#14182=VECTOR('',#16816,1000.0);
#14183=CARTESIAN_POINT('',(8.59999822821026,13.515306688778,-5.6641563563401));
#14184=VECTOR('',#16817,1000.0);
#14185=COLOUR_RGB('',0.517647087574005,0.564705908298492,0.61176472902298);
#14186=CARTESIAN_POINT('',(8.59999822821026,4.53961879067508,3.57286583915197));
#14187=CARTESIAN_POINT('',(9.52499822821026,4.53961879067508,3.57286583915197));
#14188=VECTOR('',#16818,1000.0);
#14189=CARTESIAN_POINT('',(8.59999822821026,6.49999999999995,4.90653280914472));
#14190=CARTESIAN_POINT('',(14.814681238993,6.49999999999995,4.90653280914472));
#14191=VECTOR('',#16819,1000.0);
#14192=CARTESIAN_POINT('',(8.59999822821026,6.49999999999995,4.90653280914472));
#14193=VECTOR('',#16820,1000.0);
#14194=COLOUR_RGB('',0.517647087574005,0.564705908298492,0.61176472902298);
#14195=AXIS2_PLACEMENT_3D('',#16821,#16822,#16823);
#14196=COLOUR_RGB('',0.235294133424759,0.376470625400543,0.141176477074623);
#14197=CARTESIAN_POINT('',(8.99999822821026,6.79999999999993,5.59999999999995));
#14198=CARTESIAN_POINT('',(5.99999822821026,6.79999999999993,5.59999999999995));
#14199=CARTESIAN_POINT('',(-1.77178973912558E-06,6.79999999999993,5.59999999999995));
#14200=VECTOR('',#16824,1000.0);
#14201=CARTESIAN_POINT('',(5.99999822821026,6.79999999999993,1.64999999999995));
#14202=CARTESIAN_POINT('',(5.99999822821026,6.79999999999993,-4.67564446966801E-14));
#14203=VECTOR('',#16825,1000.0);
#14204=CARTESIAN_POINT('',(8.99999822821026,6.79999999999993,1.64999999999995));
#14205=CARTESIAN_POINT('',(-1.77178974049561E-06,6.79999999999993,1.64999999999996));
#14206=VECTOR('',#16826,1000.0);
#14207=CARTESIAN_POINT('',(8.99999822821026,6.79999999999993,-4.77969802031522E-14));
#14208=VECTOR('',#16827,1000.0);
#14209=COLOUR_RGB('',0.235294133424759,0.376470625400543,0.141176477074623);
#14210=CARTESIAN_POINT('',(5.99999822821026,6.49999999999995,1.64999999999995));
#14211=CARTESIAN_POINT('',(5.99999822821026,3.99999999999993,1.64999999999995));
#14212=VECTOR('',#16828,1000.0);
#14213=CARTESIAN_POINT('',(8.99999822821026,6.49999999999995,1.64999999999995));
#14214=CARTESIAN_POINT('',(-1.77178974053235E-06,6.49999999999995,1.64999999999996));
#14215=VECTOR('',#16829,1000.0);
#14216=CARTESIAN_POINT('',(8.99999822821026,3.99999999999993,1.64999999999995));
#14217=VECTOR('',#16830,1000.0);
#14218=COLOUR_RGB('',0.235294133424759,0.376470625400543,0.141176477074623);
#14219=CARTESIAN_POINT('',(5.99999822821026,6.49999999999995,5.59999999999995));
#14220=CARTESIAN_POINT('',(5.99999822821026,3.99999999999993,5.59999999999995));
#14221=VECTOR('',#16831,1000.0);
#14222=CARTESIAN_POINT('',(5.99999822821026,6.49999999999995,-4.68022413964459E-14));
#14223=VECTOR('',#16832,1000.0);
#14224=COLOUR_RGB('',0.235294133424759,0.376470625400543,0.141176477074623);
#14225=CARTESIAN_POINT('',(8.99999822821026,6.49999999999995,5.59999999999995));
#14226=CARTESIAN_POINT('',(8.99999822821026,3.99999999999993,5.59999999999995));
#14227=VECTOR('',#16833,1000.0);
#14228=CARTESIAN_POINT('',(-1.77178973916232E-06,6.49999999999995,5.59999999999995));
#14229=VECTOR('',#16834,1000.0);
#14230=COLOUR_RGB('',0.61176472902298,0.61176472902298,0.61176472902298);
#14231=CARTESIAN_POINT('',(8.72499822821026,6.49999999999995,1.69999999999995));
#14232=CARTESIAN_POINT('',(14.814681238993,6.49999999999995,1.69999999999995));
#14233=VECTOR('',#16835,1000.0);
#14234=CARTESIAN_POINT('',(8.82499822821026,6.49999999999995,1.79999999999995));
#14235=AXIS2_PLACEMENT_3D('',#16836,#16837,#16838);
#14236=CARTESIAN_POINT('',(8.82499822821026,6.49999999999995,5.34999999999998));
#14237=CARTESIAN_POINT('',(8.82499822821026,6.49999999999995,2.89256632606649));
#14238=VECTOR('',#16839,1000.0);
#14239=CARTESIAN_POINT('',(8.59999822821026,6.49999999999995,5.34999999999998));
#14240=CARTESIAN_POINT('',(5.46756455427677,6.49999999999995,5.34999999999995));
#14241=VECTOR('',#16840,1000.0);
#14242=CARTESIAN_POINT('',(8.59999822821026,6.49999999999995,2.89256632606649));
#14243=VECTOR('',#16841,1000.0);
#14244=CARTESIAN_POINT('',(6.27499822821026,6.49999999999995,5.34999999999998));
#14245=CARTESIAN_POINT('',(5.46756455427677,6.49999999999995,5.34999999999995));
#14246=VECTOR('',#16842,1000.0);
#14247=AXIS2_PLACEMENT_3D('',#16843,#16844,#16845);
#14248=CARTESIAN_POINT('',(8.99999822821026,6.49999999999995,-4.7842776902918E-14));
#14249=VECTOR('',#16846,1000.0);
#14250=COLOUR_RGB('',0.61176472902298,0.61176472902298,0.61176472902298);
#14251=CARTESIAN_POINT('',(8.72499822821026,1.49999999999995,1.69999999999995));
#14252=CARTESIAN_POINT('',(14.814681238993,1.49999999999995,1.69999999999995));
#14253=VECTOR('',#16847,1000.0);
#14254=CARTESIAN_POINT('',(8.72499822821026,3.49999999999997,1.69999999999995));
#14255=VECTOR('',#16848,1000.0);
#14256=COLOUR_RGB('',0.61176472902298,0.61176472902298,0.61176472902298);
#14257=CARTESIAN_POINT('',(5.47499822821026,1.49999999999993,4.62245855833126));
#14258=CARTESIAN_POINT('',(5.40499582821026,1.49999999999993,4.62245855833126));
#14259=VECTOR('',#16849,1000.0);
#14260=CARTESIAN_POINT('',(5.47499822821026,1.49999999999995,1.79999999999995));
#14261=CARTESIAN_POINT('',(5.47499822821026,1.49999999999995,-4.7383426012243E-14));
#14262=VECTOR('',#16850,1000.0);
#14263=CARTESIAN_POINT('',(6.27499822821026,1.49999999999995,0.99999999999995));
#14264=AXIS2_PLACEMENT_3D('',#16851,#16852,#16853);
#14265=CARTESIAN_POINT('',(8.72499822821026,1.49999999999995,0.99999999999995));
#14266=CARTESIAN_POINT('',(-1.77178974137013E-06,1.49999999999995,0.999999999999955));
#14267=VECTOR('',#16854,1000.0);
#14268=CARTESIAN_POINT('',(9.52499822821026,1.49999999999995,1.79999999999995));
#14269=AXIS2_PLACEMENT_3D('',#16855,#16856,#16857);
#14270=CARTESIAN_POINT('',(9.52499822821026,1.49999999999995,6.14999999999998));
#14271=CARTESIAN_POINT('',(9.52499822821026,1.49999999999995,-4.87881489459805E-14));
#14272=VECTOR('',#16858,1000.0);
#14273=CARTESIAN_POINT('',(8.72499822821025,1.49999999999995,6.94999999999998));
#14274=AXIS2_PLACEMENT_3D('',#16859,#16860,#16861);
#14275=CARTESIAN_POINT('',(5.47499822821026,1.49999999999995,6.94999999999998));
#14276=CARTESIAN_POINT('',(4.99999822821026,1.49999999999995,6.94999999999998));
#14277=VECTOR('',#16862,1000.0);
#14278=CARTESIAN_POINT('',(5.47499822821026,1.49999999999995,6.24999999999998));
#14279=CARTESIAN_POINT('',(5.47499822821026,1.49999999999995,-4.7383426012243E-14));
#14280=VECTOR('',#16863,1000.0);
#14281=CARTESIAN_POINT('',(8.72499822821026,1.49999999999995,6.24999999999998));
#14282=CARTESIAN_POINT('',(14.814681238993,1.49999999999995,6.24999999999998));
#14283=VECTOR('',#16864,1000.0);
#14284=CARTESIAN_POINT('',(8.82499822821026,1.49999999999995,6.14999999999998));
#14285=AXIS2_PLACEMENT_3D('',#16865,#16866,#16867);
#14286=CARTESIAN_POINT('',(8.82499822821026,1.49999999999995,1.79999999999995));
#14287=CARTESIAN_POINT('',(8.82499822821026,1.49999999999995,7.36974942661356));
#14288=VECTOR('',#16868,1000.0);
#14289=AXIS2_PLACEMENT_3D('',#16869,#16870,#16871);
#14290=COLOUR_RGB('',0.235294133424759,0.376470625400543,0.141176477074623);
#14291=CARTESIAN_POINT('',(7.22499822821026,3.49999999999997,0.199999999999952));
#14292=CARTESIAN_POINT('',(7.22499822821026,2.64999999999997,0.199999999999952));
#14293=CARTESIAN_POINT('',(7.22499822821026,3.99999999999993,0.199999999999952));
#14294=VECTOR('',#16872,1000.0);
#14295=CARTESIAN_POINT('',(7.22499822821026,3.49999999999997,0.649999999999952));
#14296=CARTESIAN_POINT('',(7.22499822821026,3.49999999999997,0.649999999999952));
#14297=VECTOR('',#16873,1000.0);
#14298=CARTESIAN_POINT('',(7.22499822821026,2.64999999999998,0.649999999999952));
#14299=CARTESIAN_POINT('',(7.22499822821026,3.99999999999993,0.649999999999952));
#14300=VECTOR('',#16874,1000.0);
#14301=CARTESIAN_POINT('',(7.22499822821026,2.64999999999997,0.649999999999952));
#14302=VECTOR('',#16875,1000.0);
#14303=COLOUR_RGB('',0.235294133424759,0.376470625400543,0.141176477074623);
#14304=CARTESIAN_POINT('',(6.89999822821026,1.59999999999993,0.649999999999952));
#14305=CARTESIAN_POINT('',(6.89999822821026,1.59999999999993,-4.78624148112287E-14));
#14306=VECTOR('',#16876,1000.0);
#14307=CARTESIAN_POINT('',(7.14999822821026,2.40769230769227,0.199999999999952));
#14308=CARTESIAN_POINT('',(7.14999822821026,2.40769230769226,-4.7825827296373E-14));
#14309=VECTOR('',#16877,1000.0);
#14310=CARTESIAN_POINT('',(7.64285537106737,3.99999999999993,0.199999999999952));
#14311=VECTOR('',#16878,1000.0);
#14312=CARTESIAN_POINT('',(7.58095060916261,3.79999999999993,0.649999999999952));
#14313=VECTOR('',#16879,1000.0);
#14314=COLOUR_RGB('',0.61176472902298,0.61176472902298,0.61176472902298);
#14315=CARTESIAN_POINT('',(7.84999822821026,3.49999999999997,-3.10000000000005));
#14316=AXIS2_PLACEMENT_3D('',#16880,#16881,#16882);
#14317=CARTESIAN_POINT('',(7.14999822821026,3.49999999999997,-3.10000000000005));
#14318=CARTESIAN_POINT('',(7.85000422821026,3.49999999999997,-3.10000000000005));
#14319=VECTOR('',#16883,1000.0);
#14320=AXIS2_PLACEMENT_3D('',#16884,#16885,#16886);
#14321=COLOUR_RGB('',0.61176472902298,0.61176472902298,0.61176472902298);
#14322=CARTESIAN_POINT('',(7.14999822821026,4.49999999999997,2.89256632606649));
#14323=VECTOR('',#16887,1000.0);
#14324=CARTESIAN_POINT('',(7.14999822821026,3.49999999999997,2.89256632606649));
#14325=VECTOR('',#16888,1000.0);
#14326=COLOUR_RGB('',0.61176472902298,0.61176472902298,0.61176472902298);
#14327=CARTESIAN_POINT('',(7.84999822821026,4.49999999999997,2.89256632606649));
#14328=VECTOR('',#16889,1000.0);
#14329=COLOUR_RGB('',0.61176472902298,0.61176472902298,0.61176472902298);
#14330=CARTESIAN_POINT('',(9.3062374150291,3.59999999999993,9.69999999999996));
#14331=CARTESIAN_POINT('',(2.49999822821026,3.59999999999993,9.69999999999997));
#14332=VECTOR('',#16890,1000.0);
#14333=CARTESIAN_POINT('',(9.3062374150291,3.59999999999993,10.6));
#14334=CARTESIAN_POINT('',(2.49999822821026,3.59999999999993,10.6));
#14335=VECTOR('',#16891,1000.0);
#14336=CARTESIAN_POINT('',(9.3062374150291,3.59999999999993,11.5));
#14337=VECTOR('',#16892,1000.0);
#14338=COLOUR_RGB('',0.61176472902298,0.61176472902298,0.61176472902298);
#14339=AXIS2_PLACEMENT_3D('',#16893,#16894,#16895);
#14340=COLOUR_RGB('',0.61176472902298,0.61176472902298,0.61176472902298);
#14341=CARTESIAN_POINT('',(9.30623741502911,4.39999999999991,9.69999999999996));
#14342=AXIS2_PLACEMENT_3D('',#16896,#16897,#16898);
#14343=CARTESIAN_POINT('',(2.49999822821026,4.39999999999991,9.69999999999997));
#14344=VECTOR('',#16899,1000.0);
#14345=COLOUR_RGB('',0.61176472902298,0.61176472902298,0.61176472902298);
#14346=CARTESIAN_POINT('',(9.30623741502911,4.39999999999991,10.6));
#14347=CARTESIAN_POINT('',(9.30623741502911,4.39999999999991,11.5));
#14348=VECTOR('',#16900,1000.0);
#14349=CARTESIAN_POINT('',(2.49999822821026,4.39999999999991,10.6));
#14350=VECTOR('',#16901,1000.0);
#14351=COLOUR_RGB('',0.61176472902298,0.61176472902298,0.61176472902298);
#14352=AXIS2_PLACEMENT_3D('',#16902,#16903,#16904);
#14353=COLOUR_RGB('',0.235294133424759,0.376470625400543,0.141176477074623);
#14354=COLOUR_RGB('',0.235294133424759,0.376470625400543,0.141176477074623);
#14355=CARTESIAN_POINT('',(7.14999822821026,3.49999999999997,0.199999999999952));
#14356=CARTESIAN_POINT('',(7.14999822821026,3.49999999999997,-4.76590803382514E-14));
#14357=VECTOR('',#16905,1000.0);
#14358=CARTESIAN_POINT('',(7.14999822821026,1.9561538461538,0.199999999999952));
#14359=VECTOR('',#16906,1000.0);
#14360=COLOUR_RGB('',0.235294133424759,0.376470625400543,0.141176477074623);
#14361=CARTESIAN_POINT('',(7.09999822821026,3.49999999999997,0.199999999999952));
#14362=VECTOR('',#16907,1000.0);
#14363=COLOUR_RGB('',0.235294133424759,0.376470625400543,0.141176477074623);
#14364=CARTESIAN_POINT('',(6.27499822821026,4.49999999999997,0.999999999999952));
#14365=CARTESIAN_POINT('',(7.14999822821026,4.49999999999997,0.999999999999951));
#14366=CARTESIAN_POINT('',(-1.77178974100273E-06,4.49999999999998,0.999999999999953));
#14367=VECTOR('',#16908,1000.0);
#14368=CARTESIAN_POINT('',(6.89999822821026,4.49999999999997,0.649999999999953));
#14369=CARTESIAN_POINT('',(-1.77178973978392E-06,4.49999999999997,4.51399999999992));
#14370=VECTOR('',#16909,1000.0);
#14371=CARTESIAN_POINT('',(7.14999822821026,4.49999999999997,0.649999999999953));
#14372=CARTESIAN_POINT('',(-1.77178974112413E-06,4.49999999999998,0.649999999999955));
#14373=VECTOR('',#16910,1000.0);
#14374=CARTESIAN_POINT('',(7.14999822821026,4.49999999999997,-4.75064246723654E-14));
#14375=VECTOR('',#16911,1000.0);
#14376=COLOUR_RGB('',0.61176472902298,0.61176472902298,0.61176472902298);
#14377=CARTESIAN_POINT('',(7.14999822821026,3.49999999999997,0.99999999999995));
#14378=CARTESIAN_POINT('',(7.14999822821026,3.99999999999993,0.99999999999995));
#14379=VECTOR('',#16912,1000.0);
#14380=CARTESIAN_POINT('',(7.14999822821026,3.49999999999997,0.649999999999952));
#14381=CARTESIAN_POINT('',(7.14999822821026,3.99999999999993,0.649999999999953));
#14382=VECTOR('',#16913,1000.0);
#14383=CARTESIAN_POINT('',(7.14999822821026,3.49999999999997,2.89256632606649));
#14384=VECTOR('',#16914,1000.0);
#14385=COLOUR_RGB('',0.61176472902298,0.61176472902298,0.61176472902298);
#14386=CARTESIAN_POINT('',(7.84999822821026,3.49999999999997,0.99999999999995));
#14387=CARTESIAN_POINT('',(-1.7717897411252E-06,3.49999999999997,0.999999999999953));
#14388=VECTOR('',#16915,1000.0);
#14389=CARTESIAN_POINT('',(4.99999822821026,3.49999999999997,0.649999999999953));
#14390=VECTOR('',#16916,1000.0);
#14391=CARTESIAN_POINT('',(7.84999822821026,3.49999999999997,2.89256632606649));
#14392=VECTOR('',#16917,1000.0);
#14393=CARTESIAN_POINT('',(7.84999822821026,3.49999999999997,0.199999999999952));
#14394=CARTESIAN_POINT('',(7.84999822821026,3.49999999999997,-4.79018719564282E-14));
#14395=VECTOR('',#16918,1000.0);
#14396=CARTESIAN_POINT('',(7.77499822821026,3.49999999999997,0.199999999999952));
#14397=CARTESIAN_POINT('',(7.09999822821026,3.49999999999997,0.199999999999952));
#14398=VECTOR('',#16919,1000.0);
#14399=CARTESIAN_POINT('',(7.77499822821026,3.49999999999997,0.649999999999952));
#14400=CARTESIAN_POINT('',(7.77499822821026,3.49999999999997,0.649999999999952));
#14401=VECTOR('',#16920,1000.0);
#14402=CARTESIAN_POINT('',(7.84999822821026,3.49999999999997,0.649999999999952));
#14403=CARTESIAN_POINT('',(4.99999822821026,3.49999999999997,0.649999999999953));
#14404=VECTOR('',#16921,1000.0);
#14405=CARTESIAN_POINT('',(7.84999822821026,3.49999999999997,2.89256632606649));
#14406=VECTOR('',#16922,1000.0);
#14407=COLOUR_RGB('',0.235294133424759,0.376470625400543,0.141176477074623);
#14408=CARTESIAN_POINT('',(6.89999822821026,3.99999999999993,0.649999999999953));
#14409=VECTOR('',#16923,1000.0);
#14410=COLOUR_RGB('',0.235294133424759,0.376470625400543,0.141176477074623);
#14411=CARTESIAN_POINT('',(6.89999822821026,3.99999999999993,0.649999999999953));
#14412=VECTOR('',#16924,1000.0);
#14413=COLOUR_RGB('',0.235294133424759,0.376470625400543,0.141176477074623);
#14414=CARTESIAN_POINT('',(6.27499822821026,0.558938415433159,0.999999999999952));
#14415=CARTESIAN_POINT('',(6.27499822821026,3.99999999999993,0.999999999999953));
#14416=VECTOR('',#16925,1000.0);
#14417=CARTESIAN_POINT('',(7.52744221926946,3.99999999999993,0.999999999999952));
#14418=VECTOR('',#16926,1000.0);
#14419=COLOUR_RGB('',0.235294133424759,0.376470625400543,0.141176477074623);
#14420=CARTESIAN_POINT('',(6.27499822821026,-7.105427357601E-14,0.999999999999952));
#14421=VECTOR('',#16927,1000.0);
#14422=CARTESIAN_POINT('',(6.27499822821026,3.99999999999993,0.999999999999953));
#14423=VECTOR('',#16928,1000.0);
#14424=COLOUR_RGB('',0.61176472902298,0.61176472902298,0.61176472902298);
#14425=CARTESIAN_POINT('',(7.84999822821026,4.49999999999997,0.99999999999995));
#14426=CARTESIAN_POINT('',(7.84999822821026,3.99999999999993,0.99999999999995));
#14427=VECTOR('',#16929,1000.0);
#14428=CARTESIAN_POINT('',(8.72499822821026,4.49999999999997,0.99999999999995));
#14429=CARTESIAN_POINT('',(-1.77178974100273E-06,4.49999999999998,0.999999999999953));
#14430=VECTOR('',#16930,1000.0);
#14431=CARTESIAN_POINT('',(8.72499822821026,-7.105427357601E-14,0.999999999999951));
#14432=VECTOR('',#16931,1000.0);
#14433=COLOUR_RGB('',0.235294133424759,0.376470625400543,0.141176477074623);
#14434=CARTESIAN_POINT('',(8.72499822821026,0.558938415433159,0.999999999999951));
#14435=CARTESIAN_POINT('',(8.72499822821026,3.99999999999993,0.999999999999952));
#14436=VECTOR('',#16932,1000.0);
#14437=CARTESIAN_POINT('',(8.72499822821026,3.99999999999993,0.999999999999952));
#14438=VECTOR('',#16933,1000.0);
#14439=CARTESIAN_POINT('',(8.09999822821026,4.49999999999997,0.649999999999952));
#14440=CARTESIAN_POINT('',(-1.77178974269742E-06,4.49999999999998,-3.88600000000005));
#14441=VECTOR('',#16934,1000.0);
#14442=CARTESIAN_POINT('',(8.09999822821026,1.59999999999993,0.649999999999952));
#14443=CARTESIAN_POINT('',(8.09999822821026,3.99999999999993,0.649999999999952));
#14444=VECTOR('',#16935,1000.0);
#14445=CARTESIAN_POINT('',(8.09999822821026,3.99999999999993,0.649999999999952));
#14446=VECTOR('',#16936,1000.0);
#14447=COLOUR_RGB('',0.235294133424759,0.376470625400543,0.141176477074623);
#14448=CARTESIAN_POINT('',(7.47255423715106,3.99999999999993,0.999999999999952));
#14449=VECTOR('',#16937,1000.0);
#14450=COLOUR_RGB('',0.235294133424759,0.376470625400543,0.141176477074623);
#14451=CARTESIAN_POINT('',(9.52499822821026,0.699999999999928,1.79999999999995));
#14452=AXIS2_PLACEMENT_3D('',#16938,#16939,#16940);
#14453=CARTESIAN_POINT('',(9.52499822821026,3.99999999999993,1.79999999999995));
#14454=VECTOR('',#16941,1000.0);
#14455=COLOUR_RGB('',0.235294133424759,0.376470625400543,0.141176477074623);
#14456=COLOUR_RGB('',0.517647087574005,0.564705908298492,0.61176472902298);
#14457=CARTESIAN_POINT('',(8.59999822821026,4.59371710435182,5.34999999999997));
#14458=CARTESIAN_POINT('',(8.59999822821026,6.49999999999995,5.34999999999998));
#14459=VECTOR('',#16942,1000.0);
#14460=CARTESIAN_POINT('',(8.59999822821026,4.59371710435182,4.9712592026968));
#14461=CARTESIAN_POINT('',(8.59999822821026,4.59371710435182,9.69999999999995));
#14462=VECTOR('',#16943,1000.0);
#14463=CARTESIAN_POINT('',(8.59999822821026,3.40628289564802,4.9712592026968));
#14464=CARTESIAN_POINT('',(8.59999822820022,4.59371710435395,4.97125920265534));
#14465=CARTESIAN_POINT('',(8.59999822820022,4.57163609251431,4.95628092984909));
#14466=CARTESIAN_POINT('',(8.59999822821026,4.54925137088383,4.94174264185126));
#14467=CARTESIAN_POINT('',(8.59999822821026,4.52655188360431,4.92774556193213));
#14468=CARTESIAN_POINT('',(8.59999822821026,4.50385241841603,4.91374849563503));
#14469=CARTESIAN_POINT('',(8.59999822820108,4.48083753281402,4.90029209634262));
#14470=CARTESIAN_POINT('',(8.59999822820108,4.45748995555344,4.88748767516201));
#14471=CARTESIAN_POINT('',(8.59999822820108,4.43414249870163,4.87468332001672));
#14472=CARTESIAN_POINT('',(8.59999822821022,4.41046135582239,4.86253033792183));
#14473=CARTESIAN_POINT('',(8.59999822821022,4.3864256315282,4.8511531549674));
#14474=CARTESIAN_POINT('',(8.59999822821022,4.36241076175937,4.83978584339224));
#14475=CARTESIAN_POINT('',(8.59999822820947,4.33796670583257,4.8291566574064));
#14476=CARTESIAN_POINT('',(8.59999822820947,4.3130532785503,4.81941751563078));
#14477=CARTESIAN_POINT('',(8.59999822820947,4.28814998927901,4.80968233700023));
#14478=CARTESIAN_POINT('',(8.59999822820777,4.26282162668759,4.80085831070049));
#14479=CARTESIAN_POINT('',(8.59999822820777,4.23716798940813,4.79313650728066));
#14480=CARTESIAN_POINT('',(8.59999822820777,4.22434147602879,4.78927569745481));
#14481=CARTESIAN_POINT('',(8.59999822820875,4.21143444891927,4.78569019517425));
#14482=CARTESIAN_POINT('',(8.59999822820875,4.19846140001493,4.78240059705071));
#14483=CARTESIAN_POINT('',(8.59999822820875,4.18548834223995,4.77911099667782));
#14484=CARTESIAN_POINT('',(8.59999822820979,4.17244946718692,4.77611739002304));
#14485=CARTESIAN_POINT('',(8.59999822820979,4.1593599609366,4.77343715626505));
#14486=CARTESIAN_POINT('',(8.59999822820979,4.14627042260181,4.77075691593739));
#14487=CARTESIAN_POINT('',(8.59999822821021,4.13313051434056,4.7683901257798));
#14488=CARTESIAN_POINT('',(8.59999822821021,4.11995539200649,4.76635032437424));
#14489=CARTESIAN_POINT('',(8.59999822821021,4.10678020704729,4.76431051327292));
#14490=CARTESIAN_POINT('',(8.59999822821026,4.09357011373872,4.76259774071599));
#14491=CARTESIAN_POINT('',(8.59999822821026,4.08033919188966,4.76122134641108));
#14492=CARTESIAN_POINT('',(8.59999822821026,4.06711101383724,4.75984523753949));
#14493=CARTESIAN_POINT('',(8.59999822821026,4.05385796140787,4.75880410708639));
#14494=CARTESIAN_POINT('',(8.59999822821026,4.04054479821625,4.75810377807041));
#14495=CARTESIAN_POINT('',(8.59999822821026,4.02723584537202,4.75740367053661));
#14496=CARTESIAN_POINT('',(8.59999822821026,4.013885045788,4.75704609007765));
#14497=CARTESIAN_POINT('',(8.59999822821026,4.00051365014433,4.75703717295707));
#14498=CARTESIAN_POINT('',(8.59999822821026,3.98714235001877,4.75702825590019));
#14499=CARTESIAN_POINT('',(8.59999822821026,3.97375094806466,4.75736805087927));
#14500=CARTESIAN_POINT('',(8.59999822821026,3.96036347308022,4.75805653359066));
#14501=CARTESIAN_POINT('',(8.59999822821026,3.94697604699936,4.75874501378706));
#14502=CARTESIAN_POINT('',(8.59999822821025,3.93359305088029,4.75978216453927));
#14503=CARTESIAN_POINT('',(8.59999822821025,3.92023952971064,4.76116135850728));
#14504=CARTESIAN_POINT('',(8.59999822821025,3.9068860170703,4.76254055159437));
#14505=CARTESIAN_POINT('',(8.59999822821022,3.89356244637244,4.76426171198775));
#14506=CARTESIAN_POINT('',(8.59999822821022,3.88029332495379,4.76631185691978));
#14507=CARTESIAN_POINT('',(8.59999822821022,3.86702417763506,4.76836200585351));
#14508=CARTESIAN_POINT('',(8.59999822821018,3.85380987683874,4.77074102150485));
#14509=CARTESIAN_POINT('',(8.59999822821018,3.840673134513,4.77343038026483));
#14510=CARTESIAN_POINT('',(8.59999822821018,3.8275363371006,4.77611975030216));
#14511=CARTESIAN_POINT('',(8.59999822821022,3.81447740766356,4.77911932471923));
#14512=CARTESIAN_POINT('',(8.59999822821022,3.80151633250991,4.78240624376568));
#14513=CARTESIAN_POINT('',(8.59999822821022,3.78855517745239,4.78569318307569));
#14514=CARTESIAN_POINT('',(8.59999822821026,3.77569209611566,4.78926732699162));
#14515=CARTESIAN_POINT('',(8.59999822821026,3.76294372439502,4.7931028887496));
#14516=CARTESIAN_POINT('',(8.59999822821026,3.73746983365892,4.80076713664535));
#14517=CARTESIAN_POINT('',(8.59999822820579,3.71234208050267,4.80950691340834));
#14518=CARTESIAN_POINT('',(8.59999822820579,3.68753062730956,4.81918945244555));
#14519=CARTESIAN_POINT('',(8.59999822820579,3.66272228997621,4.82887077553488));
#14520=CARTESIAN_POINT('',(8.59999822821026,3.63824402057103,4.83949001990424));
#14521=CARTESIAN_POINT('',(8.59999822821026,3.61410466243508,4.85090229646048));
#14522=CARTESIAN_POINT('',(8.59999822821026,3.58996530686598,4.86231457180322));
#14523=CARTESIAN_POINT('',(8.59999822821026,3.56616443775663,4.87451984963329));
#14524=CARTESIAN_POINT('',(8.59999822821026,3.54271198783475,4.88737694501292));
#14525=CARTESIAN_POINT('',(8.59999822821026,3.51925955753696,4.90023402963423));
#14526=CARTESIAN_POINT('',(8.59999822820399,3.49615508793354,4.91374308195481));
#14527=CARTESIAN_POINT('',(8.59999822820399,3.47341185711988,4.92776792092122));
#14528=CARTESIAN_POINT('',(8.59999822820399,3.45066866424258,4.94179273649379));
#14529=CARTESIAN_POINT('',(8.59999822821024,3.428286339171,4.95633354701742));
#14530=CARTESIAN_POINT('',(8.59999822821024,3.40628289564799,4.97125920269677));
#14531=CARTESIAN_POINT('',(8.59999822821026,3.40628289564802,5.34999999999996));
#14532=CARTESIAN_POINT('',(8.59999822821026,3.40628289564802,9.69999999999995));
#14533=VECTOR('',#16944,1000.0);
#14534=CARTESIAN_POINT('',(8.59999822821026,1.74999999999997,5.34999999999995));
#14535=CARTESIAN_POINT('',(8.59999822821026,6.49999999999995,5.34999999999998));
#14536=VECTOR('',#16945,1000.0);
#14537=CARTESIAN_POINT('',(8.59999822821026,1.74999999999995,6.04999999999995));
#14538=CARTESIAN_POINT('',(8.59999822821026,1.74999999999995,2.89256632606649));
#14539=VECTOR('',#16946,1000.0);
#14540=CARTESIAN_POINT('',(8.59999822821026,2.29999999999995,6.04999999999995));
#14541=CARTESIAN_POINT('',(8.59999822821026,6.49999999999995,6.04999999999995));
#14542=VECTOR('',#16947,1000.0);
#14543=CARTESIAN_POINT('',(8.59999822821026,2.29999999999995,6.24999999999998));
#14544=CARTESIAN_POINT('',(8.59999822821026,2.29999999999995,2.89256632606649));
#14545=VECTOR('',#16948,1000.0);
#14546=CARTESIAN_POINT('',(8.59999822821026,1.69999999999999,6.24999999999995));
#14547=CARTESIAN_POINT('',(8.59999822821026,6.49999999999995,6.24999999999998));
#14548=VECTOR('',#16949,1000.0);
#14549=CARTESIAN_POINT('',(8.59999822821026,1.49999999999999,6.04999999999995));
#14550=AXIS2_PLACEMENT_3D('',#16950,#16951,#16952);
#14551=CARTESIAN_POINT('',(8.59999822821026,1.49999999999997,5.39565677580974));
#14552=CARTESIAN_POINT('',(8.59999822821026,1.49999999999989,2.37963007209152));
#14553=VECTOR('',#16953,1000.0);
#14554=AXIS2_PLACEMENT_3D('',#16954,#16955,#16956);
#14555=COLOUR_RGB('',0.517647087574005,0.564705908298492,0.61176472902298);
#14556=CARTESIAN_POINT('',(8.82499822821026,2.29999999999995,6.04999999999995));
#14557=CARTESIAN_POINT('',(14.814681238993,2.29999999999995,6.04999999999995));
#14558=VECTOR('',#16957,1000.0);
#14559=CARTESIAN_POINT('',(8.82499822821026,2.29999999999995,6.14999999999998));
#14560=CARTESIAN_POINT('',(8.82499822821026,2.29999999999995,2.89256632606649));
#14561=VECTOR('',#16958,1000.0);
#14562=CARTESIAN_POINT('',(8.72499822821026,2.29999999999995,6.24999999999998));
#14563=AXIS2_PLACEMENT_3D('',#16959,#16960,#16961);
#14564=CARTESIAN_POINT('',(14.814681238993,2.29999999999995,6.24999999999998));
#14565=VECTOR('',#16962,1000.0);
#14566=COLOUR_RGB('',0.61176472902298,0.61176472902298,0.61176472902298);
#14567=CARTESIAN_POINT('',(5.47499822821026,2.29999999999995,6.24999999999995));
#14568=CARTESIAN_POINT('',(14.814681238993,2.29999999999995,6.24999999999995));
#14569=VECTOR('',#16963,1000.0);
#14570=CARTESIAN_POINT('',(6.39998322821026,1.69999999999999,6.24999999999995));
#14571=VECTOR('',#16964,1000.0);
#14572=CARTESIAN_POINT('',(8.72499822821026,6.49999999999995,6.24999999999998));
#14573=VECTOR('',#16965,1000.0);
#14574=CARTESIAN_POINT('',(5.47499822821026,3.99999999999993,6.24999999999998));
#14575=VECTOR('',#16966,1000.0);
#14576=COLOUR_RGB('',0.61176472902298,0.61176472902298,0.61176472902298);
#14577=CARTESIAN_POINT('',(8.82499822821026,6.49999999999995,1.79999999999995));
#14578=VECTOR('',#16967,1000.0);
#14579=COLOUR_RGB('',0.61176472902298,0.61176472902298,0.61176472902298);
#14580=CARTESIAN_POINT('',(8.82499822821026,1.74999999999994,6.04999999999995));
#14581=CARTESIAN_POINT('',(5.46756455427677,1.74999999999994,6.04999999999995));
#14582=VECTOR('',#16968,1000.0);
#14583=CARTESIAN_POINT('',(8.82499822821026,6.49999999999995,6.04999999999998));
#14584=VECTOR('',#16969,1000.0);
#14585=COLOUR_RGB('',0.61176472902298,0.61176472902298,0.61176472902298);
#14586=CARTESIAN_POINT('',(8.82499822821026,1.74999999999994,5.34999999999995));
#14587=CARTESIAN_POINT('',(5.46756455427677,1.74999999999993,5.34999999999995));
#14588=VECTOR('',#16970,1000.0);
#14589=CARTESIAN_POINT('',(8.82499822821026,1.74999999999996,2.89256632606649));
#14590=VECTOR('',#16971,1000.0);
#14591=COLOUR_RGB('',0.61176472902298,0.61176472902298,0.61176472902298);
#14592=CARTESIAN_POINT('',(8.82499822821026,6.49999999999995,6.14999999999998));
#14593=VECTOR('',#16972,1000.0);
#14594=CARTESIAN_POINT('',(8.82499822821026,6.49999999999995,5.34999999999998));
#14595=VECTOR('',#16973,1000.0);
#14596=COLOUR_RGB('',0.61176472902298,0.61176472902298,0.61176472902298);
#14597=COLOUR_RGB('',0.61176472902298,0.61176472902298,0.61176472902298);
#14598=CARTESIAN_POINT('',(5.47499822821026,1.64999999999993,4.82453115254763));
#14599=CARTESIAN_POINT('',(5.47499822821026,1.59999999999993,4.79566363908815));
#14600=CARTESIAN_POINT('',(5.47499822821026,3.99999999999993,6.18130428514335));
#14601=VECTOR('',#16974,1000.0);
#14602=CARTESIAN_POINT('',(5.40499582821026,1.59999999999993,4.79566363908815));
#14603=VECTOR('',#16975,1000.0);
#14604=CARTESIAN_POINT('',(5.40499582821026,1.64999999999993,4.82453115254763));
#14605=VECTOR('',#16976,1000.0);
#14606=COLOUR_RGB('',0.61176472902298,0.61176472902298,0.61176472902298);
#14607=AXIS2_PLACEMENT_3D('',#16977,#16978,#16979);
#14608=COLOUR_RGB('',0.61176472902298,0.61176472902298,0.61176472902298);
#14609=AXIS2_PLACEMENT_3D('',#16980,#16981,#16982);
#14610=COLOUR_RGB('',0.61176472902298,0.61176472902298,0.61176472902298);
#14611=COLOUR_RGB('',0.235294133424759,0.376470625400543,0.141176477074623);
#14612=CARTESIAN_POINT('',(9.52499822821026,0.699999999999928,6.79999999999998));
#14613=CARTESIAN_POINT('',(9.52499822821026,0.699999999999928,4.10238958199314));
#14614=VECTOR('',#16983,1000.0);
#14615=CARTESIAN_POINT('',(9.52499822821026,6.49999999999995,6.79999999999998));
#14616=CARTESIAN_POINT('',(9.52499822821026,3.99999999999993,6.79999999999998));
#14617=VECTOR('',#16984,1000.0);
#14618=CARTESIAN_POINT('',(9.52499822821026,6.49999999999995,6.14999999999998));
#14619=CARTESIAN_POINT('',(9.52499822821026,6.49999999999995,-4.80248706165507E-14));
#14620=VECTOR('',#16985,1000.0);
#14621=CARTESIAN_POINT('',(9.52499822821026,6.50000374999995,6.14999999999998));
#14622=VECTOR('',#16986,1000.0);
#14623=COLOUR_RGB('',0.235294133424759,0.376470625400543,0.141176477074623);
#14624=CARTESIAN_POINT('',(8.72499822821026,6.49999999999995,6.94999999999998));
#14625=AXIS2_PLACEMENT_3D('',#16987,#16988,#16989);
#14626=CARTESIAN_POINT('',(9.37499822821026,6.49999999999993,6.94999999999998));
#14627=AXIS2_PLACEMENT_3D('',#16990,#16991,#16992);
#14628=CARTESIAN_POINT('',(-1.77178973869407E-06,6.49999999999993,6.94999999999999));
#14629=VECTOR('',#16993,1000.0);
#14630=COLOUR_RGB('',0.61176472902298,0.61176472902298,0.61176472902298);
#14631=CARTESIAN_POINT('',(8.72499822821025,4.24874685927662,6.94999999999998));
#14632=CARTESIAN_POINT('',(8.72499822821026,6.50000374999995,6.94999999999998));
#14633=VECTOR('',#16994,1000.0);
#14634=CARTESIAN_POINT('',(8.72499822821025,3.75125314072321,6.94999999999998));
#14635=CARTESIAN_POINT('',(8.72499822821025,3.75125314072321,6.94999999999998));
#14636=CARTESIAN_POINT('',(8.75867169759802,3.91708438024102,6.94999999999998));
#14637=CARTESIAN_POINT('',(8.75867169759802,4.08291561975882,6.94999999999998));
#14638=CARTESIAN_POINT('',(8.72499822821025,4.24874685927662,6.94999999999998));
#14639=CARTESIAN_POINT('',(8.72499822821026,6.50000374999995,6.94999999999998));
#14640=VECTOR('',#16995,1000.0);
#14641=COLOUR_RGB('',0.235294133424759,0.376470625400543,0.141176477074623);
#14642=CARTESIAN_POINT('',(9.3837866587319,0.700707959981848,6.94974232363951));
#14643=CARTESIAN_POINT('',(8.1642697892604,4.05130302149878,5.73022545416801));
#14644=VECTOR('',#16996,1000.0);
#14645=CARTESIAN_POINT('',(9.52474055184979,0.700707959981848,6.80878843052163));
#14646=AXIS2_PLACEMENT_3D('',#16997,#16998,#16999);
#14647=CARTESIAN_POINT('',(8.30522368237829,4.05130302149878,5.58927156105013));
#14648=VECTOR('',#17000,1000.0);
#14649=COLOUR_RGB('',0.235294133424759,0.376470625400543,0.141176477074623);
#14650=CARTESIAN_POINT('',(9.37499822821026,0.699999999999928,6.94999999999998));
#14651=CARTESIAN_POINT('',(9.37499822821026,3.99999999999993,6.94999999999998));
#14652=VECTOR('',#17001,1000.0);
#14653=AXIS2_PLACEMENT_3D('',#17002,#17003,#17004);
#14654=AXIS2_PLACEMENT_3D('',#17005,#17006,#17007);
#14655=COLOUR_RGB('',0.235294133424759,0.376470625400543,0.141176477074623);
#14656=CARTESIAN_POINT('',(8.22430833377979,4.27361611466046,1.79999999999995));
#14657=VECTOR('',#17008,1000.0);
#14658=COLOUR_RGB('',0.61176472902298,0.61176472902298,0.61176472902298);
#14659=AXIS2_PLACEMENT_3D('',#17009,#17010,#17011);
#14660=CARTESIAN_POINT('',(6.27499822821026,3.75125314072327,5.34999999999997));
#14661=AXIS2_PLACEMENT_3D('',#17012,#17013,#17014);
#14662=CARTESIAN_POINT('',(6.27499822821026,4.24874685927657,5.34999999999997));
#14663=CARTESIAN_POINT('',(6.27499822821026,4.24874685927657,5.35000000000014));
#14664=CARTESIAN_POINT('',(6.27291924349616,4.23850851382698,5.35000000000014));
#14665=CARTESIAN_POINT('',(6.27096864364193,4.228244044708,5.34993542841482));
#14666=CARTESIAN_POINT('',(6.26914765085916,4.21796067588985,5.34982870701724));
#14667=CARTESIAN_POINT('',(6.26732665804308,4.20767730688362,5.34972198561771));
#14668=CARTESIAN_POINT('',(6.2656352738308,4.19737504210639,5.34957309529115));
#14669=CARTESIAN_POINT('',(6.26407425161438,4.18706128427712,5.34940154292228));
#14670=CARTESIAN_POINT('',(6.26095263090129,4.16643656815771,5.34905848475026));
#14671=CARTESIAN_POINT('',(6.25834651768074,4.14572686745077,5.348626717994));
#14672=CARTESIAN_POINT('',(6.25626069452998,4.12496778510822,5.34822883910329));
#14673=CARTESIAN_POINT('',(6.25521775257296,4.11458794156481,5.34802989386251));
#14674=CARTESIAN_POINT('',(6.25430497002696,4.10419739685264,5.34783880232559));
#14675=CARTESIAN_POINT('',(6.25352231002192,4.09379651047095,5.34766670332291));
#14676=CARTESIAN_POINT('',(6.2527396231067,4.08339526647573,5.34749459840294));
#14677=CARTESIAN_POINT('',(6.25208704708541,4.07298289714984,5.34734149283368));
#14678=CARTESIAN_POINT('',(6.2515649279375,4.06256432505876,5.34721563885674));
#14679=CARTESIAN_POINT('',(6.25104279915412,4.05214556069761,5.34708978255722));
#14680=CARTESIAN_POINT('',(6.25065115182281,4.04172189019363,5.34699119792803));
#14681=CARTESIAN_POINT('',(6.25038998620952,4.03129283502342,5.34692489064028));
#14682=CARTESIAN_POINT('',(6.25012882714387,4.02086404131849,5.3468585850149));
#14683=CARTESIAN_POINT('',(6.24999822821026,4.01043137401588,5.34682458365517));
#14684=CARTESIAN_POINT('',(6.24999822821026,3.99999999999992,5.34682458365517));
#14685=CARTESIAN_POINT('',(6.24999822821026,3.98956862598501,5.34682458365517));
#14686=CARTESIAN_POINT('',(6.25012882714385,3.9791359586824,5.3468585850149));
#14687=CARTESIAN_POINT('',(6.25038998620952,3.96870716497642,5.34692489064028));
#14688=CARTESIAN_POINT('',(6.25065115182281,3.95827810980622,5.34699119792803));
#14689=CARTESIAN_POINT('',(6.25104279915412,3.94785443930224,5.34708978255722));
#14690=CARTESIAN_POINT('',(6.2515649279375,3.93743567494108,5.34721563885674));
#14691=CARTESIAN_POINT('',(6.25208704708541,3.92701710285,5.34734149283368));
#14692=CARTESIAN_POINT('',(6.2527396231067,3.91660473352411,5.34749459840294));
#14693=CARTESIAN_POINT('',(6.25352231002192,3.90620348952889,5.34766670332291));
#14694=CARTESIAN_POINT('',(6.25430497002696,3.8958026031472,5.34783880232559));
#14695=CARTESIAN_POINT('',(6.25521775257296,3.88541205843503,5.34802989386251));
#14696=CARTESIAN_POINT('',(6.25626069452998,3.87503221489162,5.34822883910329));
#14697=CARTESIAN_POINT('',(6.25834651768074,3.85427313254907,5.348626717994));
#14698=CARTESIAN_POINT('',(6.26095263090129,3.83356343184213,5.34905848475026));
#14699=CARTESIAN_POINT('',(6.26407425161438,3.81293871572273,5.34940154292228));
#14700=CARTESIAN_POINT('',(6.2656352738308,3.80262495789345,5.34957309529115));
#14701=CARTESIAN_POINT('',(6.26732665804308,3.79232269311622,5.34972198561771));
#14702=CARTESIAN_POINT('',(6.26914765085916,3.78203932410999,5.34982870701724));
#14703=CARTESIAN_POINT('',(6.27096864364193,3.77175595529184,5.34993542841482));
#14704=CARTESIAN_POINT('',(6.27291924349616,3.76149148617286,5.35000000000014));
#14705=CARTESIAN_POINT('',(6.27499822821026,3.75125314072327,5.35000000000014));
#14706=AXIS2_PLACEMENT_3D('',#17015,#17016,#17017);
#14707=COLOUR_RGB('',0.235294133424759,0.376470625400543,0.141176477074623);
#14708=COLOUR_RGB('',0.235294133424759,0.376470625400543,0.141176477074623);
#14709=CARTESIAN_POINT('',(7.84999822821026,4.49999999999997,0.649999999999952));
#14710=CARTESIAN_POINT('',(-1.77178974112413E-06,4.49999999999998,0.649999999999955));
#14711=VECTOR('',#17018,1000.0);
#14712=CARTESIAN_POINT('',(7.84999822821026,4.49999999999997,-4.77492162905423E-14));
#14713=VECTOR('',#17019,1000.0);
#14714=COLOUR_RGB('',0.61176472902298,0.61176472902298,0.61176472902298);
#14715=CARTESIAN_POINT('',(7.84999822821026,3.99999999999993,0.649999999999952));
#14716=VECTOR('',#17020,1000.0);
#14717=COLOUR_RGB('',0.517647087574005,0.564705908298492,0.61176472902298);
#14718=CARTESIAN_POINT('',(9.52499822821026,1.49999999999997,5.39565677580974));
#14719=VECTOR('',#17021,1000.0);
#14720=COLOUR_RGB('',0.235294133424759,0.376470625400543,0.141176477074623);
#14721=CARTESIAN_POINT('',(7.77499822821026,2.64999999999997,0.199999999999952));
#14722=CARTESIAN_POINT('',(7.77499822821026,3.99999999999993,0.199999999999952));
#14723=VECTOR('',#17022,1000.0);
#14724=CARTESIAN_POINT('',(7.77499822821026,2.64999999999997,0.649999999999952));
#14725=CARTESIAN_POINT('',(7.77499822821026,2.64999999999997,0.649999999999952));
#14726=VECTOR('',#17023,1000.0);
#14727=CARTESIAN_POINT('',(7.77499822821026,3.99999999999993,0.649999999999952));
#14728=VECTOR('',#17024,1000.0);
#14729=COLOUR_RGB('',0.235294133424759,0.376470625400543,0.141176477074623);
#14730=CARTESIAN_POINT('',(7.84999822821026,2.40769230769227,0.199999999999952));
#14731=CARTESIAN_POINT('',(7.84999822821026,2.40769230769227,-4.80686189145498E-14));
#14732=VECTOR('',#17025,1000.0);
#14733=CARTESIAN_POINT('',(7.84999822821026,3.49999999999997,0.199999999999952));
#14734=VECTOR('',#17026,1000.0);
#14735=COLOUR_RGB('',0.235294133424759,0.376470625400543,0.141176477074623);
#14736=CARTESIAN_POINT('',(7.35714108535315,3.99999999999993,0.199999999999952));
#14737=VECTOR('',#17027,1000.0);
#14738=COLOUR_RGB('',0.61176472902298,0.61176472902298,0.61176472902298);
#14739=COLOUR_RGB('',0.61176472902298,0.61176472902298,0.61176472902298);
#14740=CARTESIAN_POINT('',(5.47499822821027,1.74999999999993,5.24999999999998));
#14741=CARTESIAN_POINT('',(5.47499822821027,6.50000374999995,5.24999999999998));
#14742=VECTOR('',#17028,1000.0);
#14743=CARTESIAN_POINT('',(6.27499822821026,1.74999999999993,6.04999999999996));
#14744=AXIS2_PLACEMENT_3D('',#17029,#17030,#17031);
#14745=CARTESIAN_POINT('',(6.27499822821026,1.74999999999993,6.04999999999995));
#14746=VECTOR('',#17032,1000.0);
#14747=COLOUR_RGB('',0.235294133424759,0.376470625400543,0.141176477074623);
#14748=CARTESIAN_POINT('',(8.09999822821026,1.59999999999993,-4.82786290138176E-14));
#14749=VECTOR('',#17033,1000.0);
#14750=COLOUR_RGB('',0.235294133424759,0.376470625400543,0.141176477074623);
#14751=CARTESIAN_POINT('',(7.41904584725791,3.79999999999993,0.649999999999952));
#14752=VECTOR('',#17034,1000.0);
#14753=COLOUR_RGB('',0.235294133424759,0.376470625400543,0.141176477074623);
#14754=COLOUR_RGB('',0.61176472902298,0.61176472902298,0.61176472902298);
#14755=CARTESIAN_POINT('',(6.27499822821026,1.74999999999993,5.34999999999996));
#14756=CARTESIAN_POINT('',(5.46756455427677,1.74999999999993,5.34999999999995));
#14757=VECTOR('',#17035,1000.0);
#14758=CARTESIAN_POINT('',(5.46756455427677,1.74999999999994,6.04999999999995));
#14759=VECTOR('',#17036,1000.0);
#14760=CARTESIAN_POINT('',(5.47499822821026,1.74999999999993,4.99773623330452));
#14761=CARTESIAN_POINT('',(5.47499822821026,1.74999999999993,-4.73452620957715E-14));
#14762=VECTOR('',#17037,1000.0);
#14763=CARTESIAN_POINT('',(5.40499582821026,1.74999999999993,4.99773623330452));
#14764=VECTOR('',#17038,1000.0);
#14765=AXIS2_PLACEMENT_3D('',#17039,#17040,#17041);
#14766=COLOUR_RGB('',0.235294133424759,0.376470625400543,0.141176477074623);
#14767=CARTESIAN_POINT('',(5.47499822821026,0.699999999999929,1.79999999999995));
#14768=CARTESIAN_POINT('',(5.47499822821026,3.99999999999993,1.79999999999995));
#14769=VECTOR('',#17042,1000.0);
#14770=AXIS2_PLACEMENT_3D('',#17043,#17044,#17045);
#14771=COLOUR_RGB('',0.61176472902298,0.61176472902298,0.61176472902298);
#14772=CARTESIAN_POINT('',(6.27499822821026,6.49999999999992,5.34999999999998));
#14773=VECTOR('',#17046,1000.0);
#14774=COLOUR_RGB('',0.235294133424759,0.376470625400543,0.141176477074623);
#14775=CARTESIAN_POINT('',(6.77568812264073,4.27361611466046,1.79999999999995));
#14776=VECTOR('',#17047,1000.0);
#14777=CARTESIAN_POINT('',(5.47499822821026,0.699999999999928,6.94999999999998));
#14778=CARTESIAN_POINT('',(5.47499822821026,0.699999999999929,4.10238958199314));
#14779=VECTOR('',#17048,1000.0);
#14780=CARTESIAN_POINT('',(6.67610000128873,3.99999999999993,5.74889822692151));
#14781=VECTOR('',#17049,1000.0);
#14782=COLOUR_RGB('',0.61176472902298,0.61176472902298,0.61176472902298);
#14783=CARTESIAN_POINT('',(6.27499822821026,6.49999999999992,5.34999999999998));
#14784=VECTOR('',#17050,1000.0);
#14785=COLOUR_RGB('',0.235294133424759,0.376470625400543,0.141176477074623);
#14786=CARTESIAN_POINT('',(7.49999822821026,0.699999999999928,6.94999999999998));
#14787=VECTOR('',#17051,1000.0);
#14788=COLOUR_RGB('',0.61176472902298,0.61176472902298,0.61176472902298);
#14789=COLOUR_RGB('',0.517647087574005,0.564705908298492,0.61176472902298);
#14790=CARTESIAN_POINT('',(9.52499822821026,1.49999999999999,6.04999999999995));
#14791=VECTOR('',#17052,1000.0);
#14792=COLOUR_RGB('',0.61176472902298,0.61176472902298,0.61176472902298);
#14793=CARTESIAN_POINT('',(14.814681238993,2.29999999999995,6.04999999999995));
#14794=VECTOR('',#17053,1000.0);
#14795=COLOUR_RGB('',0.235294133424759,0.376470625400543,0.141176477074623);
#14796=AXIS2_PLACEMENT_3D('',#17054,#17055,#17056);
#14797=AXIS2_PLACEMENT_3D('',#17057,#17058,#17059);
#14798=CARTESIAN_POINT('',(5.47499822821026,2.29999999999995,-4.72613014795343E-14));
#14799=VECTOR('',#17060,1000.0);
#14800=CARTESIAN_POINT('',(5.47499822821026,3.99999999999993,6.94999999999998));
#14801=VECTOR('',#17061,1000.0);
#14802=COLOUR_RGB('',0.235294133424759,0.376470625400543,0.141176477074623);
#14803=COLOUR_RGB('',0.61176472902298,0.61176472902298,0.61176472902298);
#14804=COLOUR_RGB('',0.517647087574005,0.564705908298492,0.61176472902298);
#14805=COLOUR_RGB('',0.61176472902298,0.61176472902298,0.61176472902298);
#14806=COLOUR_RGB('',0.517647087574005,0.564705908298492,0.61176472902298);
#14807=COLOUR_RGB('',0.61176472902298,0.61176472902298,0.61176472902298);
#14808=COLOUR_RGB('',0.235294133424759,0.376470625400543,0.141176477074623);
#14809=COLOUR_RGB('',0.645180702209473,0.678915679454803,0.699999988079071);
#14810=COLOUR_RGB('',0.645180702209473,0.678915679454803,0.699999988079071);
#14811=COLOUR_RGB('',0.235294133424759,0.376470625400543,0.141176477074623);
#14812=CARTESIAN_POINT('',(14.1021452252115,4.92499999999993,11.4999999999999));
#14813=CARTESIAN_POINT('',(14.1021452252115,4.92499999999993,10.5999999999999));
#14814=CARTESIAN_POINT('',(14.1021452252115,4.92499999999993,11.4999999999999));
#14815=VECTOR('',#17062,1.0);
#14816=CARTESIAN_POINT('',(10.8978512312091,3.07499999999993,11.4999999999999));
#14817=AXIS2_PLACEMENT_3D('',#17063,#17064,#17065);
#14818=CARTESIAN_POINT('',(10.8978512312091,3.07499999999993,10.5999999999999));
#14819=CARTESIAN_POINT('',(10.8978512312091,3.07499999999993,11.4999999999999));
#14820=VECTOR('',#17066,1.0);
#14821=CARTESIAN_POINT('',(10.6937590413914,3.59999999999993,10.5999999999999));
#14822=AXIS2_PLACEMENT_3D('',#17067,#17068,#17069);
#14823=CARTESIAN_POINT('',(10.6937590413914,3.59999999999993,9.69999999999996));
#14824=CARTESIAN_POINT('',(10.6937590413914,3.59999999999993,11.4999999999999));
#14825=VECTOR('',#17070,1000.0);
#14826=CARTESIAN_POINT('',(10.6937590413914,4.39999999999991,9.69999999999996));
#14827=AXIS2_PLACEMENT_3D('',#17071,#17072,#17073);
#14828=CARTESIAN_POINT('',(10.6937590413914,4.39999999999991,10.5999999999999));
#14829=CARTESIAN_POINT('',(10.6937590413914,4.39999999999991,11.4999999999999));
#14830=VECTOR('',#17074,1000.0);
#14831=AXIS2_PLACEMENT_3D('',#17075,#17076,#17077);
#14832=COLOUR_RGB('',0.61176472902298,0.61176472902298,0.61176472902298);
#14833=CARTESIAN_POINT('',(12.1499982282103,3.99999999999997,-3.60000000000005));
#14834=CARTESIAN_POINT('',(12.8499982282103,3.99999999999997,-3.60000000000005));
#14835=CARTESIAN_POINT('',(12.4999982282103,3.99999999999997,-3.60000000000005));
#14836=VECTOR('',#17078,1.0);
#14837=CARTESIAN_POINT('',(12.1499982282103,4.49999999999997,-3.10000000000005));
#14838=AXIS2_PLACEMENT_3D('',#17079,#17080,#17081);
#14839=CARTESIAN_POINT('',(12.8499982282103,4.49999999999997,-3.10000000000005));
#14840=CARTESIAN_POINT('',(12.8500042282103,4.49999999999997,-3.10000000000005));
#14841=VECTOR('',#17082,1000.0);
#14842=AXIS2_PLACEMENT_3D('',#17083,#17084,#17085);
#14843=COLOUR_RGB('',0.61176472902298,0.61176472902298,0.61176472902298);
#14844=CARTESIAN_POINT('',(11.0499982282103,3.99999999999993,6.04999999999995));
#14845=CARTESIAN_POINT('',(11.0499982282103,3.99999999999993,6.01770762663917));
#14846=CARTESIAN_POINT('',(11.0499982282103,3.99999999999993,6.03385381331957));
#14847=VECTOR('',#17086,1.0);
#14848=CARTESIAN_POINT('',(11.2749982282103,4.7758060324591,6.04999999999997));
#14849=AXIS2_PLACEMENT_3D('',#17087,#17088,#17089);
#14850=CARTESIAN_POINT('',(11.2749982282103,4.77580603245907,6.04999999999996));
#14851=CARTESIAN_POINT('',(11.2658627204141,4.76138103886271,6.04999999999996));
#14852=CARTESIAN_POINT('',(11.2569733256875,4.74678077409916,6.04984355747618));
#14853=CARTESIAN_POINT('',(11.2397070968756,4.71725776181167,6.04926788346015));
#14854=CARTESIAN_POINT('',(11.231330291773,4.70233506002665,6.04884866048334));
#14855=CARTESIAN_POINT('',(11.2151075631941,4.672197030884,6.04779645226552));
#14856=CARTESIAN_POINT('',(11.207261667002,4.65698175188978,6.04716347921952));
#14857=CARTESIAN_POINT('',(11.1921168134255,4.62628990405109,6.04573144051234));
#14858=CARTESIAN_POINT('',(11.1848178815698,4.61081338662269,6.04493238996439));
#14859=CARTESIAN_POINT('',(11.170780578999,4.57963158881102,6.04321414584667));
#14860=CARTESIAN_POINT('',(11.1640422320758,4.56392636388128,6.04229496953265));
#14861=CARTESIAN_POINT('',(11.1511371400292,4.5323205169659,6.0403802772926));
#14862=CARTESIAN_POINT('',(11.1449704168256,4.51641995575471,6.03938477990923));
#14863=CARTESIAN_POINT('',(11.1332169116919,4.48445719518008,6.03735863548478));
#14864=CARTESIAN_POINT('',(11.1276301493615,4.46839506323361,6.03632800727219));
#14865=CARTESIAN_POINT('',(11.1170430181075,4.43614546840049,6.03426986908712));
#14866=CARTESIAN_POINT('',(11.1120417074514,4.41995875887617,6.03324234380743));
#14867=CARTESIAN_POINT('',(11.1025844034461,4.38732807882431,6.03121498426102));
#14868=CARTESIAN_POINT('',(11.0981372953966,4.37091195521083,6.03021692783344));
#14869=CARTESIAN_POINT('',(11.0898162618345,4.33790024355396,6.02828393490172));
#14870=CARTESIAN_POINT('',(11.085942356599,4.32130471323223,6.02734902049142));
#14871=CARTESIAN_POINT('',(11.0787778956809,4.28796439498988,6.02557153334344));
#14872=CARTESIAN_POINT('',(11.0754873591305,4.27121967517967,6.02472898227876));
#14873=CARTESIAN_POINT('',(11.0694977579822,4.23761256871169,6.02316178099617));
#14874=CARTESIAN_POINT('',(11.0667987103368,4.22075026090855,6.02243715056767));
#14875=CARTESIAN_POINT('',(11.0619979630771,4.18694056074704,6.02112714767031));
#14876=CARTESIAN_POINT('',(11.0598962769492,4.16999325744001,6.02054179157625));
#14877=CARTESIAN_POINT('',(11.0562937398587,4.13604664003918,6.0195270292725));
#14878=CARTESIAN_POINT('',(11.0547928975089,4.11904742357894,6.01909763458801));
#14879=CARTESIAN_POINT('',(11.0523930854762,4.0850299264186,6.0184064742246));
#14880=CARTESIAN_POINT('',(11.0514941181731,4.06801174915415,6.0181447140853));
#14881=CARTESIAN_POINT('',(11.0502966920243,4.03398840869089,6.01779529082814));
#14882=CARTESIAN_POINT('',(11.0499982282103,4.01698335087936,6.01770762663917));
#14883=CARTESIAN_POINT('',(11.0499982282103,3.9830166491205,6.01770762663917));
#14884=CARTESIAN_POINT('',(11.0502966920243,3.96601159130897,6.01779529082814));
#14885=CARTESIAN_POINT('',(11.0514941181731,3.93198825084571,6.01814471408531));
#14886=CARTESIAN_POINT('',(11.0523930854762,3.91497007358126,6.0184064742246));
#14887=CARTESIAN_POINT('',(11.0547928975088,3.88095257642248,6.01909763458798));
#14888=CARTESIAN_POINT('',(11.0562937398586,3.86395335996223,6.01952702927246));
#14889=CARTESIAN_POINT('',(11.0598962769492,3.83000674255984,6.02054179157626));
#14890=CARTESIAN_POINT('',(11.0619979630771,3.81305943925282,6.02112714767031));
#14891=CARTESIAN_POINT('',(11.0667987103368,3.77924973909131,6.02243715056767));
#14892=CARTESIAN_POINT('',(11.0694977579822,3.76238743128817,6.02316178099618));
#14893=CARTESIAN_POINT('',(11.0754873591305,3.72878032482018,6.02472898227876));
#14894=CARTESIAN_POINT('',(11.0787778956809,3.71203560500998,6.02557153334344));
#14895=CARTESIAN_POINT('',(11.0859423565995,3.67869528676504,6.02734902049157));
#14896=CARTESIAN_POINT('',(11.0898162618351,3.66209975644333,6.02828393490188));
#14897=CARTESIAN_POINT('',(11.0981372953966,3.62908804478902,6.03021692783345));
#14898=CARTESIAN_POINT('',(11.1025844034461,3.61267192117555,6.03121498426103));
#14899=CARTESIAN_POINT('',(11.112041707451,3.58004124112518,6.03324234380734));
#14900=CARTESIAN_POINT('',(11.117043018107,3.56385453160084,6.03426986908703));
#14901=CARTESIAN_POINT('',(11.1276301493605,3.53160493676918,6.03632800727201));
#14902=CARTESIAN_POINT('',(11.1332169116908,3.51554280482266,6.0373586354846));
#14903=CARTESIAN_POINT('',(11.1449704168246,3.48358004424784,6.03938477990907));
#14904=CARTESIAN_POINT('',(11.1511371400281,3.46767948303661,6.04038027729244));
#14905=CARTESIAN_POINT('',(11.1640422320768,3.43607363611618,6.0422949695328));
#14906=CARTESIAN_POINT('',(11.1707805790001,3.42036841118648,6.04321414584681));
#14907=CARTESIAN_POINT('',(11.1848178815698,3.38918661337718,6.0449323899644));
#14908=CARTESIAN_POINT('',(11.1921168134255,3.37371009594876,6.04573144051235));
#14909=CARTESIAN_POINT('',(11.207261667002,3.34301824811008,6.04716347921953));
#14910=CARTESIAN_POINT('',(11.2151075631941,3.32780296911586,6.04779645226553));
#14911=CARTESIAN_POINT('',(11.2313302917738,3.29766493997177,6.0488486604834));
#14912=CARTESIAN_POINT('',(11.2397070968765,3.28274223818678,6.04926788346019));
#14913=CARTESIAN_POINT('',(11.2569733256882,3.25321922589946,6.04984355747622));
#14914=CARTESIAN_POINT('',(11.2658627204149,3.23861896113593,6.04999999999997));
#14915=CARTESIAN_POINT('',(11.2749982282103,3.22419396754079,6.04999999999997));
#14916=COLOUR_RGB('',0.235294133424759,0.376470625400543,0.141176477074623);
#14917=CARTESIAN_POINT('',(9.99999822821026,-7.19424519957101E-14,7.99999999999995));
#14918=CARTESIAN_POINT('',(14.9999982282103,-7.19424519957101E-14,7.99999999999995));
#14919=CARTESIAN_POINT('',(14.9999982282103,-7.19424519957101E-14,7.99999999999995));
#14920=VECTOR('',#17090,1000.0);
#14921=CARTESIAN_POINT('',(9.99999822821026,-7.105427357601E-14,-5.20335371280698E-14));
#14922=CARTESIAN_POINT('',(9.99999822821026,-7.19424519957101E-14,11.4999999999999));
#14923=VECTOR('',#17091,1000.0);
#14924=CARTESIAN_POINT('',(11.8999982282103,-7.105427357601E-14,-5.23666233345736E-14));
#14925=CARTESIAN_POINT('',(4.99999822821026,-7.01660951563099E-14,-5.11569944793754E-14));
#14926=VECTOR('',#17092,1000.0);
#14927=CARTESIAN_POINT('',(11.8999982282103,-7.105427357601E-14,0.649999999999949));
#14928=CARTESIAN_POINT('',(11.8999982282103,-6.83897383169096E-14,-26.9951630000001));
#14929=VECTOR('',#17093,1000.0);
#14930=CARTESIAN_POINT('',(11.2749982282103,-7.105427357601E-14,0.999999999999948));
#14931=CARTESIAN_POINT('',(4.99999822821026,-7.105427357601E-14,4.51399999999992));
#14932=VECTOR('',#17094,1000.0);
#14933=CARTESIAN_POINT('',(11.0715612822046,-7.105427357601E-14,0.999999999999948));
#14934=CARTESIAN_POINT('',(4.99999822821026,-7.01660951563099E-14,0.999999999999949));
#14935=VECTOR('',#17095,1000.0);
#14936=CARTESIAN_POINT('',(10.2202190642239,-7.105427357601E-14,1.79999999999995));
#14937=AXIS2_PLACEMENT_3D('',#17096,#17097,#17098);
#14938=CARTESIAN_POINT('',(10.2202190642239,-7.19424519957101E-14,7.20477916398633));
#14939=CARTESIAN_POINT('',(10.2202190642239,-7.105427357601E-14,4.10238958199314));
#14940=VECTOR('',#17099,1000.0);
#14941=CARTESIAN_POINT('',(14.6388234990787,-7.19424519957101E-14,7.20477916398633));
#14942=CARTESIAN_POINT('',(12.4999982282103,-7.19424519957101E-14,7.20477916398633));
#14943=VECTOR('',#17100,1000.0);
#14944=CARTESIAN_POINT('',(14.7797773921966,-7.19424519957101E-14,7.06382527086844));
#14945=AXIS2_PLACEMENT_3D('',#17101,#17102,#17103);
#14946=CARTESIAN_POINT('',(14.7797773921966,-7.105427357601E-14,1.79999999999995));
#14947=CARTESIAN_POINT('',(14.7797773921966,-7.105427357601E-14,4.10238958199314));
#14948=VECTOR('',#17104,1000.0);
#14949=CARTESIAN_POINT('',(13.9284351742159,-7.105427357601E-14,0.999999999999947));
#14950=AXIS2_PLACEMENT_3D('',#17105,#17106,#17107);
#14951=CARTESIAN_POINT('',(13.7249982282103,-7.105427357601E-14,0.999999999999947));
#14952=CARTESIAN_POINT('',(4.99999822821026,-7.01660951563099E-14,0.999999999999949));
#14953=VECTOR('',#17108,1000.0);
#14954=CARTESIAN_POINT('',(13.0999982282103,-7.105427357601E-14,0.649999999999948));
#14955=CARTESIAN_POINT('',(4.99999822821026,-6.97220059464598E-14,-3.88600000000005));
#14956=VECTOR('',#17109,1000.0);
#14957=CARTESIAN_POINT('',(13.0999982282103,-7.105427357601E-14,-5.25769935702603E-14));
#14958=CARTESIAN_POINT('',(13.0999982282103,-6.83897383169096E-14,-26.9951630000001));
#14959=VECTOR('',#17110,1000.0);
#14960=CARTESIAN_POINT('',(14.9999982282103,-7.105427357601E-14,-5.29100797767641E-14));
#14961=CARTESIAN_POINT('',(9.99999822821026,-7.105427357601E-14,-5.20335371280698E-14));
#14962=VECTOR('',#17111,1000.0);
#14963=CARTESIAN_POINT('',(14.9999982282103,-7.19424519957101E-14,11.4999999999999));
#14964=VECTOR('',#17112,1000.0);
#14965=COLOUR_RGB('',0.235294133424759,0.376470625400543,0.141176477074623);
#14966=AXIS2_PLACEMENT_3D('',#17113,#17114,#17115);
#14967=CARTESIAN_POINT('',(9.99999822821026,6.49999999999993,11.4999999999999));
#14968=CARTESIAN_POINT('',(14.9999982282103,6.49999999999993,11.4999999999999));
#14969=CARTESIAN_POINT('',(14.9999982282103,6.49999999999993,11.4999999999999));
#14970=VECTOR('',#17116,1000.0);
#14971=CARTESIAN_POINT('',(9.99999822821026,1.3080386689394,11.4999999999999));
#14972=CARTESIAN_POINT('',(9.99999822821026,7.49999999999993,11.4999999999999));
#14973=VECTOR('',#17117,1000.0);
#14974=CARTESIAN_POINT('',(14.9999982282103,1.3080386689394,11.4999999999999));
#14975=CARTESIAN_POINT('',(14.9999982282103,1.3080386689394,11.4999999999999));
#14976=VECTOR('',#17118,1000.0);
#14977=CARTESIAN_POINT('',(14.9999982282103,7.49999999999993,11.4999999999999));
#14978=VECTOR('',#17119,1000.0);
#14979=COLOUR_RGB('',0.235294133424759,0.376470625400543,0.141176477074623);
#14980=CARTESIAN_POINT('',(9.99999822821026,0.499999999999929,7.99999999999995));
#14981=CARTESIAN_POINT('',(9.99999822821026,-7.19424519957101E-14,7.99999999999995));
#14982=VECTOR('',#17120,1000.0);
#14983=CARTESIAN_POINT('',(14.9999982282103,0.499999999999928,7.99999999999995));
#14984=CARTESIAN_POINT('',(14.9999982282103,-7.19424519957101E-14,7.99999999999995));
#14985=VECTOR('',#17121,1000.0);
#14986=CARTESIAN_POINT('',(14.9999982282103,0.499999999999928,7.99999999999995));
#14987=VECTOR('',#17122,1000.0);
#14988=COLOUR_RGB('',0.235294133424759,0.376470625400543,0.141176477074623);
#14989=CARTESIAN_POINT('',(9.99999822821026,7.49999999999993,-5.12529115638802E-14));
#14990=CARTESIAN_POINT('',(9.99999822821026,8.99999999999993,-5.10967864510423E-14));
#14991=VECTOR('',#17123,1000.0);
#14992=CARTESIAN_POINT('',(14.9999982282103,7.49999999999993,-5.21294542125746E-14));
#14993=CARTESIAN_POINT('',(4.99999822821026,7.49999999999993,-5.03763689151859E-14));
#14994=VECTOR('',#17124,1000.0);
#14995=CARTESIAN_POINT('',(14.9999982282103,8.99999999999993,-5.19733290997367E-14));
#14996=VECTOR('',#17125,1000.0);
#14997=CARTESIAN_POINT('',(13.0999982282103,1.59999999999993,-5.24104601165665E-14));
#14998=CARTESIAN_POINT('',(13.0999982282103,78.4263599999999,-4.44141107006158E-14));
#14999=VECTOR('',#17126,1000.0);
#15000=CARTESIAN_POINT('',(12.8499982282103,2.40769230769227,-5.22825656156806E-14));
#15001=CARTESIAN_POINT('',(12.3571410853531,3.99999999999993,-5.20304307425056E-14));
#15002=VECTOR('',#17127,1000.0);
#15003=CARTESIAN_POINT('',(12.8499982282103,3.49999999999997,-5.21688745078704E-14));
#15004=CARTESIAN_POINT('',(12.8499982282103,3.99999999999993,-5.21168328035911E-14));
#15005=VECTOR('',#17128,1000.0);
#15006=CARTESIAN_POINT('',(12.8499982282103,4.49999999999997,-5.20647910993118E-14));
#15007=CARTESIAN_POINT('',(12.8499982282103,3.99999999999993,-5.21168328035911E-14));
#15008=VECTOR('',#17129,1000.0);
#15009=CARTESIAN_POINT('',(12.1499982282103,4.49999999999997,-5.19420751284946E-14));
#15010=CARTESIAN_POINT('',(4.99999822821026,4.49999999999998,-5.06886191408617E-14));
#15011=VECTOR('',#17130,1000.0);
#15012=CARTESIAN_POINT('',(12.1499982282103,3.49999999999997,-5.20461585370532E-14));
#15013=CARTESIAN_POINT('',(12.1499982282103,3.99999999999993,-5.19941168327739E-14));
#15014=VECTOR('',#17131,1000.0);
#15015=CARTESIAN_POINT('',(12.1499982282103,2.40769230769227,-5.21598496448634E-14));
#15016=CARTESIAN_POINT('',(12.1499982282103,3.99999999999993,-5.19941168327739E-14));
#15017=VECTOR('',#17132,1000.0);
#15018=CARTESIAN_POINT('',(11.8999982282103,1.59999999999993,-5.22000898808799E-14));
#15019=CARTESIAN_POINT('',(12.6428553710674,3.99999999999993,-5.20805188938595E-14));
#15020=VECTOR('',#17133,1000.0);
#15021=CARTESIAN_POINT('',(11.8999982282103,3.99999999999993,-5.19502897003392E-14));
#15022=VECTOR('',#17134,1000.0);
#15023=COLOUR_RGB('',0.235294133424759,0.376470625400543,0.141176477074623);
#15024=CARTESIAN_POINT('',(9.99999822821026,6.49999999999993,7.99999999999995));
#15025=CARTESIAN_POINT('',(9.99999822821026,7.49999999999993,7.99999999999995));
#15026=CARTESIAN_POINT('',(9.99999822821026,-7.19424519957101E-14,7.99999999999995));
#15027=VECTOR('',#17135,1000.0);
#15028=CARTESIAN_POINT('',(14.9999982282103,6.49999999999993,7.99999999999995));
#15029=CARTESIAN_POINT('',(14.9999982282103,6.49999999999993,7.99999999999995));
#15030=VECTOR('',#17136,1000.0);
#15031=CARTESIAN_POINT('',(14.9999982282103,7.49999999999993,7.99999999999995));
#15032=CARTESIAN_POINT('',(14.9999982282103,-7.19424519957101E-14,7.99999999999995));
#15033=VECTOR('',#17137,1000.0);
#15034=CARTESIAN_POINT('',(14.9999982282103,7.49999999999993,7.99999999999995));
#15035=VECTOR('',#17138,1000.0);
#15036=COLOUR_RGB('',0.235294133424759,0.376470625400543,0.141176477074623);
#15037=CARTESIAN_POINT('',(9.99999822821026,7.49999999999993,-3.60000000000005));
#15038=VECTOR('',#17139,1000.0);
#15039=CARTESIAN_POINT('',(14.9999982282103,7.49999999999993,-3.60000000000005));
#15040=VECTOR('',#17140,1000.0);
#15041=COLOUR_RGB('',0.235294133424759,0.376470625400543,0.141176477074623);
#15042=CARTESIAN_POINT('',(9.99999822821026,0.499999999999929,7.99999999999995));
#15043=VECTOR('',#17141,1000.0);
#15044=CARTESIAN_POINT('',(14.9999982282103,0.499999999999928,7.99999999999995));
#15045=VECTOR('',#17142,1000.0);
#15046=COLOUR_RGB('',0.235294133424759,0.376470625400543,0.141176477074623);
#15047=CARTESIAN_POINT('',(9.99999822821026,6.49999999999993,12.1813739999999));
#15048=VECTOR('',#17143,1000.0);
#15049=CARTESIAN_POINT('',(14.9999982282103,6.49999999999993,12.1813739999999));
#15050=VECTOR('',#17144,1000.0);
#15051=COLOUR_RGB('',0.61176472902298,0.61176472902298,0.61176472902298);
#15052=CARTESIAN_POINT('',(11.2749982282103,3.2241939675408,6.04999999999997));
#15053=CARTESIAN_POINT('',(11.2749982282103,4.77580603245907,6.04999999999996));
#15054=CARTESIAN_POINT('',(11.2658627204141,4.76138103886271,6.04999999999996));
#15055=CARTESIAN_POINT('',(11.2569733256875,4.74678077409916,6.04984355747618));
#15056=CARTESIAN_POINT('',(11.2397070968756,4.71725776181167,6.04926788346015));
#15057=CARTESIAN_POINT('',(11.231330291773,4.70233506002665,6.04884866048334));
#15058=CARTESIAN_POINT('',(11.2151075631941,4.672197030884,6.04779645226552));
#15059=CARTESIAN_POINT('',(11.207261667002,4.65698175188978,6.04716347921952));
#15060=CARTESIAN_POINT('',(11.1921168134255,4.62628990405109,6.04573144051234));
#15061=CARTESIAN_POINT('',(11.1848178815698,4.61081338662269,6.04493238996439));
#15062=CARTESIAN_POINT('',(11.170780578999,4.57963158881102,6.04321414584667));
#15063=CARTESIAN_POINT('',(11.1640422320758,4.56392636388128,6.04229496953265));
#15064=CARTESIAN_POINT('',(11.1511371400292,4.5323205169659,6.0403802772926));
#15065=CARTESIAN_POINT('',(11.1449704168256,4.51641995575471,6.03938477990923));
#15066=CARTESIAN_POINT('',(11.1332169116919,4.48445719518008,6.03735863548478));
#15067=CARTESIAN_POINT('',(11.1276301493615,4.46839506323361,6.03632800727219));
#15068=CARTESIAN_POINT('',(11.1170430181075,4.43614546840049,6.03426986908712));
#15069=CARTESIAN_POINT('',(11.1120417074514,4.41995875887617,6.03324234380743));
#15070=CARTESIAN_POINT('',(11.1025844034461,4.38732807882431,6.03121498426102));
#15071=CARTESIAN_POINT('',(11.0981372953966,4.37091195521083,6.03021692783344));
#15072=CARTESIAN_POINT('',(11.0898162618345,4.33790024355396,6.02828393490172));
#15073=CARTESIAN_POINT('',(11.085942356599,4.32130471323223,6.02734902049142));
#15074=CARTESIAN_POINT('',(11.0787778956809,4.28796439498988,6.02557153334344));
#15075=CARTESIAN_POINT('',(11.0754873591305,4.27121967517967,6.02472898227876));
#15076=CARTESIAN_POINT('',(11.0694977579822,4.23761256871169,6.02316178099617));
#15077=CARTESIAN_POINT('',(11.0667987103368,4.22075026090855,6.02243715056767));
#15078=CARTESIAN_POINT('',(11.0619979630771,4.18694056074704,6.02112714767031));
#15079=CARTESIAN_POINT('',(11.0598962769492,4.16999325744001,6.02054179157625));
#15080=CARTESIAN_POINT('',(11.0562937398587,4.13604664003918,6.0195270292725));
#15081=CARTESIAN_POINT('',(11.0547928975089,4.11904742357894,6.01909763458801));
#15082=CARTESIAN_POINT('',(11.0523930854762,4.0850299264186,6.0184064742246));
#15083=CARTESIAN_POINT('',(11.0514941181731,4.06801174915415,6.0181447140853));
#15084=CARTESIAN_POINT('',(11.0502966920243,4.03398840869089,6.01779529082814));
#15085=CARTESIAN_POINT('',(11.0499982282103,4.01698335087936,6.01770762663917));
#15086=CARTESIAN_POINT('',(11.0499982282103,3.9830166491205,6.01770762663917));
#15087=CARTESIAN_POINT('',(11.0502966920243,3.96601159130897,6.01779529082814));
#15088=CARTESIAN_POINT('',(11.0514941181731,3.93198825084571,6.01814471408531));
#15089=CARTESIAN_POINT('',(11.0523930854762,3.91497007358126,6.0184064742246));
#15090=CARTESIAN_POINT('',(11.0547928975088,3.88095257642248,6.01909763458798));
#15091=CARTESIAN_POINT('',(11.0562937398586,3.86395335996223,6.01952702927246));
#15092=CARTESIAN_POINT('',(11.0598962769492,3.83000674255984,6.02054179157626));
#15093=CARTESIAN_POINT('',(11.0619979630771,3.81305943925282,6.02112714767031));
#15094=CARTESIAN_POINT('',(11.0667987103368,3.77924973909131,6.02243715056767));
#15095=CARTESIAN_POINT('',(11.0694977579822,3.76238743128817,6.02316178099618));
#15096=CARTESIAN_POINT('',(11.0754873591305,3.72878032482018,6.02472898227876));
#15097=CARTESIAN_POINT('',(11.0787778956809,3.71203560500998,6.02557153334344));
#15098=CARTESIAN_POINT('',(11.0859423565995,3.67869528676504,6.02734902049157));
#15099=CARTESIAN_POINT('',(11.0898162618351,3.66209975644333,6.02828393490188));
#15100=CARTESIAN_POINT('',(11.0981372953966,3.62908804478902,6.03021692783345));
#15101=CARTESIAN_POINT('',(11.1025844034461,3.61267192117555,6.03121498426103));
#15102=CARTESIAN_POINT('',(11.112041707451,3.58004124112518,6.03324234380734));
#15103=CARTESIAN_POINT('',(11.117043018107,3.56385453160084,6.03426986908703));
#15104=CARTESIAN_POINT('',(11.1276301493605,3.53160493676918,6.03632800727201));
#15105=CARTESIAN_POINT('',(11.1332169116908,3.51554280482266,6.0373586354846));
#15106=CARTESIAN_POINT('',(11.1449704168246,3.48358004424784,6.03938477990907));
#15107=CARTESIAN_POINT('',(11.1511371400281,3.46767948303661,6.04038027729244));
#15108=CARTESIAN_POINT('',(11.1640422320768,3.43607363611618,6.0422949695328));
#15109=CARTESIAN_POINT('',(11.1707805790001,3.42036841118648,6.04321414584681));
#15110=CARTESIAN_POINT('',(11.1848178815698,3.38918661337718,6.0449323899644));
#15111=CARTESIAN_POINT('',(11.1921168134255,3.37371009594876,6.04573144051235));
#15112=CARTESIAN_POINT('',(11.207261667002,3.34301824811008,6.04716347921953));
#15113=CARTESIAN_POINT('',(11.2151075631941,3.32780296911586,6.04779645226553));
#15114=CARTESIAN_POINT('',(11.2313302917738,3.29766493997177,6.0488486604834));
#15115=CARTESIAN_POINT('',(11.2397070968765,3.28274223818678,6.04926788346019));
#15116=CARTESIAN_POINT('',(11.2569733256882,3.25321922589946,6.04984355747622));
#15117=CARTESIAN_POINT('',(11.2658627204149,3.23861896113593,6.04999999999997));
#15118=CARTESIAN_POINT('',(11.2749982282103,3.22419396754079,6.04999999999997));
#15119=AXIS2_PLACEMENT_3D('',#17145,#17146,#17147);
#15120=COLOUR_RGB('',0.61176472902298,0.61176472902298,0.61176472902298);
#15121=CARTESIAN_POINT('',(10.4749982282103,2.29999999999995,6.04999999999995));
#15122=CARTESIAN_POINT('',(10.4749982282103,6.49999999999993,6.04999999999995));
#15123=CARTESIAN_POINT('',(10.4749982282103,3.99999999999993,6.04999999999995));
#15124=VECTOR('',#17148,1000.0);
#15125=CARTESIAN_POINT('',(11.2749982282103,6.49999999999995,6.04999999999997));
#15126=CARTESIAN_POINT('',(9.99999822821026,6.49999999999993,6.04999999999995));
#15127=VECTOR('',#17149,1000.0);
#15128=CARTESIAN_POINT('',(11.2749982282103,6.50000374999995,6.04999999999997));
#15129=VECTOR('',#17150,1000.0);
#15130=CARTESIAN_POINT('',(11.2749982282103,2.29999999999995,6.04999999999997));
#15131=CARTESIAN_POINT('',(11.2749982282103,6.50000374999995,6.04999999999997));
#15132=VECTOR('',#17151,1000.0);
#15133=CARTESIAN_POINT('',(19.814681238993,2.29999999999995,6.04999999999995));
#15134=VECTOR('',#17152,1000.0);
#15135=COLOUR_RGB('',0.235294133424759,0.376470625400543,0.141176477074623);
#15136=CARTESIAN_POINT('',(10.4749982282103,6.49999999999995,5.24999999999998));
#15137=AXIS2_PLACEMENT_3D('',#17153,#17154,#17155);
#15138=CARTESIAN_POINT('',(10.4749982282103,6.49999999999993,1.65872570797061));
#15139=VECTOR('',#17156,1000.0);
#15140=COLOUR_RGB('',0.61176472902298,0.61176472902298,0.61176472902298);
#15141=CARTESIAN_POINT('',(11.1749982282103,6.49999999999995,1.79999999999995));
#15142=CARTESIAN_POINT('',(11.1749982282103,6.49999999999995,5.24999999999998));
#15143=CARTESIAN_POINT('',(11.1749982282103,6.49999999999995,2.89256632606649));
#15144=VECTOR('',#17157,1000.0);
#15145=CARTESIAN_POINT('',(11.1749982282103,1.74999999999993,5.24999999999998));
#15146=CARTESIAN_POINT('',(11.1749982282103,6.49999999999992,5.24999999999998));
#15147=VECTOR('',#17158,1000.0);
#15148=CARTESIAN_POINT('',(11.1749982282103,1.74999999999993,4.99773623330452));
#15149=CARTESIAN_POINT('',(11.1749982282103,1.7499999999999,0.338414385035197));
#15150=VECTOR('',#17159,1000.0);
#15151=CARTESIAN_POINT('',(11.1749982282103,1.64999999999993,4.82453115254763));
#15152=AXIS2_PLACEMENT_3D('',#17160,#17161,#17162);
#15153=CARTESIAN_POINT('',(11.1749982282103,1.59999999999993,4.79566363908815));
#15154=CARTESIAN_POINT('',(11.1749982282103,4.06900222102322,6.22114273602584));
#15155=VECTOR('',#17163,1000.0);
#15156=CARTESIAN_POINT('',(11.1749982282103,1.49999999999995,4.62245855833126));
#15157=AXIS2_PLACEMENT_3D('',#17164,#17165,#17166);
#15158=CARTESIAN_POINT('',(11.1749982282103,1.49999999999995,1.79999999999995));
#15159=CARTESIAN_POINT('',(11.1749982282103,1.49999999999995,2.01053106975134));
#15160=VECTOR('',#17167,1000.0);
#15161=CARTESIAN_POINT('',(11.1749982282103,6.49999999999995,1.79999999999995));
#15162=VECTOR('',#17168,1000.0);
#15163=COLOUR_RGB('',0.61176472902298,0.61176472902298,0.61176472902298);
#15164=CARTESIAN_POINT('',(11.2749982282103,1.49999999999995,1.69999999999995));
#15165=AXIS2_PLACEMENT_3D('',#17169,#17170,#17171);
#15166=CARTESIAN_POINT('',(11.2749982282103,6.49999999999995,1.69999999999995));
#15167=CARTESIAN_POINT('',(11.2749982282103,6.50002999999995,1.69999999999995));
#15168=VECTOR('',#17172,1000.0);
#15169=AXIS2_PLACEMENT_3D('',#17173,#17174,#17175);
#15170=COLOUR_RGB('',0.517647087574005,0.564705908298492,0.61176472902298);
#15171=CARTESIAN_POINT('',(11.3999982282103,6.49999999999995,5.34999999999998));
#15172=CARTESIAN_POINT('',(11.3999982282103,6.49999999999995,4.90653280914472));
#15173=CARTESIAN_POINT('',(11.3999982282103,6.49999999999995,2.89256632606649));
#15174=VECTOR('',#17176,1000.0);
#15175=CARTESIAN_POINT('',(11.3999982282103,4.53961879067508,3.57286583915197));
#15176=CARTESIAN_POINT('',(11.3999982282103,6.49999999999995,4.90653280914472));
#15177=VECTOR('',#17177,1000.0);
#15178=CARTESIAN_POINT('',(11.3999982282103,3.30282707760555,3.66122148504687));
#15179=AXIS2_PLACEMENT_3D('',#17178,#17179,#17180);
#15180=CARTESIAN_POINT('',(11.3999982282103,1.56513871421426,5.2479664457396));
#15181=CARTESIAN_POINT('',(11.3999982282103,13.515306688778,-5.6641563563401));
#15182=VECTOR('',#17181,1000.0);
#15183=CARTESIAN_POINT('',(11.3999982282103,1.49999999999997,5.39565677580974));
#15184=AXIS2_PLACEMENT_3D('',#17182,#17183,#17184);
#15185=CARTESIAN_POINT('',(11.3999982282103,1.49999999999999,6.04999999999995));
#15186=CARTESIAN_POINT('',(11.3999982282103,1.49999999999989,2.37963007209152));
#15187=VECTOR('',#17185,1000.0);
#15188=CARTESIAN_POINT('',(11.3999982282103,1.69999999999999,6.24999999999995));
#15189=AXIS2_PLACEMENT_3D('',#17186,#17187,#17188);
#15190=CARTESIAN_POINT('',(11.3999982282103,2.29999999999995,6.24999999999995));
#15191=CARTESIAN_POINT('',(11.3999982282103,6.49999999999995,6.24999999999998));
#15192=VECTOR('',#17189,1000.0);
#15193=CARTESIAN_POINT('',(11.3999982282103,2.29999999999995,6.04999999999995));
#15194=CARTESIAN_POINT('',(11.3999982282103,2.29999999999995,2.89256632606649));
#15195=VECTOR('',#17190,1000.0);
#15196=CARTESIAN_POINT('',(11.3999982282103,1.74999999999994,6.04999999999995));
#15197=CARTESIAN_POINT('',(11.3999982282103,6.49999999999995,6.04999999999995));
#15198=VECTOR('',#17191,1000.0);
#15199=CARTESIAN_POINT('',(11.3999982282103,1.74999999999997,5.34999999999995));
#15200=CARTESIAN_POINT('',(11.3999982282103,1.74999999999994,2.89256632606649));
#15201=VECTOR('',#17192,1000.0);
#15202=CARTESIAN_POINT('',(11.3999982282103,3.40628289564803,5.34999999999996));
#15203=CARTESIAN_POINT('',(11.3999982282103,6.49999999999995,5.34999999999998));
#15204=VECTOR('',#17193,1000.0);
#15205=CARTESIAN_POINT('',(11.3999982282103,3.40628289564803,4.9712592026968));
#15206=CARTESIAN_POINT('',(11.3999982282103,3.40628289564803,9.69999999999995));
#15207=VECTOR('',#17194,1000.0);
#15208=CARTESIAN_POINT('',(11.3999982282103,4.59371710435181,4.9712592026968));
#15209=CARTESIAN_POINT('',(11.3999982282203,3.4062828956459,4.97125920265534));
#15210=CARTESIAN_POINT('',(11.3999982282203,3.42836390748554,4.9562809298491));
#15211=CARTESIAN_POINT('',(11.3999982282103,3.45074862911602,4.94174264185126));
#15212=CARTESIAN_POINT('',(11.3999982282103,3.47344811639555,4.92774556193213));
#15213=CARTESIAN_POINT('',(11.3999982282103,3.49614758158382,4.91374849563503));
#15214=CARTESIAN_POINT('',(11.3999982282194,3.51916246718583,4.90029209634262));
#15215=CARTESIAN_POINT('',(11.3999982282194,3.54251004444641,4.88748767516202));
#15216=CARTESIAN_POINT('',(11.3999982282194,3.56585750129822,4.87468332001673));
#15217=CARTESIAN_POINT('',(11.3999982282103,3.58953864417746,4.86253033792184));
#15218=CARTESIAN_POINT('',(11.3999982282103,3.61357436847165,4.85115315496741));
#15219=CARTESIAN_POINT('',(11.3999982282103,3.63758923824048,4.83978584339225));
#15220=CARTESIAN_POINT('',(11.399998228211,3.66203329416729,4.8291566574064));
#15221=CARTESIAN_POINT('',(11.399998228211,3.68694672144955,4.81941751563079));
#15222=CARTESIAN_POINT('',(11.399998228211,3.71185001072084,4.80968233700024));
#15223=CARTESIAN_POINT('',(11.3999982282128,3.73717837331226,4.8008583107005));
#15224=CARTESIAN_POINT('',(11.3999982282128,3.76283201059172,4.79313650728067));
#15225=CARTESIAN_POINT('',(11.3999982282128,3.77565852397106,4.78927569745482));
#15226=CARTESIAN_POINT('',(11.3999982282118,3.78856555108057,4.78569019517425));
#15227=CARTESIAN_POINT('',(11.3999982282118,3.80153859998491,4.78240059705072));
#15228=CARTESIAN_POINT('',(11.3999982282118,3.81451165775989,4.77911099667783));
#15229=CARTESIAN_POINT('',(11.3999982282107,3.82755053281292,4.77611739002305));
#15230=CARTESIAN_POINT('',(11.3999982282107,3.84064003906325,4.77343715626506));
#15231=CARTESIAN_POINT('',(11.3999982282107,3.85372957739803,4.7707569159374));
#15232=CARTESIAN_POINT('',(11.3999982282103,3.86686948565928,4.76839012577981));
#15233=CARTESIAN_POINT('',(11.3999982282103,3.88004460799336,4.76635032437425));
#15234=CARTESIAN_POINT('',(11.3999982282103,3.89321979295255,4.76431051327293));
#15235=CARTESIAN_POINT('',(11.3999982282103,3.90642988626113,4.762597740716));
#15236=CARTESIAN_POINT('',(11.3999982282103,3.91966080811018,4.76122134641109));
#15237=CARTESIAN_POINT('',(11.3999982282103,3.9328889861626,4.75984523753951));
#15238=CARTESIAN_POINT('',(11.3999982282103,3.94614203859198,4.7588041070864));
#15239=CARTESIAN_POINT('',(11.3999982282103,3.9594552017836,4.75810377807042));
#15240=CARTESIAN_POINT('',(11.3999982282103,3.97276415462782,4.75740367053662));
#15241=CARTESIAN_POINT('',(11.3999982282103,3.98611495421184,4.75704609007766));
#15242=CARTESIAN_POINT('',(11.3999982282103,3.99948634985551,4.75703717295708));
#15243=CARTESIAN_POINT('',(11.3999982282103,4.01285764998001,4.7570282559002));
#15244=CARTESIAN_POINT('',(11.3999982282103,4.02624905193412,4.75736805087923));
#15245=CARTESIAN_POINT('',(11.3999982282103,4.03963652691962,4.75805653359067));
#15246=CARTESIAN_POINT('',(11.3999982282103,4.05302395300567,4.75874501378734));
#15247=CARTESIAN_POINT('',(11.3999982282103,4.06640694912472,4.75978216453981));
#15248=CARTESIAN_POINT('',(11.3999982282103,4.0797604702892,4.76116135850729));
#15249=CARTESIAN_POINT('',(11.3999982282103,4.09311398292954,4.76254055159438));
#15250=CARTESIAN_POINT('',(11.3999982282103,4.1064375536274,4.76426171198776));
#15251=CARTESIAN_POINT('',(11.3999982282103,4.11970667504604,4.76631185691979));
#15252=CARTESIAN_POINT('',(11.3999982282103,4.13297582236478,4.76836200585352));
#15253=CARTESIAN_POINT('',(11.3999982282103,4.1461901231611,4.77074102150486));
#15254=CARTESIAN_POINT('',(11.3999982282103,4.15932686548684,4.77343038026483));
#15255=CARTESIAN_POINT('',(11.3999982282103,4.17246366289923,4.77611975030217));
#15256=CARTESIAN_POINT('',(11.3999982282103,4.18552259233628,4.77911932471924));
#15257=CARTESIAN_POINT('',(11.3999982282103,4.19848366748992,4.78240624376569));
#15258=CARTESIAN_POINT('',(11.3999982282103,4.21144482254744,4.7856931830757));
#15259=CARTESIAN_POINT('',(11.3999982282103,4.22430790388418,4.78926732699163));
#15260=CARTESIAN_POINT('',(11.3999982282103,4.23705627560482,4.79310288874961));
#15261=CARTESIAN_POINT('',(11.3999982282103,4.26253016634091,4.80076713664535));
#15262=CARTESIAN_POINT('',(11.3999982282147,4.28765791949717,4.80950691340835));
#15263=CARTESIAN_POINT('',(11.3999982282147,4.31246937269028,4.81918945244555));
#15264=CARTESIAN_POINT('',(11.3999982282147,4.33727771002363,4.82887077553488));
#15265=CARTESIAN_POINT('',(11.3999982282103,4.36175597942881,4.83949001990424));
#15266=CARTESIAN_POINT('',(11.3999982282103,4.38589533756475,4.85090229646049));
#15267=CARTESIAN_POINT('',(11.3999982282103,4.41003469313385,4.86231457180322));
#15268=CARTESIAN_POINT('',(11.3999982282103,4.4338355622432,4.87451984963329));
#15269=CARTESIAN_POINT('',(11.3999982282103,4.45728801216509,4.88737694501292));
#15270=CARTESIAN_POINT('',(11.3999982282103,4.48074044246287,4.90023402963424));
#15271=CARTESIAN_POINT('',(11.3999982282165,4.50384491206629,4.91374308195481));
#15272=CARTESIAN_POINT('',(11.3999982282165,4.52658814287995,4.92776792092122));
#15273=CARTESIAN_POINT('',(11.3999982282165,4.54933133575725,4.9417927364938));
#15274=CARTESIAN_POINT('',(11.3999982282103,4.57171366082883,4.95633354701742));
#15275=CARTESIAN_POINT('',(11.3999982282103,4.59371710435184,4.97125920269677));
#15276=CARTESIAN_POINT('',(11.3999982282103,4.59371710435181,5.34999999999997));
#15277=CARTESIAN_POINT('',(11.3999982282103,4.59371710435181,9.69999999999995));
#15278=VECTOR('',#17195,1000.0);
#15279=CARTESIAN_POINT('',(11.3999982282103,6.49999999999995,5.34999999999998));
#15280=VECTOR('',#17196,1000.0);
#15281=COLOUR_RGB('',0.517647087574005,0.564705908298492,0.61176472902298);
#15282=CARTESIAN_POINT('',(13.5999982282103,1.56513871421426,5.2479664457396));
#15283=CARTESIAN_POINT('',(14.5249982282103,1.56513871421426,5.2479664457396));
#15284=VECTOR('',#17197,1000.0);
#15285=CARTESIAN_POINT('',(13.5999982282103,3.30282707760554,3.66122148504688));
#15286=CARTESIAN_POINT('',(14.5249982282103,3.30282707760555,3.66122148504687));
#15287=VECTOR('',#17198,1000.0);
#15288=CARTESIAN_POINT('',(13.5999982282103,13.515306688778,-5.6641563563401));
#15289=VECTOR('',#17199,1000.0);
#15290=COLOUR_RGB('',0.517647087574005,0.564705908298492,0.61176472902298);
#15291=CARTESIAN_POINT('',(13.5999982282103,4.53961879067508,3.57286583915197));
#15292=CARTESIAN_POINT('',(14.5249982282103,4.53961879067508,3.57286583915197));
#15293=VECTOR('',#17200,1000.0);
#15294=CARTESIAN_POINT('',(13.5999982282103,6.49999999999995,4.90653280914472));
#15295=CARTESIAN_POINT('',(19.814681238993,6.49999999999995,4.90653280914472));
#15296=VECTOR('',#17201,1000.0);
#15297=CARTESIAN_POINT('',(13.5999982282103,6.49999999999995,4.90653280914472));
#15298=VECTOR('',#17202,1000.0);
#15299=COLOUR_RGB('',0.517647087574005,0.564705908298492,0.61176472902298);
#15300=AXIS2_PLACEMENT_3D('',#17203,#17204,#17205);
#15301=COLOUR_RGB('',0.235294133424759,0.376470625400543,0.141176477074623);
#15302=CARTESIAN_POINT('',(13.9999982282103,6.79999999999993,5.59999999999995));
#15303=CARTESIAN_POINT('',(10.9999982282103,6.79999999999993,5.59999999999995));
#15304=CARTESIAN_POINT('',(4.99999822821026,6.79999999999993,5.59999999999995));
#15305=VECTOR('',#17206,1000.0);
#15306=CARTESIAN_POINT('',(10.9999982282103,6.79999999999993,1.64999999999995));
#15307=CARTESIAN_POINT('',(10.9999982282103,6.79999999999993,-5.15010784796101E-14));
#15308=VECTOR('',#17207,1000.0);
#15309=CARTESIAN_POINT('',(13.9999982282103,6.79999999999993,1.64999999999995));
#15310=CARTESIAN_POINT('',(4.99999822821026,6.79999999999993,1.64999999999995));
#15311=VECTOR('',#17208,1000.0);
#15312=CARTESIAN_POINT('',(13.9999982282103,6.79999999999993,-5.20270040688267E-14));
#15313=VECTOR('',#17209,1000.0);
#15314=COLOUR_RGB('',0.235294133424759,0.376470625400543,0.141176477074623);
#15315=CARTESIAN_POINT('',(10.9999982282103,6.49999999999995,1.64999999999995));
#15316=CARTESIAN_POINT('',(10.9999982282103,3.99999999999993,1.64999999999995));
#15317=VECTOR('',#17210,1000.0);
#15318=CARTESIAN_POINT('',(13.9999982282103,6.49999999999995,1.64999999999995));
#15319=CARTESIAN_POINT('',(4.99999822821026,6.49999999999995,1.64999999999995));
#15320=VECTOR('',#17211,1000.0);
#15321=CARTESIAN_POINT('',(13.9999982282103,3.99999999999993,1.64999999999995));
#15322=VECTOR('',#17212,1000.0);
#15323=COLOUR_RGB('',0.235294133424759,0.376470625400543,0.141176477074623);
#15324=CARTESIAN_POINT('',(10.9999982282103,6.49999999999995,5.59999999999995));
#15325=CARTESIAN_POINT('',(10.9999982282103,3.99999999999993,5.59999999999995));
#15326=VECTOR('',#17213,1000.0);
#15327=CARTESIAN_POINT('',(10.9999982282103,6.49999999999995,-5.15323035021777E-14));
#15328=VECTOR('',#17214,1000.0);
#15329=COLOUR_RGB('',0.235294133424759,0.376470625400543,0.141176477074623);
#15330=CARTESIAN_POINT('',(13.9999982282103,6.49999999999995,5.59999999999995));
#15331=CARTESIAN_POINT('',(13.9999982282103,3.99999999999993,5.59999999999995));
#15332=VECTOR('',#17215,1000.0);
#15333=CARTESIAN_POINT('',(4.99999822821026,6.49999999999995,5.59999999999995));
#15334=VECTOR('',#17216,1000.0);
#15335=COLOUR_RGB('',0.61176472902298,0.61176472902298,0.61176472902298);
#15336=CARTESIAN_POINT('',(13.7249982282103,6.49999999999995,1.69999999999995));
#15337=CARTESIAN_POINT('',(19.814681238993,6.49999999999995,1.69999999999995));
#15338=VECTOR('',#17217,1000.0);
#15339=CARTESIAN_POINT('',(13.8249982282103,6.49999999999995,1.79999999999995));
#15340=AXIS2_PLACEMENT_3D('',#17218,#17219,#17220);
#15341=CARTESIAN_POINT('',(13.8249982282103,6.49999999999995,5.34999999999998));
#15342=CARTESIAN_POINT('',(13.8249982282103,6.49999999999995,2.89256632606649));
#15343=VECTOR('',#17221,1000.0);
#15344=CARTESIAN_POINT('',(13.5999982282103,6.49999999999995,5.34999999999998));
#15345=CARTESIAN_POINT('',(10.4675645542768,6.49999999999995,5.34999999999995));
#15346=VECTOR('',#17222,1000.0);
#15347=CARTESIAN_POINT('',(13.5999982282103,6.49999999999995,2.89256632606649));
#15348=VECTOR('',#17223,1000.0);
#15349=CARTESIAN_POINT('',(11.2749982282103,6.49999999999995,5.34999999999998));
#15350=CARTESIAN_POINT('',(10.4675645542768,6.49999999999995,5.34999999999995));
#15351=VECTOR('',#17224,1000.0);
#15352=AXIS2_PLACEMENT_3D('',#17225,#17226,#17227);
#15353=CARTESIAN_POINT('',(13.9999982282103,6.49999999999995,-5.20582290913943E-14));
#15354=VECTOR('',#17228,1000.0);
#15355=COLOUR_RGB('',0.61176472902298,0.61176472902298,0.61176472902298);
#15356=CARTESIAN_POINT('',(13.7249982282103,1.49999999999995,1.69999999999995));
#15357=CARTESIAN_POINT('',(19.814681238993,1.49999999999995,1.69999999999995));
#15358=VECTOR('',#17229,1000.0);
#15359=CARTESIAN_POINT('',(13.7249982282103,3.49999999999997,1.69999999999995));
#15360=VECTOR('',#17230,1000.0);
#15361=COLOUR_RGB('',0.61176472902298,0.61176472902298,0.61176472902298);
#15362=CARTESIAN_POINT('',(10.4749982282103,1.49999999999993,4.62245855833126));
#15363=CARTESIAN_POINT('',(10.4049958282103,1.49999999999993,4.62245855833126));
#15364=VECTOR('',#17231,1000.0);
#15365=CARTESIAN_POINT('',(10.4749982282103,1.49999999999995,1.79999999999995));
#15366=CARTESIAN_POINT('',(10.4749982282103,1.49999999999995,-5.19606835668578E-14));
#15367=VECTOR('',#17232,1000.0);
#15368=CARTESIAN_POINT('',(11.2749982282103,1.49999999999995,0.999999999999946));
#15369=AXIS2_PLACEMENT_3D('',#17233,#17234,#17235);
#15370=CARTESIAN_POINT('',(13.7249982282103,1.49999999999995,0.999999999999945));
#15371=CARTESIAN_POINT('',(4.99999822821026,1.49999999999995,0.999999999999949));
#15372=VECTOR('',#17236,1000.0);
#15373=CARTESIAN_POINT('',(14.5249982282103,1.49999999999995,1.79999999999995));
#15374=AXIS2_PLACEMENT_3D('',#17237,#17238,#17239);
#15375=CARTESIAN_POINT('',(14.5249982282103,1.49999999999995,6.14999999999998));
#15376=CARTESIAN_POINT('',(14.5249982282103,1.49999999999995,-5.26706831123003E-14));
#15377=VECTOR('',#17240,1000.0);
#15378=CARTESIAN_POINT('',(13.7249982282103,1.49999999999995,6.94999999999998));
#15379=AXIS2_PLACEMENT_3D('',#17241,#17242,#17243);
#15380=CARTESIAN_POINT('',(10.4749982282103,1.49999999999995,6.94999999999998));
#15381=CARTESIAN_POINT('',(9.99999822821026,1.49999999999995,6.94999999999998));
#15382=VECTOR('',#17244,1000.0);
#15383=CARTESIAN_POINT('',(10.4749982282103,1.49999999999995,6.24999999999998));
#15384=CARTESIAN_POINT('',(10.4749982282103,1.49999999999995,-5.19606835668578E-14));
#15385=VECTOR('',#17245,1000.0);
#15386=CARTESIAN_POINT('',(13.7249982282103,1.49999999999995,6.24999999999998));
#15387=CARTESIAN_POINT('',(19.814681238993,1.49999999999995,6.24999999999998));
#15388=VECTOR('',#17246,1000.0);
#15389=CARTESIAN_POINT('',(13.8249982282103,1.49999999999995,6.14999999999998));
#15390=AXIS2_PLACEMENT_3D('',#17247,#17248,#17249);
#15391=CARTESIAN_POINT('',(13.8249982282103,1.49999999999995,1.79999999999995));
#15392=CARTESIAN_POINT('',(13.8249982282103,1.49999999999995,7.36974942661356));
#15393=VECTOR('',#17250,1000.0);
#15394=AXIS2_PLACEMENT_3D('',#17251,#17252,#17253);
#15395=COLOUR_RGB('',0.235294133424759,0.376470625400543,0.141176477074623);
#15396=CARTESIAN_POINT('',(12.2249982282103,3.49999999999997,0.199999999999948));
#15397=CARTESIAN_POINT('',(12.2249982282103,2.64999999999997,0.199999999999948));
#15398=CARTESIAN_POINT('',(12.2249982282103,3.99999999999993,0.199999999999948));
#15399=VECTOR('',#17254,1000.0);
#15400=CARTESIAN_POINT('',(12.2249982282103,3.49999999999997,0.649999999999948));
#15401=CARTESIAN_POINT('',(12.2249982282103,3.49999999999997,0.649999999999948));
#15402=VECTOR('',#17255,1000.0);
#15403=CARTESIAN_POINT('',(12.2249982282103,2.64999999999998,0.649999999999948));
#15404=CARTESIAN_POINT('',(12.2249982282103,3.99999999999993,0.649999999999948));
#15405=VECTOR('',#17256,1000.0);
#15406=CARTESIAN_POINT('',(12.2249982282103,2.64999999999997,0.649999999999948));
#15407=VECTOR('',#17257,1000.0);
#15408=COLOUR_RGB('',0.235294133424759,0.376470625400543,0.141176477074623);
#15409=CARTESIAN_POINT('',(11.8999982282103,1.59999999999993,0.649999999999948));
#15410=CARTESIAN_POINT('',(11.8999982282103,1.59999999999993,-5.22000898808799E-14));
#15411=VECTOR('',#17258,1000.0);
#15412=CARTESIAN_POINT('',(12.1499982282103,2.40769230769227,0.199999999999948));
#15413=CARTESIAN_POINT('',(12.1499982282103,2.40769230769226,-5.21598496448634E-14));
#15414=VECTOR('',#17259,1000.0);
#15415=CARTESIAN_POINT('',(12.6428553710674,3.99999999999993,0.199999999999948));
#15416=VECTOR('',#17260,1000.0);
#15417=CARTESIAN_POINT('',(12.5809506091626,3.79999999999993,0.649999999999948));
#15418=VECTOR('',#17261,1000.0);
#15419=COLOUR_RGB('',0.61176472902298,0.61176472902298,0.61176472902298);
#15420=CARTESIAN_POINT('',(12.8499982282103,3.49999999999997,-3.10000000000005));
#15421=AXIS2_PLACEMENT_3D('',#17262,#17263,#17264);
#15422=CARTESIAN_POINT('',(12.1499982282103,3.49999999999997,-3.10000000000005));
#15423=CARTESIAN_POINT('',(12.8500042282103,3.49999999999997,-3.10000000000005));
#15424=VECTOR('',#17265,1000.0);
#15425=AXIS2_PLACEMENT_3D('',#17266,#17267,#17268);
#15426=COLOUR_RGB('',0.61176472902298,0.61176472902298,0.61176472902298);
#15427=CARTESIAN_POINT('',(12.1499982282103,4.49999999999997,2.89256632606649));
#15428=VECTOR('',#17269,1000.0);
#15429=CARTESIAN_POINT('',(12.1499982282103,3.49999999999997,2.89256632606649));
#15430=VECTOR('',#17270,1000.0);
#15431=COLOUR_RGB('',0.61176472902298,0.61176472902298,0.61176472902298);
#15432=CARTESIAN_POINT('',(12.8499982282103,4.49999999999997,2.89256632606649));
#15433=VECTOR('',#17271,1000.0);
#15434=COLOUR_RGB('',0.61176472902298,0.61176472902298,0.61176472902298);
#15435=CARTESIAN_POINT('',(14.3062374150291,3.59999999999993,9.69999999999996));
#15436=CARTESIAN_POINT('',(7.49999822821026,3.59999999999993,9.69999999999996));
#15437=VECTOR('',#17272,1000.0);
#15438=CARTESIAN_POINT('',(14.3062374150291,3.59999999999993,10.5999999999999));
#15439=CARTESIAN_POINT('',(7.49999822821026,3.59999999999993,10.5999999999999));
#15440=VECTOR('',#17273,1000.0);
#15441=CARTESIAN_POINT('',(14.3062374150291,3.59999999999993,11.4999999999999));
#15442=VECTOR('',#17274,1000.0);
#15443=COLOUR_RGB('',0.61176472902298,0.61176472902298,0.61176472902298);
#15444=AXIS2_PLACEMENT_3D('',#17275,#17276,#17277);
#15445=COLOUR_RGB('',0.61176472902298,0.61176472902298,0.61176472902298);
#15446=CARTESIAN_POINT('',(14.3062374150291,4.39999999999991,9.69999999999996));
#15447=AXIS2_PLACEMENT_3D('',#17278,#17279,#17280);
#15448=CARTESIAN_POINT('',(7.49999822821026,4.39999999999991,9.69999999999996));
#15449=VECTOR('',#17281,1000.0);
#15450=COLOUR_RGB('',0.61176472902298,0.61176472902298,0.61176472902298);
#15451=CARTESIAN_POINT('',(14.3062374150291,4.39999999999991,10.5999999999999));
#15452=CARTESIAN_POINT('',(14.3062374150291,4.39999999999991,11.4999999999999));
#15453=VECTOR('',#17282,1000.0);
#15454=CARTESIAN_POINT('',(7.49999822821026,4.39999999999991,10.5999999999999));
#15455=VECTOR('',#17283,1000.0);
#15456=COLOUR_RGB('',0.61176472902298,0.61176472902298,0.61176472902298);
#15457=AXIS2_PLACEMENT_3D('',#17284,#17285,#17286);
#15458=COLOUR_RGB('',0.235294133424759,0.376470625400543,0.141176477074623);
#15459=COLOUR_RGB('',0.235294133424759,0.376470625400543,0.141176477074623);
#15460=CARTESIAN_POINT('',(12.1499982282103,3.49999999999997,0.199999999999948));
#15461=CARTESIAN_POINT('',(12.1499982282103,3.49999999999997,-5.20461585370532E-14));
#15462=VECTOR('',#17287,1000.0);
#15463=CARTESIAN_POINT('',(12.1499982282103,1.9561538461538,0.199999999999948));
#15464=VECTOR('',#17288,1000.0);
#15465=COLOUR_RGB('',0.235294133424759,0.376470625400543,0.141176477074623);
#15466=CARTESIAN_POINT('',(12.0999982282103,3.49999999999997,0.199999999999948));
#15467=VECTOR('',#17289,1000.0);
#15468=COLOUR_RGB('',0.235294133424759,0.376470625400543,0.141176477074623);
#15469=CARTESIAN_POINT('',(11.2749982282103,4.49999999999997,0.999999999999947));
#15470=CARTESIAN_POINT('',(12.1499982282103,4.49999999999997,0.999999999999946));
#15471=CARTESIAN_POINT('',(4.99999822821026,4.49999999999998,0.999999999999947));
#15472=VECTOR('',#17290,1000.0);
#15473=CARTESIAN_POINT('',(11.8999982282103,4.49999999999997,0.649999999999948));
#15474=CARTESIAN_POINT('',(4.99999822821026,4.49999999999997,4.51399999999992));
#15475=VECTOR('',#17291,1000.0);
#15476=CARTESIAN_POINT('',(12.1499982282103,4.49999999999997,0.649999999999948));
#15477=CARTESIAN_POINT('',(4.99999822821026,4.49999999999998,0.649999999999949));
#15478=VECTOR('',#17292,1000.0);
#15479=CARTESIAN_POINT('',(12.1499982282103,4.49999999999997,-5.19420751284946E-14));
#15480=VECTOR('',#17293,1000.0);
#15481=COLOUR_RGB('',0.61176472902298,0.61176472902298,0.61176472902298);
#15482=CARTESIAN_POINT('',(12.1499982282103,3.49999999999997,0.999999999999946));
#15483=CARTESIAN_POINT('',(12.1499982282103,3.99999999999993,0.999999999999946));
#15484=VECTOR('',#17294,1000.0);
#15485=CARTESIAN_POINT('',(12.1499982282103,3.49999999999997,0.649999999999948));
#15486=CARTESIAN_POINT('',(12.1499982282103,3.99999999999993,0.649999999999948));
#15487=VECTOR('',#17295,1000.0);
#15488=CARTESIAN_POINT('',(12.1499982282103,3.49999999999997,2.89256632606649));
#15489=VECTOR('',#17296,1000.0);
#15490=COLOUR_RGB('',0.61176472902298,0.61176472902298,0.61176472902298);
#15491=CARTESIAN_POINT('',(12.8499982282103,3.49999999999997,0.999999999999946));
#15492=CARTESIAN_POINT('',(4.99999822821026,3.49999999999997,0.999999999999947));
#15493=VECTOR('',#17297,1000.0);
#15494=CARTESIAN_POINT('',(9.99999822821026,3.49999999999997,0.649999999999948));
#15495=VECTOR('',#17298,1000.0);
#15496=CARTESIAN_POINT('',(12.8499982282103,3.49999999999997,2.89256632606649));
#15497=VECTOR('',#17299,1000.0);
#15498=CARTESIAN_POINT('',(12.8499982282103,3.49999999999997,0.199999999999948));
#15499=CARTESIAN_POINT('',(12.8499982282103,3.49999999999997,-5.21688745078704E-14));
#15500=VECTOR('',#17300,1000.0);
#15501=CARTESIAN_POINT('',(12.7749982282103,3.49999999999997,0.199999999999948));
#15502=CARTESIAN_POINT('',(12.0999982282103,3.49999999999997,0.199999999999948));
#15503=VECTOR('',#17301,1000.0);
#15504=CARTESIAN_POINT('',(12.7749982282103,3.49999999999997,0.649999999999948));
#15505=CARTESIAN_POINT('',(12.7749982282103,3.49999999999997,0.649999999999948));
#15506=VECTOR('',#17302,1000.0);
#15507=CARTESIAN_POINT('',(12.8499982282103,3.49999999999997,0.649999999999948));
#15508=CARTESIAN_POINT('',(9.99999822821026,3.49999999999997,0.649999999999948));
#15509=VECTOR('',#17303,1000.0);
#15510=CARTESIAN_POINT('',(12.8499982282103,3.49999999999997,2.89256632606649));
#15511=VECTOR('',#17304,1000.0);
#15512=COLOUR_RGB('',0.235294133424759,0.376470625400543,0.141176477074623);
#15513=CARTESIAN_POINT('',(11.8999982282103,3.99999999999993,0.649999999999948));
#15514=VECTOR('',#17305,1000.0);
#15515=COLOUR_RGB('',0.235294133424759,0.376470625400543,0.141176477074623);
#15516=CARTESIAN_POINT('',(11.8999982282103,3.99999999999993,0.649999999999948));
#15517=VECTOR('',#17306,1000.0);
#15518=COLOUR_RGB('',0.235294133424759,0.376470625400543,0.141176477074623);
#15519=CARTESIAN_POINT('',(11.2749982282103,0.558938415433159,0.999999999999948));
#15520=CARTESIAN_POINT('',(11.2749982282103,3.99999999999993,0.999999999999948));
#15521=VECTOR('',#17307,1000.0);
#15522=CARTESIAN_POINT('',(12.5274422192695,3.99999999999993,0.999999999999948));
#15523=VECTOR('',#17308,1000.0);
#15524=COLOUR_RGB('',0.235294133424759,0.376470625400543,0.141176477074623);
#15525=CARTESIAN_POINT('',(11.2749982282103,-7.105427357601E-14,0.999999999999948));
#15526=VECTOR('',#17309,1000.0);
#15527=CARTESIAN_POINT('',(11.2749982282103,3.99999999999993,0.999999999999948));
#15528=VECTOR('',#17310,1000.0);
#15529=COLOUR_RGB('',0.61176472902298,0.61176472902298,0.61176472902298);
#15530=CARTESIAN_POINT('',(12.8499982282103,4.49999999999997,0.999999999999946));
#15531=CARTESIAN_POINT('',(12.8499982282103,3.99999999999993,0.999999999999946));
#15532=VECTOR('',#17311,1000.0);
#15533=CARTESIAN_POINT('',(13.7249982282103,4.49999999999997,0.999999999999946));
#15534=CARTESIAN_POINT('',(4.99999822821026,4.49999999999998,0.999999999999947));
#15535=VECTOR('',#17312,1000.0);
#15536=CARTESIAN_POINT('',(13.7249982282103,-7.105427357601E-14,0.999999999999947));
#15537=VECTOR('',#17313,1000.0);
#15538=COLOUR_RGB('',0.235294133424759,0.376470625400543,0.141176477074623);
#15539=CARTESIAN_POINT('',(13.7249982282103,0.558938415433159,0.999999999999947));
#15540=CARTESIAN_POINT('',(13.7249982282103,3.99999999999993,0.999999999999948));
#15541=VECTOR('',#17314,1000.0);
#15542=CARTESIAN_POINT('',(13.7249982282103,3.99999999999993,0.999999999999948));
#15543=VECTOR('',#17315,1000.0);
#15544=CARTESIAN_POINT('',(13.0999982282103,4.49999999999997,0.649999999999948));
#15545=CARTESIAN_POINT('',(4.99999822821026,4.49999999999998,-3.88600000000005));
#15546=VECTOR('',#17316,1000.0);
#15547=CARTESIAN_POINT('',(13.0999982282103,1.59999999999993,0.649999999999948));
#15548=CARTESIAN_POINT('',(13.0999982282103,3.99999999999993,0.649999999999948));
#15549=VECTOR('',#17317,1000.0);
#15550=CARTESIAN_POINT('',(13.0999982282103,3.99999999999993,0.649999999999948));
#15551=VECTOR('',#17318,1000.0);
#15552=COLOUR_RGB('',0.235294133424759,0.376470625400543,0.141176477074623);
#15553=CARTESIAN_POINT('',(12.4725542371511,3.99999999999993,0.999999999999948));
#15554=VECTOR('',#17319,1000.0);
#15555=COLOUR_RGB('',0.235294133424759,0.376470625400543,0.141176477074623);
#15556=CARTESIAN_POINT('',(14.5249982282103,0.699999999999929,1.79999999999995));
#15557=AXIS2_PLACEMENT_3D('',#17320,#17321,#17322);
#15558=CARTESIAN_POINT('',(14.5249982282103,3.99999999999993,1.79999999999995));
#15559=VECTOR('',#17323,1000.0);
#15560=COLOUR_RGB('',0.235294133424759,0.376470625400543,0.141176477074623);
#15561=COLOUR_RGB('',0.517647087574005,0.564705908298492,0.61176472902298);
#15562=CARTESIAN_POINT('',(13.5999982282103,4.59371710435182,5.34999999999997));
#15563=CARTESIAN_POINT('',(13.5999982282103,6.49999999999995,5.34999999999998));
#15564=VECTOR('',#17324,1000.0);
#15565=CARTESIAN_POINT('',(13.5999982282103,4.59371710435182,4.9712592026968));
#15566=CARTESIAN_POINT('',(13.5999982282103,4.59371710435182,9.69999999999995));
#15567=VECTOR('',#17325,1000.0);
#15568=CARTESIAN_POINT('',(13.5999982282103,3.40628289564802,4.9712592026968));
#15569=CARTESIAN_POINT('',(13.5999982282002,4.59371710435395,4.97125920265534));
#15570=CARTESIAN_POINT('',(13.5999982282002,4.57163609251431,4.95628092984909));
#15571=CARTESIAN_POINT('',(13.5999982282103,4.54925137088383,4.94174264185126));
#15572=CARTESIAN_POINT('',(13.5999982282103,4.52655188360431,4.92774556193213));
#15573=CARTESIAN_POINT('',(13.5999982282103,4.50385241841603,4.91374849563503));
#15574=CARTESIAN_POINT('',(13.5999982282011,4.48083753281402,4.90029209634262));
#15575=CARTESIAN_POINT('',(13.5999982282011,4.45748995555344,4.88748767516201));
#15576=CARTESIAN_POINT('',(13.5999982282011,4.43414249870163,4.87468332001672));
#15577=CARTESIAN_POINT('',(13.5999982282102,4.41046135582239,4.86253033792183));
#15578=CARTESIAN_POINT('',(13.5999982282102,4.3864256315282,4.8511531549674));
#15579=CARTESIAN_POINT('',(13.5999982282102,4.36241076175937,4.83978584339224));
#15580=CARTESIAN_POINT('',(13.5999982282095,4.33796670583257,4.8291566574064));
#15581=CARTESIAN_POINT('',(13.5999982282095,4.3130532785503,4.81941751563078));
#15582=CARTESIAN_POINT('',(13.5999982282095,4.28814998927901,4.80968233700023));
#15583=CARTESIAN_POINT('',(13.5999982282078,4.26282162668759,4.80085831070049));
#15584=CARTESIAN_POINT('',(13.5999982282078,4.23716798940813,4.79313650728066));
#15585=CARTESIAN_POINT('',(13.5999982282078,4.22434147602879,4.78927569745481));
#15586=CARTESIAN_POINT('',(13.5999982282088,4.21143444891928,4.78569019517425));
#15587=CARTESIAN_POINT('',(13.5999982282088,4.19846140001493,4.78240059705071));
#15588=CARTESIAN_POINT('',(13.5999982282088,4.18548834223995,4.77911099667782));
#15589=CARTESIAN_POINT('',(13.5999982282098,4.17244946718692,4.77611739002304));
#15590=CARTESIAN_POINT('',(13.5999982282098,4.1593599609366,4.77343715626505));
#15591=CARTESIAN_POINT('',(13.5999982282098,4.14627042260181,4.77075691593739));
#15592=CARTESIAN_POINT('',(13.5999982282102,4.13313051434056,4.7683901257798));
#15593=CARTESIAN_POINT('',(13.5999982282102,4.11995539200649,4.76635032437424));
#15594=CARTESIAN_POINT('',(13.5999982282102,4.10678020704729,4.76431051327292));
#15595=CARTESIAN_POINT('',(13.5999982282103,4.09357011373872,4.76259774071599));
#15596=CARTESIAN_POINT('',(13.5999982282103,4.08033919188966,4.76122134641108));
#15597=CARTESIAN_POINT('',(13.5999982282103,4.06711101383724,4.75984523753949));
#15598=CARTESIAN_POINT('',(13.5999982282103,4.05385796140787,4.75880410708639));
#15599=CARTESIAN_POINT('',(13.5999982282103,4.04054479821625,4.75810377807041));
#15600=CARTESIAN_POINT('',(13.5999982282103,4.02723584537202,4.75740367053661));
#15601=CARTESIAN_POINT('',(13.5999982282103,4.013885045788,4.75704609007765));
#15602=CARTESIAN_POINT('',(13.5999982282103,4.00051365014433,4.75703717295707));
#15603=CARTESIAN_POINT('',(13.5999982282103,3.98714235001877,4.75702825590019));
#15604=CARTESIAN_POINT('',(13.5999982282103,3.97375094806466,4.75736805087927));
#15605=CARTESIAN_POINT('',(13.5999982282103,3.96036347308022,4.75805653359066));
#15606=CARTESIAN_POINT('',(13.5999982282103,3.94697604699936,4.75874501378706));
#15607=CARTESIAN_POINT('',(13.5999982282103,3.93359305088029,4.75978216453927));
#15608=CARTESIAN_POINT('',(13.5999982282103,3.92023952971064,4.76116135850728));
#15609=CARTESIAN_POINT('',(13.5999982282103,3.9068860170703,4.76254055159437));
#15610=CARTESIAN_POINT('',(13.5999982282102,3.89356244637244,4.76426171198775));
#15611=CARTESIAN_POINT('',(13.5999982282102,3.88029332495379,4.76631185691978));
#15612=CARTESIAN_POINT('',(13.5999982282102,3.86702417763506,4.76836200585351));
#15613=CARTESIAN_POINT('',(13.5999982282102,3.85380987683874,4.77074102150485));
#15614=CARTESIAN_POINT('',(13.5999982282102,3.840673134513,4.77343038026483));
#15615=CARTESIAN_POINT('',(13.5999982282102,3.8275363371006,4.77611975030216));
#15616=CARTESIAN_POINT('',(13.5999982282102,3.81447740766356,4.77911932471923));
#15617=CARTESIAN_POINT('',(13.5999982282102,3.80151633250991,4.78240624376568));
#15618=CARTESIAN_POINT('',(13.5999982282102,3.78855517745239,4.78569318307569));
#15619=CARTESIAN_POINT('',(13.5999982282103,3.77569209611566,4.78926732699162));
#15620=CARTESIAN_POINT('',(13.5999982282103,3.76294372439502,4.7931028887496));
#15621=CARTESIAN_POINT('',(13.5999982282103,3.73746983365892,4.80076713664535));
#15622=CARTESIAN_POINT('',(13.5999982282058,3.71234208050267,4.80950691340834));
#15623=CARTESIAN_POINT('',(13.5999982282058,3.68753062730956,4.81918945244555));
#15624=CARTESIAN_POINT('',(13.5999982282058,3.66272228997621,4.82887077553488));
#15625=CARTESIAN_POINT('',(13.5999982282103,3.63824402057103,4.83949001990424));
#15626=CARTESIAN_POINT('',(13.5999982282103,3.61410466243508,4.85090229646048));
#15627=CARTESIAN_POINT('',(13.5999982282103,3.58996530686598,4.86231457180322));
#15628=CARTESIAN_POINT('',(13.5999982282103,3.56616443775663,4.87451984963329));
#15629=CARTESIAN_POINT('',(13.5999982282103,3.54271198783475,4.88737694501292));
#15630=CARTESIAN_POINT('',(13.5999982282103,3.51925955753696,4.90023402963423));
#15631=CARTESIAN_POINT('',(13.599998228204,3.49615508793354,4.91374308195481));
#15632=CARTESIAN_POINT('',(13.599998228204,3.47341185711988,4.92776792092122));
#15633=CARTESIAN_POINT('',(13.599998228204,3.45066866424258,4.94179273649379));
#15634=CARTESIAN_POINT('',(13.5999982282102,3.428286339171,4.95633354701742));
#15635=CARTESIAN_POINT('',(13.5999982282102,3.40628289564799,4.97125920269677));
#15636=CARTESIAN_POINT('',(13.5999982282103,3.40628289564802,5.34999999999996));
#15637=CARTESIAN_POINT('',(13.5999982282103,3.40628289564802,9.69999999999995));
#15638=VECTOR('',#17326,1000.0);
#15639=CARTESIAN_POINT('',(13.5999982282103,1.74999999999997,5.34999999999995));
#15640=CARTESIAN_POINT('',(13.5999982282103,6.49999999999995,5.34999999999998));
#15641=VECTOR('',#17327,1000.0);
#15642=CARTESIAN_POINT('',(13.5999982282103,1.74999999999995,6.04999999999995));
#15643=CARTESIAN_POINT('',(13.5999982282103,1.74999999999995,2.89256632606649));
#15644=VECTOR('',#17328,1000.0);
#15645=CARTESIAN_POINT('',(13.5999982282103,2.29999999999995,6.04999999999995));
#15646=CARTESIAN_POINT('',(13.5999982282103,6.49999999999995,6.04999999999995));
#15647=VECTOR('',#17329,1000.0);
#15648=CARTESIAN_POINT('',(13.5999982282103,2.29999999999995,6.24999999999998));
#15649=CARTESIAN_POINT('',(13.5999982282103,2.29999999999995,2.89256632606649));
#15650=VECTOR('',#17330,1000.0);
#15651=CARTESIAN_POINT('',(13.5999982282103,1.69999999999999,6.24999999999995));
#15652=CARTESIAN_POINT('',(13.5999982282103,6.49999999999995,6.24999999999998));
#15653=VECTOR('',#17331,1000.0);
#15654=CARTESIAN_POINT('',(13.5999982282103,1.49999999999999,6.04999999999995));
#15655=AXIS2_PLACEMENT_3D('',#17332,#17333,#17334);
#15656=CARTESIAN_POINT('',(13.5999982282103,1.49999999999997,5.39565677580974));
#15657=CARTESIAN_POINT('',(13.5999982282103,1.49999999999989,2.37963007209152));
#15658=VECTOR('',#17335,1000.0);
#15659=AXIS2_PLACEMENT_3D('',#17336,#17337,#17338);
#15660=COLOUR_RGB('',0.517647087574005,0.564705908298492,0.61176472902298);
#15661=CARTESIAN_POINT('',(13.8249982282103,2.29999999999995,6.04999999999995));
#15662=CARTESIAN_POINT('',(19.814681238993,2.29999999999995,6.04999999999995));
#15663=VECTOR('',#17339,1000.0);
#15664=CARTESIAN_POINT('',(13.8249982282103,2.29999999999995,6.14999999999998));
#15665=CARTESIAN_POINT('',(13.8249982282103,2.29999999999995,2.89256632606649));
#15666=VECTOR('',#17340,1000.0);
#15667=CARTESIAN_POINT('',(13.7249982282103,2.29999999999995,6.24999999999998));
#15668=AXIS2_PLACEMENT_3D('',#17341,#17342,#17343);
#15669=CARTESIAN_POINT('',(19.814681238993,2.29999999999995,6.24999999999998));
#15670=VECTOR('',#17344,1000.0);
#15671=COLOUR_RGB('',0.61176472902298,0.61176472902298,0.61176472902298);
#15672=CARTESIAN_POINT('',(10.4749982282103,2.29999999999995,6.24999999999995));
#15673=CARTESIAN_POINT('',(19.814681238993,2.29999999999995,6.24999999999995));
#15674=VECTOR('',#17345,1000.0);
#15675=CARTESIAN_POINT('',(11.3999832282103,1.69999999999999,6.24999999999995));
#15676=VECTOR('',#17346,1000.0);
#15677=CARTESIAN_POINT('',(13.7249982282103,6.49999999999995,6.24999999999998));
#15678=VECTOR('',#17347,1000.0);
#15679=CARTESIAN_POINT('',(10.4749982282103,3.99999999999993,6.24999999999998));
#15680=VECTOR('',#17348,1000.0);
#15681=COLOUR_RGB('',0.61176472902298,0.61176472902298,0.61176472902298);
#15682=CARTESIAN_POINT('',(13.8249982282103,6.49999999999995,1.79999999999995));
#15683=VECTOR('',#17349,1000.0);
#15684=COLOUR_RGB('',0.61176472902298,0.61176472902298,0.61176472902298);
#15685=CARTESIAN_POINT('',(13.8249982282103,1.74999999999994,6.04999999999995));
#15686=CARTESIAN_POINT('',(10.4675645542768,1.74999999999994,6.04999999999995));
#15687=VECTOR('',#17350,1000.0);
#15688=CARTESIAN_POINT('',(13.8249982282103,6.49999999999995,6.04999999999998));
#15689=VECTOR('',#17351,1000.0);
#15690=COLOUR_RGB('',0.61176472902298,0.61176472902298,0.61176472902298);
#15691=CARTESIAN_POINT('',(13.8249982282103,1.74999999999994,5.34999999999995));
#15692=CARTESIAN_POINT('',(10.4675645542768,1.74999999999993,5.34999999999995));
#15693=VECTOR('',#17352,1000.0);
#15694=CARTESIAN_POINT('',(13.8249982282103,1.74999999999996,2.89256632606649));
#15695=VECTOR('',#17353,1000.0);
#15696=COLOUR_RGB('',0.61176472902298,0.61176472902298,0.61176472902298);
#15697=CARTESIAN_POINT('',(13.8249982282103,6.49999999999995,6.14999999999998));
#15698=VECTOR('',#17354,1000.0);
#15699=CARTESIAN_POINT('',(13.8249982282103,6.49999999999995,5.34999999999998));
#15700=VECTOR('',#17355,1000.0);
#15701=COLOUR_RGB('',0.61176472902298,0.61176472902298,0.61176472902298);
#15702=COLOUR_RGB('',0.61176472902298,0.61176472902298,0.61176472902298);
#15703=CARTESIAN_POINT('',(10.4749982282103,1.64999999999993,4.82453115254763));
#15704=CARTESIAN_POINT('',(10.4749982282103,1.59999999999993,4.79566363908815));
#15705=CARTESIAN_POINT('',(10.4749982282103,3.99999999999993,6.18130428514335));
#15706=VECTOR('',#17356,1000.0);
#15707=CARTESIAN_POINT('',(10.4049958282103,1.59999999999993,4.79566363908815));
#15708=VECTOR('',#17357,1000.0);
#15709=CARTESIAN_POINT('',(10.4049958282103,1.64999999999993,4.82453115254763));
#15710=VECTOR('',#17358,1000.0);
#15711=COLOUR_RGB('',0.61176472902298,0.61176472902298,0.61176472902298);
#15712=AXIS2_PLACEMENT_3D('',#17359,#17360,#17361);
#15713=COLOUR_RGB('',0.61176472902298,0.61176472902298,0.61176472902298);
#15714=AXIS2_PLACEMENT_3D('',#17362,#17363,#17364);
#15715=COLOUR_RGB('',0.61176472902298,0.61176472902298,0.61176472902298);
#15716=COLOUR_RGB('',0.235294133424759,0.376470625400543,0.141176477074623);
#15717=CARTESIAN_POINT('',(14.5249982282103,0.699999999999928,6.79999999999998));
#15718=CARTESIAN_POINT('',(14.5249982282103,0.699999999999928,4.10238958199314));
#15719=VECTOR('',#17365,1000.0);
#15720=CARTESIAN_POINT('',(14.5249982282103,6.49999999999995,6.79999999999998));
#15721=CARTESIAN_POINT('',(14.5249982282103,3.99999999999993,6.79999999999998));
#15722=VECTOR('',#17366,1000.0);
#15723=CARTESIAN_POINT('',(14.5249982282103,6.49999999999995,6.14999999999998));
#15724=CARTESIAN_POINT('',(14.5249982282103,6.49999999999995,-5.21502660695072E-14));
#15725=VECTOR('',#17367,1000.0);
#15726=CARTESIAN_POINT('',(14.5249982282103,6.50000374999995,6.14999999999998));
#15727=VECTOR('',#17368,1000.0);
#15728=COLOUR_RGB('',0.235294133424759,0.376470625400543,0.141176477074623);
#15729=CARTESIAN_POINT('',(13.7249982282103,6.49999999999995,6.94999999999998));
#15730=AXIS2_PLACEMENT_3D('',#17369,#17370,#17371);
#15731=CARTESIAN_POINT('',(14.3749982282103,6.49999999999993,6.94999999999998));
#15732=AXIS2_PLACEMENT_3D('',#17372,#17373,#17374);
#15733=CARTESIAN_POINT('',(4.99999822821026,6.49999999999993,6.94999999999998));
#15734=VECTOR('',#17375,1000.0);
#15735=COLOUR_RGB('',0.61176472902298,0.61176472902298,0.61176472902298);
#15736=CARTESIAN_POINT('',(13.7249982282103,4.24874685927662,6.94999999999998));
#15737=CARTESIAN_POINT('',(13.7249982282103,6.50000374999995,6.94999999999998));
#15738=VECTOR('',#17376,1000.0);
#15739=CARTESIAN_POINT('',(13.7249982282103,3.75125314072322,6.94999999999998));
#15740=CARTESIAN_POINT('',(13.7249982282103,3.75125314072322,6.94999999999998));
#15741=CARTESIAN_POINT('',(13.758671697598,3.91708438024102,6.94999999999998));
#15742=CARTESIAN_POINT('',(13.758671697598,4.08291561975882,6.94999999999998));
#15743=CARTESIAN_POINT('',(13.7249982282103,4.24874685927662,6.94999999999998));
#15744=CARTESIAN_POINT('',(13.7249982282103,6.50000374999995,6.94999999999998));
#15745=VECTOR('',#17377,1000.0);
#15746=COLOUR_RGB('',0.235294133424759,0.376470625400543,0.141176477074623);
#15747=CARTESIAN_POINT('',(14.3837866587319,0.700707959981848,6.94974232363951));
#15748=CARTESIAN_POINT('',(13.1642697892604,4.05130302149878,5.73022545416801));
#15749=VECTOR('',#17378,1000.0);
#15750=CARTESIAN_POINT('',(14.5247405518498,0.700707959981848,6.80878843052163));
#15751=AXIS2_PLACEMENT_3D('',#17379,#17380,#17381);
#15752=CARTESIAN_POINT('',(13.3052236823783,4.05130302149878,5.58927156105013));
#15753=VECTOR('',#17382,1000.0);
#15754=COLOUR_RGB('',0.235294133424759,0.376470625400543,0.141176477074623);
#15755=CARTESIAN_POINT('',(14.3749982282103,0.699999999999928,6.94999999999998));
#15756=CARTESIAN_POINT('',(14.3749982282103,3.99999999999993,6.94999999999998));
#15757=VECTOR('',#17383,1000.0);
#15758=AXIS2_PLACEMENT_3D('',#17384,#17385,#17386);
#15759=AXIS2_PLACEMENT_3D('',#17387,#17388,#17389);
#15760=COLOUR_RGB('',0.235294133424759,0.376470625400543,0.141176477074623);
#15761=CARTESIAN_POINT('',(13.2243083337798,4.27361611466046,1.79999999999995));
#15762=VECTOR('',#17390,1000.0);
#15763=COLOUR_RGB('',0.61176472902298,0.61176472902298,0.61176472902298);
#15764=AXIS2_PLACEMENT_3D('',#17391,#17392,#17393);
#15765=CARTESIAN_POINT('',(11.2749982282103,3.75125314072327,5.34999999999997));
#15766=AXIS2_PLACEMENT_3D('',#17394,#17395,#17396);
#15767=CARTESIAN_POINT('',(11.2749982282103,4.24874685927657,5.34999999999997));
#15768=CARTESIAN_POINT('',(11.2749982282103,4.24874685927657,5.35000000000014));
#15769=CARTESIAN_POINT('',(11.2729192434962,4.23850851382698,5.35000000000014));
#15770=CARTESIAN_POINT('',(11.2709686436419,4.228244044708,5.34993542841482));
#15771=CARTESIAN_POINT('',(11.2691476508592,4.21796067588985,5.34982870701724));
#15772=CARTESIAN_POINT('',(11.2673266580431,4.20767730688362,5.34972198561771));
#15773=CARTESIAN_POINT('',(11.2656352738308,4.1973750421064,5.34957309529115));
#15774=CARTESIAN_POINT('',(11.2640742516144,4.18706128427712,5.34940154292228));
#15775=CARTESIAN_POINT('',(11.2609526309013,4.16643656815771,5.34905848475026));
#15776=CARTESIAN_POINT('',(11.2583465176807,4.14572686745077,5.348626717994));
#15777=CARTESIAN_POINT('',(11.25626069453,4.12496778510822,5.34822883910329));
#15778=CARTESIAN_POINT('',(11.255217752573,4.11458794156481,5.34802989386251));
#15779=CARTESIAN_POINT('',(11.254304970027,4.10419739685264,5.34783880232559));
#15780=CARTESIAN_POINT('',(11.2535223100219,4.09379651047095,5.34766670332291));
#15781=CARTESIAN_POINT('',(11.2527396231067,4.08339526647573,5.34749459840294));
#15782=CARTESIAN_POINT('',(11.2520870470854,4.07298289714984,5.34734149283368));
#15783=CARTESIAN_POINT('',(11.2515649279375,4.06256432505876,5.34721563885674));
#15784=CARTESIAN_POINT('',(11.2510427991541,4.05214556069761,5.34708978255722));
#15785=CARTESIAN_POINT('',(11.2506511518228,4.04172189019363,5.34699119792803));
#15786=CARTESIAN_POINT('',(11.2503899862095,4.03129283502342,5.34692489064028));
#15787=CARTESIAN_POINT('',(11.2501288271439,4.02086404131849,5.3468585850149));
#15788=CARTESIAN_POINT('',(11.2499982282103,4.01043137401588,5.34682458365517));
#15789=CARTESIAN_POINT('',(11.2499982282103,3.99999999999992,5.34682458365517));
#15790=CARTESIAN_POINT('',(11.2499982282103,3.98956862598501,5.34682458365517));
#15791=CARTESIAN_POINT('',(11.2501288271439,3.9791359586824,5.3468585850149));
#15792=CARTESIAN_POINT('',(11.2503899862095,3.96870716497642,5.34692489064028));
#15793=CARTESIAN_POINT('',(11.2506511518228,3.95827810980622,5.34699119792803));
#15794=CARTESIAN_POINT('',(11.2510427991541,3.94785443930224,5.34708978255722));
#15795=CARTESIAN_POINT('',(11.2515649279375,3.93743567494108,5.34721563885674));
#15796=CARTESIAN_POINT('',(11.2520870470854,3.92701710285,5.34734149283368));
#15797=CARTESIAN_POINT('',(11.2527396231067,3.91660473352411,5.34749459840294));
#15798=CARTESIAN_POINT('',(11.2535223100219,3.90620348952889,5.34766670332291));
#15799=CARTESIAN_POINT('',(11.254304970027,3.8958026031472,5.34783880232559));
#15800=CARTESIAN_POINT('',(11.255217752573,3.88541205843503,5.34802989386251));
#15801=CARTESIAN_POINT('',(11.25626069453,3.87503221489162,5.34822883910329));
#15802=CARTESIAN_POINT('',(11.2583465176807,3.85427313254907,5.348626717994));
#15803=CARTESIAN_POINT('',(11.2609526309013,3.83356343184213,5.34905848475026));
#15804=CARTESIAN_POINT('',(11.2640742516144,3.81293871572273,5.34940154292228));
#15805=CARTESIAN_POINT('',(11.2656352738308,3.80262495789345,5.34957309529115));
#15806=CARTESIAN_POINT('',(11.2673266580431,3.79232269311622,5.34972198561771));
#15807=CARTESIAN_POINT('',(11.2691476508592,3.78203932410999,5.34982870701724));
#15808=CARTESIAN_POINT('',(11.2709686436419,3.77175595529184,5.34993542841482));
#15809=CARTESIAN_POINT('',(11.2729192434962,3.76149148617286,5.35000000000014));
#15810=CARTESIAN_POINT('',(11.2749982282103,3.75125314072327,5.35000000000014));
#15811=AXIS2_PLACEMENT_3D('',#17397,#17398,#17399);
#15812=COLOUR_RGB('',0.235294133424759,0.376470625400543,0.141176477074623);
#15813=COLOUR_RGB('',0.235294133424759,0.376470625400543,0.141176477074623);
#15814=CARTESIAN_POINT('',(12.8499982282103,4.49999999999997,0.649999999999948));
#15815=CARTESIAN_POINT('',(4.99999822821026,4.49999999999998,0.649999999999949));
#15816=VECTOR('',#17400,1000.0);
#15817=CARTESIAN_POINT('',(12.8499982282103,4.49999999999997,-5.20647910993118E-14));
#15818=VECTOR('',#17401,1000.0);
#15819=COLOUR_RGB('',0.61176472902298,0.61176472902298,0.61176472902298);
#15820=CARTESIAN_POINT('',(12.8499982282103,3.99999999999993,0.649999999999948));
#15821=VECTOR('',#17402,1000.0);
#15822=COLOUR_RGB('',0.517647087574005,0.564705908298492,0.61176472902298);
#15823=CARTESIAN_POINT('',(14.5249982282103,1.49999999999997,5.39565677580974));
#15824=VECTOR('',#17403,1000.0);
#15825=COLOUR_RGB('',0.235294133424759,0.376470625400543,0.141176477074623);
#15826=CARTESIAN_POINT('',(12.7749982282103,2.64999999999997,0.199999999999948));
#15827=CARTESIAN_POINT('',(12.7749982282103,3.99999999999993,0.199999999999948));
#15828=VECTOR('',#17404,1000.0);
#15829=CARTESIAN_POINT('',(12.7749982282103,2.64999999999997,0.649999999999948));
#15830=CARTESIAN_POINT('',(12.7749982282103,2.64999999999997,0.649999999999948));
#15831=VECTOR('',#17405,1000.0);
#15832=CARTESIAN_POINT('',(12.7749982282103,3.99999999999993,0.649999999999948));
#15833=VECTOR('',#17406,1000.0);
#15834=COLOUR_RGB('',0.235294133424759,0.376470625400543,0.141176477074623);
#15835=CARTESIAN_POINT('',(12.8499982282103,2.40769230769227,0.199999999999948));
#15836=CARTESIAN_POINT('',(12.8499982282103,2.40769230769227,-5.22825656156806E-14));
#15837=VECTOR('',#17407,1000.0);
#15838=CARTESIAN_POINT('',(12.8499982282103,3.49999999999997,0.199999999999948));
#15839=VECTOR('',#17408,1000.0);
#15840=COLOUR_RGB('',0.235294133424759,0.376470625400543,0.141176477074623);
#15841=CARTESIAN_POINT('',(12.3571410853531,3.99999999999993,0.199999999999948));
#15842=VECTOR('',#17409,1000.0);
#15843=COLOUR_RGB('',0.61176472902298,0.61176472902298,0.61176472902298);
#15844=COLOUR_RGB('',0.61176472902298,0.61176472902298,0.61176472902298);
#15845=CARTESIAN_POINT('',(10.4749982282103,1.74999999999993,5.24999999999998));
#15846=CARTESIAN_POINT('',(10.4749982282103,6.50000374999995,5.24999999999998));
#15847=VECTOR('',#17410,1000.0);
#15848=CARTESIAN_POINT('',(11.2749982282103,1.74999999999993,6.04999999999996));
#15849=AXIS2_PLACEMENT_3D('',#17411,#17412,#17413);
#15850=CARTESIAN_POINT('',(11.2749982282103,1.74999999999993,6.04999999999995));
#15851=VECTOR('',#17414,1000.0);
#15852=COLOUR_RGB('',0.235294133424759,0.376470625400543,0.141176477074623);
#15853=CARTESIAN_POINT('',(13.0999982282103,1.59999999999993,-5.24104601165665E-14));
#15854=VECTOR('',#17415,1000.0);
#15855=COLOUR_RGB('',0.235294133424759,0.376470625400543,0.141176477074623);
#15856=CARTESIAN_POINT('',(12.4190458472579,3.79999999999993,0.649999999999948));
#15857=VECTOR('',#17416,1000.0);
#15858=COLOUR_RGB('',0.235294133424759,0.376470625400543,0.141176477074623);
#15859=COLOUR_RGB('',0.61176472902298,0.61176472902298,0.61176472902298);
#15860=CARTESIAN_POINT('',(11.2749982282103,1.74999999999993,5.34999999999996));
#15861=CARTESIAN_POINT('',(10.4675645542768,1.74999999999993,5.34999999999995));
#15862=VECTOR('',#17417,1000.0);
#15863=CARTESIAN_POINT('',(10.4675645542768,1.74999999999994,6.04999999999995));
#15864=VECTOR('',#17418,1000.0);
#15865=CARTESIAN_POINT('',(10.4749982282103,1.74999999999993,4.99773623330452));
#15866=CARTESIAN_POINT('',(10.4749982282103,1.74999999999993,-5.19346627147182E-14));
#15867=VECTOR('',#17419,1000.0);
#15868=CARTESIAN_POINT('',(10.4049958282103,1.74999999999993,4.99773623330452));
#15869=VECTOR('',#17420,1000.0);
#15870=AXIS2_PLACEMENT_3D('',#17421,#17422,#17423);
#15871=COLOUR_RGB('',0.235294133424759,0.376470625400543,0.141176477074623);
#15872=CARTESIAN_POINT('',(10.4749982282103,0.699999999999929,1.79999999999995));
#15873=CARTESIAN_POINT('',(10.4749982282103,3.99999999999993,1.79999999999995));
#15874=VECTOR('',#17424,1000.0);
#15875=AXIS2_PLACEMENT_3D('',#17425,#17426,#17427);
#15876=COLOUR_RGB('',0.61176472902298,0.61176472902298,0.61176472902298);
#15877=CARTESIAN_POINT('',(11.2749982282103,6.49999999999992,5.34999999999998));
#15878=VECTOR('',#17428,1000.0);
#15879=COLOUR_RGB('',0.235294133424759,0.376470625400543,0.141176477074623);
#15880=CARTESIAN_POINT('',(11.7756881226407,4.27361611466046,1.79999999999995));
#15881=VECTOR('',#17429,1000.0);
#15882=CARTESIAN_POINT('',(10.4749982282103,0.699999999999928,6.94999999999998));
#15883=CARTESIAN_POINT('',(10.4749982282103,0.699999999999929,4.10238958199314));
#15884=VECTOR('',#17430,1000.0);
#15885=CARTESIAN_POINT('',(11.6761000012887,3.99999999999993,5.74889822692151));
#15886=VECTOR('',#17431,1000.0);
#15887=COLOUR_RGB('',0.61176472902298,0.61176472902298,0.61176472902298);
#15888=CARTESIAN_POINT('',(11.2749982282103,6.49999999999992,5.34999999999998));
#15889=VECTOR('',#17432,1000.0);
#15890=COLOUR_RGB('',0.235294133424759,0.376470625400543,0.141176477074623);
#15891=CARTESIAN_POINT('',(12.4999982282103,0.699999999999928,6.94999999999998));
#15892=VECTOR('',#17433,1000.0);
#15893=COLOUR_RGB('',0.61176472902298,0.61176472902298,0.61176472902298);
#15894=COLOUR_RGB('',0.517647087574005,0.564705908298492,0.61176472902298);
#15895=CARTESIAN_POINT('',(14.5249982282103,1.49999999999999,6.04999999999995));
#15896=VECTOR('',#17434,1000.0);
#15897=COLOUR_RGB('',0.61176472902298,0.61176472902298,0.61176472902298);
#15898=CARTESIAN_POINT('',(19.814681238993,2.29999999999995,6.04999999999995));
#15899=VECTOR('',#17435,1000.0);
#15900=COLOUR_RGB('',0.235294133424759,0.376470625400543,0.141176477074623);
#15901=AXIS2_PLACEMENT_3D('',#17436,#17437,#17438);
#15902=AXIS2_PLACEMENT_3D('',#17439,#17440,#17441);
#15903=CARTESIAN_POINT('',(10.4749982282103,2.29999999999995,-5.18774168400109E-14));
#15904=VECTOR('',#17442,1000.0);
#15905=CARTESIAN_POINT('',(10.4749982282103,3.99999999999993,6.94999999999998));
#15906=VECTOR('',#17443,1000.0);
#15907=COLOUR_RGB('',0.235294133424759,0.376470625400543,0.141176477074623);
#15908=COLOUR_RGB('',0.61176472902298,0.61176472902298,0.61176472902298);
#15909=COLOUR_RGB('',0.517647087574005,0.564705908298492,0.61176472902298);
#15910=COLOUR_RGB('',0.61176472902298,0.61176472902298,0.61176472902298);
#15911=COLOUR_RGB('',0.517647087574005,0.564705908298492,0.61176472902298);
#15912=COLOUR_RGB('',0.61176472902298,0.61176472902298,0.61176472902298);
#15913=COLOUR_RGB('',0.235294133424759,0.376470625400543,0.141176477074623);
#15914=COLOUR_RGB('',0.645180702209473,0.678915679454803,0.699999988079071);
#15915=COLOUR_RGB('',0.645180702209473,0.678915679454803,0.699999988079071);
#15916=DIRECTION('',(4.60660647524438E-53,1.88079096131566E-37,-1.0));
#15917=CARTESIAN_POINT('',(2.49999970661738,4.0,6.05));
#15918=DIRECTION('',(-4.60660647524438E-53,-1.88079096131566E-37,1.0));
#15919=DIRECTION('',(1.0,-1.22464605849178E-16,2.30330323762219E-53));
#15920=DIRECTION('',(1.0,-1.22464605849178E-16,-6.12323399573677E-17));
#15921=CARTESIAN_POINT('',(2.14999970661738,4.00000000000004,-3.1));
#15922=DIRECTION('',(-1.0,1.22464605849178E-16,6.12323399573677E-17));
#15923=DIRECTION('',(6.12323399573677E-17,-7.49898245719804E-33,1.0));
#15924=DIRECTION('',(-1.0,1.22464605849178E-16,6.12323399573677E-17));
#15925=CARTESIAN_POINT('',(2.84999970661738,4.00000000000004,-3.1));
#15926=DIRECTION('',(1.0,-1.22464605849178E-16,-6.12323399573677E-17));
#15927=DIRECTION('',(-6.12323399573677E-17,7.49898245719804E-33,-1.0));
#15928=DIRECTION('',(4.60660647524438E-53,1.88079096131566E-37,-1.0));
#15929=CARTESIAN_POINT('',(2.49999970661738,4.0,11.5));
#15930=DIRECTION('',(-4.8808705443612E-53,-1.88079096131566E-37,1.0));
#15931=DIRECTION('',(0.866025403784439,0.5,9.4039548065783E-38));
#15932=DIRECTION('',(-4.60660647524438E-53,-1.88079096131566E-37,1.0));
#15933=CARTESIAN_POINT('',(2.49999970661738,4.0,10.6));
#15934=DIRECTION('',(-4.8808705443612E-53,-1.88079096131566E-37,1.0));
#15935=DIRECTION('',(0.866025403784439,0.5,9.4039548065783E-38));
#15936=DIRECTION('',(-4.60660647524438E-53,-1.88079096131566E-37,1.0));
#15937=CARTESIAN_POINT('',(2.49999970661738,4.0,9.70000000000001));
#15938=DIRECTION('',(-4.8808705443612E-53,-1.88079096131566E-37,1.0));
#15939=DIRECTION('',(0.866025403784439,0.5,9.4039548065783E-38));
#15940=DIRECTION('',(-4.60660647524438E-53,-1.88079096131566E-37,1.0));
#15941=CARTESIAN_POINT('',(2.49999970661738,4.0,10.6));
#15942=DIRECTION('',(-4.8808705443612E-53,-1.88079096131566E-37,1.0));
#15943=DIRECTION('',(0.866025403784439,0.5,9.4039548065783E-38));
#15944=DIRECTION('',(1.0,-1.22464605849178E-16,2.30330323762219E-53));
#15945=DIRECTION('',(1.22464605849178E-16,1.0,1.88079096131566E-37));
#15946=DIRECTION('',(1.0,-1.22464605849178E-16,2.30330323762219E-53));
#15947=DIRECTION('',(1.22464605849178E-16,1.0,1.88079096131566E-37));
#15948=DIRECTION('',(-1.0,1.22464605849178E-16,-2.30330323762219E-53));
#15949=DIRECTION('',(-1.22464605849178E-16,-1.0,-1.88079096131566E-37));
#15950=DIRECTION('',(1.0,-1.22464605849178E-16,2.30330323762219E-53));
#15951=DIRECTION('',(-1.22464605849178E-16,-1.0,-1.88079096131566E-37));
#15952=DIRECTION('',(0.29568372807112,-0.955285890691349,-1.79669306868467E-37));
#15953=DIRECTION('',(1.22464605849178E-16,1.0,1.88079096131566E-37));
#15954=DIRECTION('',(-1.22464605849178E-16,-1.0,-1.88079096131566E-37));
#15955=DIRECTION('',(-1.0,1.22464605849178E-16,-2.30330323762219E-53));
#15956=DIRECTION('',(1.22464605849178E-16,1.0,1.88079096131566E-37));
#15957=DIRECTION('',(-1.22464605849178E-16,-1.0,-1.88079096131566E-37));
#15958=DIRECTION('',(0.295683728071119,0.955285890691349,1.79669306868467E-37));
#15959=DIRECTION('',(1.22464605849178E-16,1.0,1.88079096131566E-37));
#15960=DIRECTION('',(1.0,-1.22464605849178E-16,2.30330323762219E-53));
#15961=DIRECTION('',(-1.22464605849178E-16,-1.0,-1.88079096131566E-37));
#15962=DIRECTION('',(1.0,-1.22464605849178E-16,2.30330323762219E-53));
#15963=DIRECTION('',(1.22464605849178E-16,1.0,1.88079096131566E-37));
#15964=DIRECTION('',(1.0,-1.22464605849178E-16,2.30330323762219E-53));
#15965=DIRECTION('',(1.22464605849178E-16,1.0,1.88079096131566E-37));
#15966=DIRECTION('',(1.40690216385971E-32,1.14882349402438E-16,1.0));
#15967=DIRECTION('',(-4.60660647524438E-53,-1.88079096131566E-37,1.0));
#15968=DIRECTION('',(2.75485422055785E-17,0.224951054343865,0.974370064785235));
#15969=DIRECTION('',(1.0,-1.22464605849178E-16,2.30330323762219E-53));
#15970=DIRECTION('',(2.75485422055785E-17,0.224951054343865,0.974370064785235));
#15971=DIRECTION('',(-4.60660647524438E-53,-1.88079096131566E-37,1.0));
#15972=DIRECTION('',(-4.60660647524438E-53,-1.88079096131566E-37,1.0));
#15973=DIRECTION('',(1.0,-1.22464605849178E-16,2.30330323762219E-53));
#15974=DIRECTION('',(-1.40690216385971E-32,-1.14882349402438E-16,-1.0));
#15975=DIRECTION('',(-4.60660647524438E-53,-1.88079096131566E-37,1.0));
#15976=DIRECTION('',(4.60660647524438E-53,1.88079096131566E-37,-1.0));
#15977=DIRECTION('',(-0.872506015949722,1.06851105344319E-16,0.48860336893184));
#15978=DIRECTION('',(1.0,-1.22464605849178E-16,2.30330323762219E-53));
#15979=CARTESIAN_POINT('',(1.07156276061176,0.0,1.8));
#15980=DIRECTION('',(-1.22464605849178E-16,-1.0,-1.88079096131566E-37));
#15981=DIRECTION('',(1.0,-1.22464605849178E-16,2.30330323762219E-53));
#15982=DIRECTION('',(4.60660647524438E-53,1.88079096131566E-37,-1.0));
#15983=DIRECTION('',(1.0,-1.22464605849178E-16,2.30330323762219E-53));
#15984=CARTESIAN_POINT('',(4.62015220473233,-8.88178419700125E-16,7.04515249811499));
#15985=DIRECTION('',(-1.22464605849178E-16,-1.0,7.61064592363493E-33));
#15986=DIRECTION('',(0.707106781186548,-8.65955532512916E-17,0.707106781186547));
#15987=DIRECTION('',(4.60660647524438E-53,1.88079096131566E-37,-1.0));
#15988=CARTESIAN_POINT('',(3.92843665262299,-8.88178419700125E-16,1.8));
#15989=DIRECTION('',(-1.22464605849178E-16,-1.0,-1.88079096131566E-37));
#15990=DIRECTION('',(1.0,-1.22464605849178E-16,2.30330323762219E-53));
#15991=DIRECTION('',(1.0,-1.22464605849178E-16,2.30330323762219E-53));
#15992=DIRECTION('',(-0.87250601594972,1.06851105344319E-16,-0.488603368931843));
#15993=DIRECTION('',(-4.60660647524438E-53,-1.88079096131566E-37,1.0));
#15994=CARTESIAN_POINT('',(2.49999970661738,4.0,10.6));
#15995=DIRECTION('',(-4.8808705443612E-53,-1.88079096131566E-37,1.0));
#15996=DIRECTION('',(0.866025403784439,0.5,9.4039548065783E-38));
#15997=DIRECTION('',(-1.0,1.22464605849178E-16,-2.30330323762219E-53));
#15998=CARTESIAN_POINT('',(2.49999970661738,4.0,10.6));
#15999=DIRECTION('',(-4.8808705443612E-53,-1.88079096131566E-37,1.0));
#16000=DIRECTION('',(0.866025403784439,0.5,9.4039548065783E-38));
#16001=DIRECTION('',(1.0,-1.22464605849178E-16,2.30330323762219E-53));
#16002=DIRECTION('',(-4.60660647524438E-53,-1.88079096131566E-37,1.0));
#16003=DIRECTION('',(1.0,-1.22464605849178E-16,2.30330323762219E-53));
#16004=CARTESIAN_POINT('',(2.49999970661738,4.0,9.70000000000001));
#16005=DIRECTION('',(-4.8808705443612E-53,-1.88079096131566E-37,1.0));
#16006=DIRECTION('',(0.866025403784439,0.5,9.4039548065783E-38));
#16007=DIRECTION('',(-1.0,1.22464605849178E-16,-2.30330323762219E-53));
#16008=DIRECTION('',(-4.60660647524438E-53,-1.88079096131566E-37,1.0));
#16009=CARTESIAN_POINT('',(2.49999970661738,4.0,11.5));
#16010=DIRECTION('',(-4.8808705443612E-53,-1.88079096131566E-37,1.0));
#16011=DIRECTION('',(0.866025403784439,0.5,9.4039548065783E-38));
#16012=DIRECTION('',(-1.22464605849178E-16,-1.0,1.15648231731787E-16));
#16013=DIRECTION('',(1.22464605849178E-16,1.0,1.88079096131566E-37));
#16014=DIRECTION('',(-4.60660647524438E-53,-1.88079096131566E-37,1.0));
#16015=DIRECTION('',(-1.22464605849178E-16,-1.0,-1.88079096131566E-37));
#16016=DIRECTION('',(-4.60660647524438E-53,-1.88079096131566E-37,1.0));
#16017=DIRECTION('',(-6.12323399573677E-17,7.49898245719804E-33,-1.0));
#16018=CARTESIAN_POINT('',(2.14999970661738,4.00000000000004,-3.1));
#16019=DIRECTION('',(-1.0,1.22464605849178E-16,6.12323399573677E-17));
#16020=DIRECTION('',(6.12323399573677E-17,-7.49898245719804E-33,1.0));
#16021=DIRECTION('',(4.60660647524438E-53,1.88079096131566E-37,-1.0));
#16022=DIRECTION('',(6.12323399573677E-17,-7.49898245719804E-33,1.0));
#16023=CARTESIAN_POINT('',(2.84999970661738,4.00000000000004,-3.1));
#16024=DIRECTION('',(1.0,-1.22464605849178E-16,-6.12323399573677E-17));
#16025=DIRECTION('',(-6.12323399573677E-17,7.49898245719804E-33,-1.0));
#16026=DIRECTION('',(-1.0,1.22464605849178E-16,6.12323399573677E-17));
#16027=DIRECTION('',(1.22464605849178E-16,1.0,1.88079096131566E-37));
#16028=DIRECTION('',(1.0,-1.22464605849178E-16,2.30330323762219E-53));
#16029=DIRECTION('',(2.10602301538369E-16,-1.0,-1.88079096131566E-37));
#16030=DIRECTION('',(-0.295683728071119,-0.955285890691349,-1.79669306868467E-37));
#16031=DIRECTION('',(-4.60660647524438E-53,-1.88079096131566E-37,1.0));
#16032=DIRECTION('',(4.60660647524438E-53,1.88079096131566E-37,-1.0));
#16033=DIRECTION('',(-6.12323399573677E-17,7.49898245719804E-33,-1.0));
#16034=DIRECTION('',(1.22464605849178E-16,1.0,1.88079096131566E-37));
#16035=DIRECTION('',(0.342020143325669,-0.939692620785908,-1.76736538758916E-37));
#16036=CARTESIAN_POINT('',(2.49999970661738,3.99999999999999,5.35000000000002));
#16037=DIRECTION('',(4.60660647524438E-53,1.88079096131566E-37,-1.0));
#16038=DIRECTION('',(1.22464605849178E-16,1.0,1.88079096131566E-37));
#16039=DIRECTION('',(1.22464605849178E-16,1.0,7.105427357601E-15));
#16040=DIRECTION('',(-1.0,1.22464605849178E-16,-2.30330323762218E-53));
#16041=DIRECTION('',(1.22464605849178E-16,1.0,1.88079096131566E-37));
#16042=CARTESIAN_POINT('',(3.59999970661738,3.9771335065342,4.39967313539757));
#16043=DIRECTION('',(1.0,-1.22464605849178E-16,2.30330323762219E-53));
#16044=DIRECTION('',(1.22464605849178E-16,1.0,1.88079096131566E-37));
#16045=DIRECTION('',(-1.0,1.22464605849178E-16,-2.30330323762219E-53));
#16046=CARTESIAN_POINT('',(1.39999970661738,3.9771335065342,4.39967313539757));
#16047=DIRECTION('',(1.0,-1.22464605849178E-16,2.30330323762219E-53));
#16048=DIRECTION('',(1.22464605849178E-16,1.0,1.88079096131566E-37));
#16049=DIRECTION('',(-1.0,1.22464605849178E-16,-2.30330323762219E-53));
#16050=DIRECTION('',(8.01857685562129E-17,0.826807296245544,0.562485284140957));
#16051=DIRECTION('',(-8.01857685562129E-17,-0.826807296245544,-0.562485284140957));
#16052=DIRECTION('',(-1.0,1.22464605849178E-16,-1.23259516440783E-32));
#16053=DIRECTION('',(9.0434190298867E-17,0.738451650350647,-0.674306428928574));
#16054=DIRECTION('',(-1.0,1.22464605849178E-16,-2.30330323762219E-53));
#16055=DIRECTION('',(-9.0434190298867E-17,-0.738451650350647,0.674306428928574));
#16056=DIRECTION('',(-1.0,1.22464605849178E-16,-2.30330323762219E-53));
#16057=CARTESIAN_POINT('',(1.39999970661738,1.70000000000004,5.39565677580978));
#16058=DIRECTION('',(1.0,-1.22464605849178E-16,2.30330323762219E-53));
#16059=DIRECTION('',(1.22464605849178E-16,1.0,1.88079096131566E-37));
#16060=CARTESIAN_POINT('',(3.59999970661738,1.70000000000004,5.39565677580978));
#16061=DIRECTION('',(1.0,-1.22464605849178E-16,2.30330323762219E-53));
#16062=DIRECTION('',(1.22464605849178E-16,1.0,1.88079096131566E-37));
#16063=DIRECTION('',(3.41849891718724E-30,2.7914178904861E-14,1.0));
#16064=DIRECTION('',(1.0,-1.22464605849178E-16,2.30330323762219E-53));
#16065=DIRECTION('',(-3.41849891718724E-30,-2.7914178904861E-14,-1.0));
#16066=CARTESIAN_POINT('',(0.474999706617376,1.55,4.99773623330457));
#16067=DIRECTION('',(1.0,-1.22464605849178E-16,6.12323399573677E-17));
#16068=DIRECTION('',(-1.22464605849178E-16,-1.0,-6.12323399573677E-17));
#16069=DIRECTION('',(1.0,-1.22464605849178E-16,6.12323399573677E-17));
#16070=CARTESIAN_POINT('',(1.17499970661738,1.55,4.99773623330457));
#16071=DIRECTION('',(1.0,-1.22464605849178E-16,6.12323399573677E-17));
#16072=DIRECTION('',(-1.22464605849178E-16,-1.0,-6.12323399573677E-17));
#16073=DIRECTION('',(1.0,-1.22464605849178E-16,6.12323399573677E-17));
#16074=DIRECTION('',(-1.06057459729834E-16,-0.866025403784422,-0.500000000000029));
#16075=DIRECTION('',(1.0,-1.22464605849178E-16,6.12323399573677E-17));
#16076=DIRECTION('',(7.54412897511489E-17,0.866025403784422,0.500000000000029));
#16077=CARTESIAN_POINT('',(0.474999706617376,1.7,4.62245855833131));
#16078=DIRECTION('',(1.0,-1.22464605849178E-16,6.12323399573677E-17));
#16079=DIRECTION('',(-1.22464605849178E-16,-1.0,-6.12323399573677E-17));
#16080=DIRECTION('',(1.0,-1.22464605849178E-16,6.12323399573677E-17));
#16081=CARTESIAN_POINT('',(1.17499970661738,1.7,4.62245855833131));
#16082=DIRECTION('',(1.0,-1.22464605849178E-16,6.12323399573677E-17));
#16083=DIRECTION('',(-1.22464605849178E-16,-1.0,-6.12323399573677E-17));
#16084=DIRECTION('',(-4.60660647524438E-53,-1.88079096131566E-37,1.0));
#16085=DIRECTION('',(1.22464605849178E-16,1.0,1.88079096131566E-37));
#16086=DIRECTION('',(8.91009148764306E-31,7.27564623742499E-15,1.0));
#16087=DIRECTION('',(-6.12323399573687E-17,-7.8011146526182E-15,1.0));
#16088=DIRECTION('',(-1.22464605849178E-16,-1.0,-1.88079096131566E-37));
#16089=CARTESIAN_POINT('',(1.27499970661738,1.50000000000002,1.8));
#16090=DIRECTION('',(-1.22464605849178E-16,-1.0,-1.88079096131395E-37));
#16091=DIRECTION('',(6.12323399573677E-17,-7.49898245719804E-33,1.0));
#16092=DIRECTION('',(-1.22464605849178E-16,-1.0,-1.88079096131566E-37));
#16093=CARTESIAN_POINT('',(1.27499970661738,6.50000000000002,1.8));
#16094=DIRECTION('',(-1.22464605849178E-16,-1.0,0.0));
#16095=DIRECTION('',(-0.762613598851679,9.3393173798594E-17,-0.646854310371733));
#16096=CARTESIAN_POINT('',(3.72499970661738,1.50000000000002,1.8));
#16097=DIRECTION('',(1.22464605849178E-16,1.0,1.88079096131395E-37));
#16098=DIRECTION('',(-6.12323399573677E-17,7.49898245719804E-33,-1.0));
#16099=DIRECTION('',(-1.22464605849178E-16,-1.0,-1.88079096131566E-37));
#16100=CARTESIAN_POINT('',(3.72499970661747,6.50000000000002,1.79999999999997));
#16101=DIRECTION('',(1.22464605849178E-16,1.0,1.88079105065184E-37));
#16102=DIRECTION('',(1.0,-1.22464605849178E-16,3.13021660604611E-13));
#16103=DIRECTION('',(1.22464605849178E-16,1.0,1.88079096131566E-37));
#16104=DIRECTION('',(1.0,-1.22464605849178E-16,2.30330323762219E-53));
#16105=DIRECTION('',(-1.22464605849178E-16,-1.0,-1.88079096131566E-37));
#16106=DIRECTION('',(-1.0,1.22464605849178E-16,-2.30330323762218E-53));
#16107=DIRECTION('',(1.22464605849178E-16,1.0,7.10542735760101E-15));
#16108=DIRECTION('',(5.4341695087026E-47,4.43734071107723E-31,1.0));
#16109=DIRECTION('',(-1.0,1.22464605849178E-16,-2.30330323762218E-53));
#16110=DIRECTION('',(6.12323399573668E-17,-7.105427357601E-15,1.0));
#16111=DIRECTION('',(-6.12323399573677E-17,7.49898245719804E-33,-1.0));
#16112=DIRECTION('',(1.22464605849178E-16,1.0,1.88079096131566E-37));
#16113=DIRECTION('',(6.12323399573677E-17,-7.49898245719804E-33,1.0));
#16114=DIRECTION('',(-1.22464605849178E-16,-1.0,-7.10542735760101E-15));
#16115=DIRECTION('',(6.12323399573677E-17,-7.49898245719804E-33,1.0));
#16116=CARTESIAN_POINT('',(3.72499970661738,2.30000000000002,6.15000000000003));
#16117=DIRECTION('',(1.22464605849178E-16,1.0,1.88079096131395E-37));
#16118=DIRECTION('',(-6.12323399573677E-17,7.49898245719804E-33,-1.0));
#16119=CARTESIAN_POINT('',(3.72499970661738,1.50000000000002,6.15000000000003));
#16120=DIRECTION('',(1.22464605849178E-16,1.0,1.88079096131395E-37));
#16121=DIRECTION('',(-6.12323399573677E-17,7.49898245719804E-33,-1.0));
#16122=DIRECTION('',(1.22464605849178E-16,1.0,1.88079096131566E-37));
#16123=DIRECTION('',(1.0,-1.22464605849178E-16,2.30330323762219E-53));
#16124=DIRECTION('',(1.0,-1.22464605849178E-16,2.30330323762219E-53));
#16125=DIRECTION('',(-1.22464605849178E-16,-1.0,-1.88079096131566E-37));
#16126=CARTESIAN_POINT('',(1.27499970661738,1.75,5.25000000000003));
#16127=DIRECTION('',(1.22464605849178E-16,1.0,1.88079096131394E-37));
#16128=DIRECTION('',(-1.0,1.22464605849178E-16,6.12323399573677E-17));
#16129=DIRECTION('',(-1.22464605849178E-16,-1.0,-3.5527136788005E-15));
#16130=DIRECTION('',(-1.22464605849178E-16,-1.0,-1.88079096131566E-37));
#16131=DIRECTION('',(-1.22464605849178E-16,-1.0,-1.88079096131566E-37));
#16132=CARTESIAN_POINT('',(1.27499970661738,6.5,5.25000000000003));
#16133=DIRECTION('',(-1.22464605849178E-16,-1.0,-1.880790961314E-37));
#16134=DIRECTION('',(6.12323399573677E-17,-7.49898245719804E-33,1.0));
#16135=DIRECTION('',(1.0,-1.22464605849178E-16,-6.12323399573677E-17));
#16136=CARTESIAN_POINT('',(1.39999970661738,1.70000000000006,6.05));
#16137=DIRECTION('',(1.0,-1.22464605849178E-16,2.30330323762219E-53));
#16138=DIRECTION('',(1.22464605849178E-16,1.0,1.88079096131566E-37));
#16139=CARTESIAN_POINT('',(3.59999970661738,1.70000000000006,6.05));
#16140=DIRECTION('',(1.0,-1.22464605849178E-16,2.30330323762219E-53));
#16141=DIRECTION('',(1.22464605849178E-16,1.0,1.88079096131566E-37));
#16142=DIRECTION('',(-1.22464605849178E-16,-1.0,-1.88079096131566E-37));
#16143=DIRECTION('',(4.60660647524438E-53,1.88079096131566E-37,-1.0));
#16144=DIRECTION('',(1.22464605849178E-16,1.0,1.88079096131566E-37));
#16145=DIRECTION('',(-4.60660647524438E-53,-1.88079096131566E-37,1.0));
#16146=DIRECTION('',(-1.0,1.22464605849178E-16,-2.30330323762219E-53));
#16147=DIRECTION('',(-4.60660647524438E-53,-1.88079096131566E-37,1.0));
#16148=DIRECTION('',(1.0,-1.22464605849178E-16,2.30330323762219E-53));
#16149=DIRECTION('',(1.22464605849178E-16,1.0,1.88079096131566E-37));
#16150=DIRECTION('',(1.0,-1.22464605849178E-16,2.30330323762219E-53));
#16151=DIRECTION('',(-1.22464605849178E-16,-1.0,-1.88079096131566E-37));
#16152=DIRECTION('',(4.60660647524438E-53,1.88079096131566E-37,-1.0));
#16153=DIRECTION('',(-1.0,1.22464605849178E-16,-2.30330323762219E-53));
#16154=DIRECTION('',(4.60660647524438E-53,1.88079096131566E-37,-1.0));
#16155=DIRECTION('',(-1.0,-6.98296275175182E-15,-1.35941538742232E-51));
#16156=CARTESIAN_POINT('',(1.27499970661738,6.50000000000002,5.25000000000008));
#16157=DIRECTION('',(1.22464605849178E-16,1.0,9.62964972194359E-33));
#16158=DIRECTION('',(-0.646854310372035,7.92167581615531E-17,0.762613598851423));
#16159=DIRECTION('',(-1.0,-6.98296275175182E-15,-1.35941538742232E-51));
#16160=DIRECTION('',(-4.60660647524438E-53,-1.88079096131566E-37,1.0));
#16161=DIRECTION('',(1.22464605849178E-16,1.0,7.105427357601E-15));
#16162=DIRECTION('',(4.60660647524438E-53,1.88079096131566E-37,-1.0));
#16163=DIRECTION('',(4.60660647524438E-53,1.88079096131566E-37,-1.0));
#16164=DIRECTION('',(1.22464605849178E-16,1.0,7.105427357601E-15));
#16165=DIRECTION('',(4.60660647524438E-53,1.88079096131566E-37,-1.0));
#16166=DIRECTION('',(1.22464605849178E-16,1.0,1.88079096131566E-37));
#16167=DIRECTION('',(-1.0,1.22464605849178E-16,1.22464679914735E-16));
#16168=DIRECTION('',(-1.0,1.22464605849178E-16,-2.30330323762219E-53));
#16169=DIRECTION('',(-1.22464605849178E-16,-1.0,-1.88079096131566E-37));
#16170=DIRECTION('',(-1.0,1.22464605849178E-16,1.22464679914735E-16));
#16171=DIRECTION('',(-1.22464605849178E-16,-1.0,-1.88079096131566E-37));
#16172=DIRECTION('',(1.0,-1.22464605849178E-16,2.30330323762219E-53));
#16173=DIRECTION('',(1.0,-1.22464605849178E-16,2.30330323762219E-53));
#16174=DIRECTION('',(-4.60660647524438E-53,-1.88079096131566E-37,1.0));
#16175=DIRECTION('',(-4.60660647524438E-53,-1.88079096131566E-37,1.0));
#16176=DIRECTION('',(-1.22464605849178E-16,-1.0,-1.88079096131566E-37));
#16177=DIRECTION('',(-1.0,1.22464605849178E-16,-2.30330323762218E-53));
#16178=DIRECTION('',(5.4341695087026E-47,4.43734071107723E-31,1.0));
#16179=DIRECTION('',(-5.4558529036196E-47,-4.45504655740454E-31,-1.0));
#16180=CARTESIAN_POINT('',(1.27499970661738,1.75,5.25000000000003));
#16181=DIRECTION('',(1.22464605849178E-16,1.0,1.88079096131396E-37));
#16182=DIRECTION('',(-1.0,1.22464605849178E-16,6.12323399573677E-17));
#16183=DIRECTION('',(4.60660647524438E-53,1.88079096131566E-37,-1.0));
#16184=DIRECTION('',(4.60660647524438E-53,1.88079096131566E-37,-1.0));
#16185=DIRECTION('',(1.22464605849178E-16,1.0,7.105427357601E-15));
#16186=DIRECTION('',(1.22464605849178E-16,1.0,1.88079096131566E-37));
#16187=CARTESIAN_POINT('',(2.49999970661738,3.99999999999999,5.35000000000002));
#16188=DIRECTION('',(4.60660647524438E-53,1.88079096131566E-37,-1.0));
#16189=DIRECTION('',(1.22464605849178E-16,1.0,1.88079096131566E-37));
#16190=CARTESIAN_POINT('',(2.49999970661738,3.99999999999999,4.97125920269685));
#16191=DIRECTION('',(4.60660647524438E-53,1.88079096131566E-37,-1.0));
#16192=DIRECTION('',(1.22464605849178E-16,1.0,1.88079096131566E-37));
#16193=CARTESIAN_POINT('',(2.49999970661738,3.99999999999999,5.35000000000002));
#16194=DIRECTION('',(4.60660647524438E-53,1.88079096131566E-37,-1.0));
#16195=DIRECTION('',(1.22464605849178E-16,1.0,1.88079096131566E-37));
#16196=CARTESIAN_POINT('',(2.49999970661738,3.99999999999999,4.97125920269685));
#16197=DIRECTION('',(4.60660647524438E-53,1.88079096131566E-37,-1.0));
#16198=DIRECTION('',(1.22464605849178E-16,1.0,1.88079096131566E-37));
#16199=DIRECTION('',(-1.22464605849178E-16,-1.0,-1.88079096131566E-37));
#16200=DIRECTION('',(-4.60660647524438E-53,-1.88079096131566E-37,1.0));
#16201=DIRECTION('',(-4.60660647524438E-53,-1.88079096131566E-37,1.0));
#16202=DIRECTION('',(1.22464605849178E-16,1.0,1.88079096131566E-37));
#16203=DIRECTION('',(-4.60660647524438E-53,-1.88079096131566E-37,1.0));
#16204=DIRECTION('',(1.22464605849178E-16,1.0,1.88079096131566E-37));
#16205=DIRECTION('',(4.60660647524438E-53,1.88079096131566E-37,-1.0));
#16206=CARTESIAN_POINT('',(2.49999970661738,4.0,6.05));
#16207=DIRECTION('',(-4.60660647524438E-53,-1.88079096131566E-37,1.0));
#16208=DIRECTION('',(1.0,-1.22464605849178E-16,2.30330323762219E-53));
#16209=DIRECTION('',(-1.0,1.22464605849178E-16,1.22464679914735E-16));
#16210=DIRECTION('',(0.323615577118185,-0.889126490715988,0.323615577118185));
#16211=CARTESIAN_POINT('',(4.37499970661738,0.673550952893729,6.80000000000003));
#16212=DIRECTION('',(-0.16648836992716,0.971886436451293,-0.16648836992716));
#16213=DIRECTION('',(-0.687227489757938,-0.235450110728379,-0.687227489757938));
#16214=DIRECTION('',(0.323615577118185,-0.889126490715988,0.323615577118185));
#16215=DIRECTION('',(-2.78699586815266E-15,-1.0,-1.88079096131566E-37));
#16216=CARTESIAN_POINT('',(3.72499970661738,6.50000000000002,6.15000000000003));
#16217=DIRECTION('',(-2.78699986494956E-15,-1.0,3.60370767039784E-31));
#16218=DIRECTION('',(-1.0,2.78699986494956E-15,6.12323399573677E-17));
#16219=DIRECTION('',(-2.78699586815266E-15,-1.0,-1.88079096131566E-37));
#16220=DIRECTION('',(-2.78699586815266E-15,-1.0,-1.88079096131566E-37));
#16221=CARTESIAN_POINT('',(3.72499970661737,1.50000000000002,6.15000000000003));
#16222=DIRECTION('',(1.22464605849178E-16,1.0,1.88079096131395E-37));
#16223=DIRECTION('',(1.0,-1.22464605849178E-16,-6.12323399573677E-17));
#16224=DIRECTION('',(0.342020143325669,-0.939692620785908,-1.76736538758916E-37));
#16225=CARTESIAN_POINT('',(3.72499970661738,0.55893841543323,1.8));
#16226=DIRECTION('',(0.17364817766693,-0.984807753012208,-1.85221752049895E-37));
#16227=DIRECTION('',(-0.984807753012208,-0.17364817766693,-3.26595923004898E-38));
#16228=DIRECTION('',(-1.22464605849178E-16,-1.0,-1.88079096131566E-37));
#16229=DIRECTION('',(-1.22464605849178E-16,-1.0,-1.88079096131566E-37));
#16230=CARTESIAN_POINT('',(3.72499970661738,1.50000000000002,1.8));
#16231=DIRECTION('',(-1.22464605849178E-16,-1.0,-1.88079096131566E-37));
#16232=DIRECTION('',(4.60660647524438E-53,1.88079096131566E-37,-1.0));
#16233=DIRECTION('',(4.60660647524438E-53,1.88079096131566E-37,-1.0));
#16234=DIRECTION('',(1.22464605849178E-16,1.0,1.88079096131566E-37));
#16235=DIRECTION('',(4.60660647524438E-53,1.88079096131566E-37,-1.0));
#16236=DIRECTION('',(4.60660647524438E-53,1.88079096131566E-37,-1.0));
#16237=CARTESIAN_POINT('',(4.37499970661738,6.50000000000002,6.80000000000003));
#16238=DIRECTION('',(1.22464605849178E-16,1.0,1.88079096131566E-37));
#16239=DIRECTION('',(-4.60660647524438E-53,-1.88079096131566E-37,1.0));
#16240=DIRECTION('',(-1.0,1.22464605849178E-16,-2.30330323762219E-53));
#16241=CARTESIAN_POINT('',(4.37499970661738,1.11212161291819,6.80000000000003));
#16242=DIRECTION('',(-0.939692620785908,-0.342020143325669,-6.43268394154805E-38));
#16243=DIRECTION('',(-0.342020143325669,0.939692620785908,1.76736538758916E-37));
#16244=DIRECTION('',(1.22464605849178E-16,1.0,1.88079096131566E-37));
#16245=CARTESIAN_POINT('',(4.37499970661738,1.11212161291819,6.80000000000003));
#16246=DIRECTION('',(-4.18853620448574E-17,-0.342020143325669,-0.939692620785908));
#16247=DIRECTION('',(1.15079086423927E-16,0.939692620785908,-0.342020143325669));
#16248=DIRECTION('',(1.0,-1.22464605849178E-16,2.30330323762219E-53));
#16249=DIRECTION('',(1.0,-1.22464605849178E-16,2.30330323762219E-53));
#16250=DIRECTION('',(0.323615577118185,0.889126490715988,-0.323615577118185));
#16251=DIRECTION('',(0.342020143325669,0.939692620785908,1.76736538758916E-37));
#16252=DIRECTION('',(0.342020143325669,0.939692620785908,1.76736538758916E-37));
#16253=CARTESIAN_POINT('',(1.27499970661738,0.55893841543323,1.8));
#16254=DIRECTION('',(0.17364817766693,0.984807753012208,1.85221752049895E-37));
#16255=DIRECTION('',(0.984807753012208,-0.17364817766693,-3.26595923004897E-38));
#16256=DIRECTION('',(-1.22464605849178E-16,-1.0,-1.88079096131566E-37));
#16257=CARTESIAN_POINT('',(1.27499970661738,1.50000000000002,1.8));
#16258=DIRECTION('',(-1.22464605849178E-16,-1.0,-1.88079096131566E-37));
#16259=DIRECTION('',(4.60660647524438E-53,1.88079096131566E-37,-1.0));
#16260=DIRECTION('',(1.0,-1.22464605849178E-16,2.30330323762219E-53));
#16261=DIRECTION('',(1.0,-1.22464605849178E-16,2.30330323762219E-53));
#16262=DIRECTION('',(1.22464605849178E-16,1.0,1.88079096131566E-37));
#16263=DIRECTION('',(1.22464605849178E-16,1.0,1.88079096131566E-37));
#16264=DIRECTION('',(1.0,-1.22464605849178E-16,2.30330323762219E-53));
#16265=DIRECTION('',(1.22464605849178E-16,1.0,1.88079096131566E-37));
#16266=DIRECTION('',(-1.0,1.22464605849178E-16,-2.30330323762219E-53));
#16267=DIRECTION('',(-1.22464605849178E-16,-1.0,-1.88079096131566E-37));
#16268=DIRECTION('',(-0.872506015949722,1.06851105344319E-16,0.48860336893184));
#16269=DIRECTION('',(-1.0,1.22464605849178E-16,-2.30330323762219E-53));
#16270=DIRECTION('',(4.60660647524438E-53,1.88079096131566E-37,-1.0));
#16271=DIRECTION('',(-1.22464605849178E-16,-1.0,-1.88079096131566E-37));
#16272=DIRECTION('',(4.60660647524438E-53,1.88079096131566E-37,-1.0));
#16273=DIRECTION('',(1.22464605849178E-16,1.0,1.88079096131566E-37));
#16274=DIRECTION('',(6.12323399573677E-17,-7.49898245719804E-33,1.0));
#16275=DIRECTION('',(-6.12323399573677E-17,7.49898245719804E-33,-1.0));
#16276=DIRECTION('',(-1.0,1.22464605849178E-16,-2.30330323762219E-53));
#16277=DIRECTION('',(-0.87250601594972,1.06851105344319E-16,-0.488603368931843));
#16278=DIRECTION('',(-1.22464605849178E-16,-1.0,-1.88079096131566E-37));
#16279=DIRECTION('',(-1.22464605849178E-16,-1.0,-1.88079096131566E-37));
#16280=DIRECTION('',(-4.60660647524438E-53,-1.88079096131566E-37,1.0));
#16281=DIRECTION('',(0.29568372807112,-0.955285890691349,-1.79669306868467E-37));
#16282=DIRECTION('',(4.60660647524438E-53,1.88079096131566E-37,-1.0));
#16283=DIRECTION('',(-0.29568372807112,0.955285890691349,1.79669306868467E-37));
#16284=DIRECTION('',(4.55531513236725E-16,1.0,1.88079096131566E-37));
#16285=DIRECTION('',(-4.55531513236725E-16,-1.0,-1.88079096131566E-37));
#16286=DIRECTION('',(4.60660647524438E-53,1.88079096131566E-37,-1.0));
#16287=DIRECTION('',(1.0,-1.22464605849178E-16,2.30330323762219E-53));
#16288=DIRECTION('',(-1.0,-2.24779413101436E-16,-8.83423735975458E-53));
#16289=DIRECTION('',(-1.0,4.69708624799792E-16,4.2276308845102E-53));
#16290=DIRECTION('',(4.60660647524438E-53,1.88079096131566E-37,-1.0));
#16291=DIRECTION('',(-1.22464605849178E-16,-1.0,-1.88079096131566E-37));
#16292=DIRECTION('',(0.295683728071119,0.955285890691349,1.79669306868467E-37));
#16293=DIRECTION('',(-2.10602301538369E-16,1.0,1.88079096131566E-37));
#16294=DIRECTION('',(4.60660647524438E-53,1.88079096131566E-37,-1.0));
#16295=DIRECTION('',(-1.22464605849178E-16,-1.0,-1.88079096131566E-37));
#16296=DIRECTION('',(-1.22464605849178E-16,-1.0,-1.88079096131566E-37));
#16297=DIRECTION('',(4.60660647524438E-53,1.88079096131566E-37,-1.0));
#16298=DIRECTION('',(-1.15052781508094E-15,2.33146835171283E-15,-1.0));
#16299=CARTESIAN_POINT('',(17.4999997066174,3.99999999999994,6.0499999999999));
#16300=DIRECTION('',(1.15052781508094E-15,-2.33146835171283E-15,1.0));
#16301=DIRECTION('',(1.0,-1.46607561895284E-15,-1.15052781508094E-15));
#16302=DIRECTION('',(1.0,-1.46607561895284E-15,-1.21176015503831E-15));
#16303=CARTESIAN_POINT('',(17.1499997066174,4.00000000000001,-3.1000000000001));
#16304=DIRECTION('',(-1.0,1.46607561895284E-15,1.21176015503831E-15));
#16305=DIRECTION('',(1.2117601550383E-15,-2.33146835171283E-15,1.0));
#16306=DIRECTION('',(-1.0,1.46607561895284E-15,1.21176015503831E-15));
#16307=CARTESIAN_POINT('',(17.8499997066174,4.00000000000001,-3.1000000000001));
#16308=DIRECTION('',(1.0,-1.46607561895284E-15,-1.21176015503831E-15));
#16309=DIRECTION('',(-1.2117601550383E-15,2.33146835171283E-15,-1.0));
#16310=DIRECTION('',(-1.15052781508094E-15,2.33146835171283E-15,-1.0));
#16311=CARTESIAN_POINT('',(17.4999997066174,3.99999999999993,11.4999999999999));
#16312=DIRECTION('',(1.15052781508094E-15,-2.33146835171283E-15,1.0));
#16313=DIRECTION('',(0.866025403784439,0.499999999999999,1.69347860235715E-16));
#16314=DIRECTION('',(1.15052781508094E-15,-2.33146835171283E-15,1.0));
#16315=CARTESIAN_POINT('',(17.4999997066174,3.99999999999993,10.5999999999999));
#16316=DIRECTION('',(1.15052781508094E-15,-2.33146835171283E-15,1.0));
#16317=DIRECTION('',(0.866025403784439,0.499999999999999,1.69347860235715E-16));
#16318=DIRECTION('',(1.15052781508094E-15,-2.33146835171283E-15,1.0));
#16319=CARTESIAN_POINT('',(17.4999997066174,3.99999999999993,9.69999999999991));
#16320=DIRECTION('',(1.15052781508094E-15,-2.33146835171283E-15,1.0));
#16321=DIRECTION('',(0.866025403784439,0.499999999999999,1.69347860235715E-16));
#16322=DIRECTION('',(1.15052781508094E-15,-2.33146835171283E-15,1.0));
#16323=CARTESIAN_POINT('',(17.4999997066174,3.99999999999993,10.5999999999999));
#16324=DIRECTION('',(1.15052781508094E-15,-2.33146835171283E-15,1.0));
#16325=DIRECTION('',(0.866025403784439,0.499999999999999,1.69347860235715E-16));
#16326=DIRECTION('',(1.0,-1.46607561895284E-15,-1.15052781508094E-15));
#16327=DIRECTION('',(-1.15052781508094E-15,2.33146835171283E-15,-1.0));
#16328=DIRECTION('',(1.0,-1.46607561895284E-15,-1.15052781508094E-15));
#16329=DIRECTION('',(-1.15052781508094E-15,2.33146835171283E-15,-1.0));
#16330=DIRECTION('',(-0.872506015949721,1.39996506168712E-16,0.488603368931841));
#16331=DIRECTION('',(1.0,-1.46607561895284E-15,-1.15052781508094E-15));
#16332=CARTESIAN_POINT('',(16.0715627606118,-4.84057238736568E-14,1.79999999999989));
#16333=DIRECTION('',(-1.46607561895284E-15,-1.0,-2.33146835171283E-15));
#16334=DIRECTION('',(1.0,-1.46607561895284E-15,-1.15052781508094E-15));
#16335=DIRECTION('',(-1.15052781508094E-15,2.33146835171283E-15,-1.0));
#16336=DIRECTION('',(1.0,-1.46607561895284E-15,-1.15052781508094E-15));
#16337=CARTESIAN_POINT('',(19.6201522047324,-6.43929354282591E-14,7.04515249811488));
#16338=DIRECTION('',(-1.46607561895284E-15,-1.0,-2.33146835171283E-15));
#16339=DIRECTION('',(0.707106781186549,-2.68526909351178E-15,0.707106781186546));
#16340=DIRECTION('',(-1.15052781508094E-15,2.33146835171283E-15,-1.0));
#16341=CARTESIAN_POINT('',(18.928436652623,-5.19584375524573E-14,1.79999999999989));
#16342=DIRECTION('',(-1.46607561895284E-15,-1.0,-2.33146835171283E-15));
#16343=DIRECTION('',(1.0,-1.46607561895284E-15,-1.15052781508094E-15));
#16344=DIRECTION('',(1.0,-1.46607561895284E-15,-1.15052781508094E-15));
#16345=DIRECTION('',(-0.872506015949721,2.41832308857842E-15,-0.488603368931842));
#16346=DIRECTION('',(1.15052781508094E-15,-2.33146835171283E-15,1.0));
#16347=DIRECTION('',(1.0,-1.46607561895284E-15,-1.15052781508094E-15));
#16348=DIRECTION('',(-1.15052781508094E-15,2.33146835171283E-15,-1.0));
#16349=CARTESIAN_POINT('',(17.4999997066174,3.99999999999993,11.4999999999999));
#16350=DIRECTION('',(1.15052781508094E-15,-2.33146835171283E-15,1.0));
#16351=DIRECTION('',(0.866025403784439,0.499999999999999,1.69347860235715E-16));
#16352=DIRECTION('',(1.0,-1.46607561895284E-15,-1.15052781508094E-15));
#16353=DIRECTION('',(-1.46607561895284E-15,-1.0,-2.33146835171283E-15));
#16354=DIRECTION('',(1.0,-1.46607561895284E-15,-1.15052781508094E-15));
#16355=DIRECTION('',(1.46607561895284E-15,1.0,2.33146835171283E-15));
#16356=DIRECTION('',(-1.46607561895284E-15,-1.0,-2.33146835171283E-15));
#16357=DIRECTION('',(-1.15052781508094E-15,2.33146835171283E-15,-1.0));
#16358=DIRECTION('',(1.46607561895284E-15,1.0,2.33146835171283E-15));
#16359=DIRECTION('',(1.15052781508094E-15,-2.33146835171283E-15,1.0));
#16360=DIRECTION('',(1.0,-1.46607561895284E-15,-1.15052781508094E-15));
#16361=DIRECTION('',(-1.0,1.46607561895284E-15,1.15052781508094E-15));
#16362=DIRECTION('',(1.15052781508094E-15,-2.33146835171283E-15,1.0));
#16363=DIRECTION('',(1.0,-1.46607561895284E-15,-1.15052781508094E-15));
#16364=DIRECTION('',(1.46607561895284E-15,1.0,2.33146835171283E-15));
#16365=DIRECTION('',(1.0,-1.46607561895284E-15,-1.21176015503831E-15));
#16366=DIRECTION('',(1.46607561895284E-15,1.0,2.33146835171283E-15));
#16367=DIRECTION('',(-1.0,1.46607561895284E-15,1.27299249499568E-15));
#16368=DIRECTION('',(1.46607561895284E-15,1.0,2.33146835171283E-15));
#16369=DIRECTION('',(-1.0,1.46607561895284E-15,1.27299249499568E-15));
#16370=DIRECTION('',(-1.46607561895284E-15,-1.0,-2.33146835171283E-15));
#16371=DIRECTION('',(-1.0,1.46607561895284E-15,1.15052781508094E-15));
#16372=DIRECTION('',(-1.46607561895284E-15,-1.0,-2.33146835171283E-15));
#16373=DIRECTION('',(1.15052781508094E-15,-2.33146835171283E-15,1.0));
#16374=DIRECTION('',(1.46607561895285E-15,1.0,9.43689570931383E-15));
#16375=DIRECTION('',(-1.15052781508094E-15,2.33146835171283E-15,-1.0));
#16376=DIRECTION('',(-1.15052781508094E-15,2.33146835171283E-15,-1.0));
#16377=DIRECTION('',(1.46607561895285E-15,1.0,9.43689570931383E-15));
#16378=DIRECTION('',(1.15052781508094E-15,-2.33146835171283E-15,1.0));
#16379=DIRECTION('',(-1.46607561895284E-15,-1.0,-2.33146835171283E-15));
#16380=DIRECTION('',(-1.15052781508094E-15,2.33146835171283E-15,-1.0));
#16381=CARTESIAN_POINT('',(18.5999997066174,1.7,6.04999999999989));
#16382=DIRECTION('',(1.0,-1.46607561895284E-15,-1.15052781508094E-15));
#16383=DIRECTION('',(1.46607561895284E-15,1.0,2.33146835171283E-15));
#16384=DIRECTION('',(1.15052781508098E-15,2.55827105531482E-14,1.0));
#16385=CARTESIAN_POINT('',(18.5999997066174,1.69999999999998,5.39565677580967));
#16386=DIRECTION('',(1.0,-1.46607561895284E-15,-1.15052781508094E-15));
#16387=DIRECTION('',(1.46607561895284E-15,1.0,2.33146835171283E-15));
#16388=DIRECTION('',(3.0681765798435E-16,0.738451650350649,-0.674306428928572));
#16389=CARTESIAN_POINT('',(18.5999997066174,3.97713350653414,4.39967313539747));
#16390=DIRECTION('',(1.0,-1.46607561895284E-15,-1.15052781508094E-15));
#16391=DIRECTION('',(1.46607561895284E-15,1.0,2.33146835171283E-15));
#16392=DIRECTION('',(1.83824812248406E-15,0.826807296245543,0.562485284140959));
#16393=DIRECTION('',(1.0,-1.46607561895284E-15,-1.15052781508094E-15));
#16394=DIRECTION('',(1.2117601550383E-15,-2.33146835171283E-15,1.0));
#16395=CARTESIAN_POINT('',(18.7249997066174,2.29999999999996,6.14999999999992));
#16396=DIRECTION('',(1.46607561895284E-15,1.0,2.33146835171283E-15));
#16397=DIRECTION('',(-1.2117601550383E-15,2.33146835171283E-15,-1.0));
#16398=CARTESIAN_POINT('',(16.3999997066174,1.7,6.0499999999999));
#16399=DIRECTION('',(1.0,-1.46607561895284E-15,-1.15052781508094E-15));
#16400=DIRECTION('',(1.46607561895284E-15,1.0,2.33146835171283E-15));
#16401=DIRECTION('',(1.0,-1.46607561895284E-15,-1.15052781508094E-15));
#16402=DIRECTION('',(-1.0,1.46607561895284E-15,1.15052781508094E-15));
#16403=DIRECTION('',(-1.15052781508098E-15,-2.55827105531482E-14,-1.0));
#16404=DIRECTION('',(-1.0,1.46607561895284E-15,1.15052781508094E-15));
#16405=CARTESIAN_POINT('',(16.3999997066174,1.69999999999998,5.39565677580967));
#16406=DIRECTION('',(1.0,-1.46607561895284E-15,-1.15052781508094E-15));
#16407=DIRECTION('',(1.46607561895284E-15,1.0,2.33146835171283E-15));
#16408=DIRECTION('',(-3.0681765798435E-16,-0.738451650350649,0.674306428928572));
#16409=DIRECTION('',(-1.0,1.46607561895284E-15,1.15052781508094E-15));
#16410=CARTESIAN_POINT('',(16.3999997066174,3.97713350653415,4.39967313539747));
#16411=DIRECTION('',(1.0,-1.46607561895284E-15,-1.15052781508094E-15));
#16412=DIRECTION('',(1.46607561895284E-15,1.0,2.33146835171283E-15));
#16413=DIRECTION('',(-1.0,1.46607561895284E-15,1.15052781508094E-15));
#16414=DIRECTION('',(-1.83824812248406E-15,-0.826807296245543,-0.562485284140959));
#16415=DIRECTION('',(-1.0,1.46607561895284E-15,1.15052781508094E-15));
#16416=DIRECTION('',(1.0,-1.46607561895284E-15,-1.15052781508094E-15));
#16417=CARTESIAN_POINT('',(18.7249997066175,6.49999999999997,1.79999999999987));
#16418=DIRECTION('',(1.46607561895284E-15,1.0,2.33146835171283E-15));
#16419=DIRECTION('',(1.0,-1.46607561895357E-15,3.1187113278953E-13));
#16420=DIRECTION('',(1.2117601550383E-15,-2.33146835171283E-15,1.0));
#16421=DIRECTION('',(-1.0,-5.63935173864816E-15,1.15052781508092E-15));
#16422=DIRECTION('',(-1.15052781508094E-15,2.33146835171283E-15,-1.0));
#16423=DIRECTION('',(-1.0,-5.63935173864816E-15,1.15052781508092E-15));
#16424=CARTESIAN_POINT('',(16.2749997066174,6.49999999999996,5.24999999999999));
#16425=DIRECTION('',(1.46607561895284E-15,1.0,2.33146835171283E-15));
#16426=DIRECTION('',(-0.646854310372034,-8.29672136856926E-16,0.762613598851424));
#16427=DIRECTION('',(1.15052781508094E-15,-2.33146835171283E-15,1.0));
#16428=CARTESIAN_POINT('',(16.2749997066174,6.49999999999997,1.79999999999991));
#16429=DIRECTION('',(-1.46607561895284E-15,-1.0,-2.33146835171283E-15));
#16430=DIRECTION('',(-0.76261359885168,2.62616955675905E-15,-0.646854310371732));
#16431=DIRECTION('',(-1.0,1.46607561895284E-15,1.15052781508094E-15));
#16432=DIRECTION('',(-1.15052781508094E-15,2.33146835171283E-15,-1.0));
#16433=CARTESIAN_POINT('',(18.7249997066174,1.49999999999997,1.79999999999989));
#16434=DIRECTION('',(1.46607561895284E-15,1.0,2.33146835171283E-15));
#16435=DIRECTION('',(-1.2117601550383E-15,2.33146835171283E-15,-1.0));
#16436=DIRECTION('',(-1.46607561895284E-15,-1.0,-2.33146835171283E-15));
#16437=DIRECTION('',(1.46607561895284E-15,1.0,2.33146835171283E-15));
#16438=DIRECTION('',(-1.0,1.46607561895284E-15,1.15052781508094E-15));
#16439=DIRECTION('',(1.46607561895285E-15,1.0,9.43689570931384E-15));
#16440=DIRECTION('',(-1.0,1.46607561895284E-15,1.15052781508094E-15));
#16441=DIRECTION('',(1.21176015503829E-15,-9.43689570931383E-15,1.0));
#16442=DIRECTION('',(-1.2117601550383E-15,2.33146835171283E-15,-1.0));
#16443=DIRECTION('',(1.46607561895284E-15,1.0,2.33146835171283E-15));
#16444=DIRECTION('',(-1.46607561895285E-15,-1.0,-9.43689570931384E-15));
#16445=CARTESIAN_POINT('',(18.7249997066174,1.49999999999996,6.14999999999992));
#16446=DIRECTION('',(1.46607561895284E-15,1.0,2.33146835171283E-15));
#16447=DIRECTION('',(-1.2117601550383E-15,2.33146835171283E-15,-1.0));
#16448=DIRECTION('',(-1.46607561895284E-15,-1.0,-2.33146835171283E-15));
#16449=DIRECTION('',(1.0,-1.46607561895284E-15,-1.15052781508094E-15));
#16450=CARTESIAN_POINT('',(17.4999997066174,3.99999999999993,5.34999999999992));
#16451=DIRECTION('',(-1.15052781508094E-15,2.33146835171283E-15,-1.0));
#16452=DIRECTION('',(1.46607561895284E-15,1.0,2.33146835171283E-15));
#16453=CARTESIAN_POINT('',(17.4999997066174,3.99999999999994,4.97125920269675));
#16454=DIRECTION('',(-1.15052781508094E-15,2.33146835171283E-15,-1.0));
#16455=DIRECTION('',(1.46607561895284E-15,1.0,2.33146835171283E-15));
#16456=DIRECTION('',(1.0,-1.46607561895284E-15,-1.15052781508094E-15));
#16457=DIRECTION('',(1.15052781508094E-15,-2.33146835171283E-15,1.0));
#16458=CARTESIAN_POINT('',(16.2749997066174,1.49999999999997,1.79999999999989));
#16459=DIRECTION('',(-1.46607561895284E-15,-1.0,-2.33146835171283E-15));
#16460=DIRECTION('',(1.2117601550383E-15,-2.33146835171283E-15,1.0));
#16461=DIRECTION('',(1.08929547512356E-15,-1.0132583004331E-14,1.0));
#16462=DIRECTION('',(1.0,-1.46607561895284E-15,-1.08929547512357E-15));
#16463=DIRECTION('',(1.15052781508094E-15,-2.33146835171283E-15,1.0));
#16464=CARTESIAN_POINT('',(16.2749997066174,1.49999999999997,1.79999999999989));
#16465=DIRECTION('',(-1.46607561895284E-15,-1.0,-2.33146835171283E-15));
#16466=DIRECTION('',(-1.15052781508094E-15,2.33146835171283E-15,-1.0));
#16467=DIRECTION('',(1.0,-1.46607561895284E-15,-1.15052781508094E-15));
#16468=CARTESIAN_POINT('',(18.7249997066174,1.49999999999997,1.79999999999989));
#16469=DIRECTION('',(-1.46607561895284E-15,-1.0,-2.33146835171283E-15));
#16470=DIRECTION('',(-1.15052781508094E-15,2.33146835171283E-15,-1.0));
#16471=DIRECTION('',(-1.15052781508094E-15,2.33146835171283E-15,-1.0));
#16472=CARTESIAN_POINT('',(18.7249997066174,1.49999999999996,6.14999999999992));
#16473=DIRECTION('',(1.46607561895284E-15,1.0,2.33146835171283E-15));
#16474=DIRECTION('',(1.0,-1.46607561895284E-15,-1.21176015503831E-15));
#16475=DIRECTION('',(1.46607561895284E-15,1.0,2.33146835171283E-15));
#16476=CARTESIAN_POINT('',(19.3749997066174,6.49999999999996,6.79999999999993));
#16477=DIRECTION('',(1.46607561895284E-15,1.0,2.33146835171283E-15));
#16478=DIRECTION('',(1.15052781508094E-15,-2.33146835171283E-15,1.0));
#16479=DIRECTION('',(1.46607561895284E-15,1.0,2.33146835171283E-15));
#16480=CARTESIAN_POINT('',(19.3749997066174,1.11212161291813,6.79999999999992));
#16481=DIRECTION('',(-0.939692620785909,-0.342020143325668,2.8373335802841E-16));
#16482=DIRECTION('',(-0.342020143325668,0.939692620785909,2.58436729391458E-15));
#16483=CARTESIAN_POINT('',(19.3749997066174,0.673550952893665,6.79999999999992));
#16484=DIRECTION('',(-0.166488369927159,0.971886436451294,-0.166488369927158));
#16485=DIRECTION('',(-0.687227489757939,-0.235450110728376,-0.687227489757938));
#16486=CARTESIAN_POINT('',(19.3749997066174,1.11212161291813,6.79999999999992));
#16487=DIRECTION('',(-1.58256989116101E-15,-0.342020143325667,-0.939692620785909));
#16488=DIRECTION('',(9.84156752429966E-16,0.939692620785909,-0.342020143325667));
#16489=CARTESIAN_POINT('',(18.7249997066174,6.49999999999996,6.14999999999993));
#16490=DIRECTION('',(-4.13061087805322E-15,-1.0,-2.33146835171283E-15));
#16491=DIRECTION('',(-1.0,4.13061087805322E-15,1.21176015503831E-15));
#16492=DIRECTION('',(-1.15052781508094E-15,2.33146835171283E-15,-1.0));
#16493=DIRECTION('',(-1.0,1.46607561895284E-15,1.15052781508094E-15));
#16494=DIRECTION('',(-4.13060688125632E-15,-1.0,-2.33146835171283E-15));
#16495=DIRECTION('',(-4.13060688125632E-15,-1.0,-2.33146835171283E-15));
#16496=DIRECTION('',(-4.13060688125632E-15,-1.0,-2.33146835171283E-15));
#16497=DIRECTION('',(1.0,-1.46607561895284E-15,-1.15052781508094E-15));
#16498=DIRECTION('',(1.46607561895284E-15,1.0,2.33146835171283E-15));
#16499=DIRECTION('',(0.323615577118184,-0.889126490715989,0.323615577118183));
#16500=DIRECTION('',(0.323615577118186,0.889126490715988,-0.323615577118183));
#16501=DIRECTION('',(1.46607561895284E-15,1.0,2.33146835171283E-15));
#16502=DIRECTION('',(-1.46607561895284E-15,-1.0,-2.33146835171283E-15));
#16503=DIRECTION('',(1.0,-1.46607561895284E-15,-1.15052781508094E-15));
#16504=DIRECTION('',(1.15052781508094E-15,-2.33146835171283E-15,1.0));
#16505=DIRECTION('',(1.0,-1.46607561895284E-15,-1.15052781508094E-15));
#16506=DIRECTION('',(1.0,-1.46607561895284E-15,-1.15052781508094E-15));
#16507=DIRECTION('',(-1.0,1.46607561895284E-15,1.15052781508094E-15));
#16508=DIRECTION('',(1.2117601550383E-15,-2.33146835171283E-15,1.0));
#16509=DIRECTION('',(-1.2117601550383E-15,2.33146835171283E-15,-1.0));
#16510=DIRECTION('',(1.0,-1.46607561895284E-15,-1.15052781508094E-15));
#16511=DIRECTION('',(1.46607561895284E-15,1.0,2.33146835171283E-15));
#16512=DIRECTION('',(1.46607561895284E-15,1.0,2.33146835171283E-15));
#16513=DIRECTION('',(1.0,-1.46607561895284E-15,-1.15052781508094E-15));
#16514=DIRECTION('',(1.46607561895284E-15,1.0,2.33146835171283E-15));
#16515=DIRECTION('',(-1.0,1.46607561895284E-15,1.15052781508094E-15));
#16516=DIRECTION('',(-1.46607561895284E-15,-1.0,-2.33146835171283E-15));
#16517=DIRECTION('',(-1.46607561895284E-15,-1.0,-2.33146835171283E-15));
#16518=CARTESIAN_POINT('',(18.7249997066174,0.558938415433178,1.79999999999989));
#16519=DIRECTION('',(0.173648177666929,-0.984807753012208,-2.49583516711331E-15));
#16520=DIRECTION('',(-0.984807753012208,-0.173648177666929,7.28193481784852E-16));
#16521=DIRECTION('',(-1.46607561895284E-15,-1.0,-2.33146835171283E-15));
#16522=DIRECTION('',(-1.46607561895284E-15,-1.0,-2.33146835171283E-15));
#16523=DIRECTION('',(-1.0,1.46607561895284E-15,1.15052781508094E-15));
#16524=DIRECTION('',(1.46607561895284E-15,1.0,2.33146835171283E-15));
#16525=DIRECTION('',(-1.46607561895284E-15,-1.0,-2.33146835171283E-15));
#16526=DIRECTION('',(0.295683728071119,-0.955285890691349,-2.56741117459733E-15));
#16527=DIRECTION('',(1.46607561895284E-15,1.0,2.33146835171283E-15));
#16528=DIRECTION('',(-1.46607561895284E-15,-1.0,-2.33146835171283E-15));
#16529=DIRECTION('',(1.46607561895284E-15,1.0,2.33146835171283E-15));
#16530=DIRECTION('',(-1.46607561895284E-15,-1.0,-2.33146835171283E-15));
#16531=DIRECTION('',(0.295683728071121,0.955285890691349,1.88702646737203E-15));
#16532=DIRECTION('',(1.46607561895284E-15,1.0,2.33146835171283E-15));
#16533=DIRECTION('',(-1.46607561895284E-15,-1.0,-2.33146835171283E-15));
#16534=DIRECTION('',(-1.0,1.11883160000223E-15,1.15052781508094E-15));
#16535=DIRECTION('',(-1.2117601550383E-15,2.33146835171283E-15,-1.0));
#16536=DIRECTION('',(-1.15052781508094E-15,2.33146835171283E-15,-1.0));
#16537=DIRECTION('',(-1.0,1.81331963790345E-15,1.15052781508094E-15));
#16538=DIRECTION('',(-1.15052781508094E-15,2.33146835171283E-15,-1.0));
#16539=DIRECTION('',(1.0,-1.46607561895284E-15,-1.15052781508094E-15));
#16540=DIRECTION('',(1.15052781508094E-15,-2.33146835171283E-15,1.0));
#16541=DIRECTION('',(-1.15052781508094E-15,2.33146835171283E-15,-1.0));
#16542=DIRECTION('',(-1.0,1.46607561895284E-15,1.21176015503831E-15));
#16543=DIRECTION('',(-1.2117601550383E-15,2.33146835171283E-15,-1.0));
#16544=DIRECTION('',(1.15052781508094E-15,-2.33146835171283E-15,1.0));
#16545=DIRECTION('',(1.0,-1.46607561895284E-15,-1.15052781508094E-15));
#16546=DIRECTION('',(-1.15052781508094E-15,2.33146835171283E-15,-1.0));
#16547=DIRECTION('',(1.46607561895284E-15,1.0,2.33146835171283E-15));
#16548=DIRECTION('',(1.0,-1.46607561895284E-15,-1.15052781508094E-15));
#16549=DIRECTION('',(-1.46607561895284E-15,-1.0,-2.33146835171283E-15));
#16550=DIRECTION('',(1.0,-1.46607561895284E-15,-1.15052781508094E-15));
#16551=CARTESIAN_POINT('',(17.4999997066174,3.99999999999993,10.5999999999999));
#16552=DIRECTION('',(1.15052781508094E-15,-2.33146835171283E-15,1.0));
#16553=DIRECTION('',(0.866025403784439,0.499999999999999,1.69347860235715E-16));
#16554=DIRECTION('',(1.15052781508094E-15,-2.33146835171283E-15,1.0));
#16555=CARTESIAN_POINT('',(17.4999997066174,3.99999999999993,9.69999999999991));
#16556=DIRECTION('',(1.15052781508094E-15,-2.33146835171283E-15,1.0));
#16557=DIRECTION('',(0.866025403784439,0.499999999999999,1.69347860235715E-16));
#16558=CARTESIAN_POINT('',(17.4999997066174,3.99999999999993,10.5999999999999));
#16559=DIRECTION('',(1.15052781508094E-15,-2.33146835171283E-15,1.0));
#16560=DIRECTION('',(0.866025403784439,0.499999999999999,1.69347860235715E-16));
#16561=DIRECTION('',(1.15052781508094E-15,-2.33146835171283E-15,1.0));
#16562=DIRECTION('',(1.15052781508094E-15,-2.33146835171283E-15,1.0));
#16563=DIRECTION('',(0.34202014332567,0.939692620785908,1.79735991748628E-15));
#16564=DIRECTION('',(0.34202014332567,0.939692620785908,1.79735991748628E-15));
#16565=CARTESIAN_POINT('',(16.2749997066174,0.558938415433182,1.79999999999989));
#16566=DIRECTION('',(0.173648177666931,0.984807753012208,2.09626105022547E-15));
#16567=DIRECTION('',(0.984807753012208,-0.173648177666931,-1.53790394291096E-15));
#16568=DIRECTION('',(-1.15052781508094E-15,2.33146835171283E-15,-1.0));
#16569=DIRECTION('',(1.46607561895284E-15,1.0,2.33146835171283E-15));
#16570=DIRECTION('',(1.2117601550383E-15,-2.33146835171283E-15,1.0));
#16571=DIRECTION('',(1.15052781508094E-15,-2.33146835171283E-15,1.0));
#16572=DIRECTION('',(1.15052781508094E-15,-2.33146835171283E-15,1.0));
#16573=DIRECTION('',(0.295683728071119,-0.955285890691349,-2.56741117459733E-15));
#16574=DIRECTION('',(-1.15052781508094E-15,2.33146835171283E-15,-1.0));
#16575=DIRECTION('',(-0.295683728071119,0.955285890691349,2.56741117459733E-15));
#16576=CARTESIAN_POINT('',(17.8499997066174,4.00000000000001,-3.1000000000001));
#16577=DIRECTION('',(1.0,-1.46607561895284E-15,-1.21176015503831E-15));
#16578=DIRECTION('',(-1.2117601550383E-15,2.33146835171283E-15,-1.0));
#16579=CARTESIAN_POINT('',(17.1499997066174,4.00000000000001,-3.1000000000001));
#16580=DIRECTION('',(-1.0,1.46607561895284E-15,1.21176015503831E-15));
#16581=DIRECTION('',(1.2117601550383E-15,-2.33146835171283E-15,1.0));
#16582=DIRECTION('',(-1.46607561895284E-15,-1.0,-2.33146835171283E-15));
#16583=CARTESIAN_POINT('',(15.4749997066174,1.69999999999995,4.62245855833121));
#16584=DIRECTION('',(1.0,-1.46607561895284E-15,-1.08929547512357E-15));
#16585=DIRECTION('',(-1.46607561895284E-15,-1.0,-2.3927006916702E-15));
#16586=CARTESIAN_POINT('',(16.1749997066174,1.69999999999995,4.62245855833121));
#16587=DIRECTION('',(1.0,-1.46607561895284E-15,-1.08929547512357E-15));
#16588=DIRECTION('',(-1.46607561895284E-15,-1.0,-2.3927006916702E-15));
#16589=DIRECTION('',(1.0,-1.46607561895284E-15,-1.08929547512357E-15));
#16590=DIRECTION('',(-1.84492263742263E-15,-0.866025403784421,-0.500000000000031));
#16591=DIRECTION('',(1.81430646744395E-15,0.866025403784421,0.500000000000031));
#16592=DIRECTION('',(1.0,-1.46607561895284E-15,-1.08929547512357E-15));
#16593=CARTESIAN_POINT('',(15.4749997066174,1.54999999999995,4.99773623330447));
#16594=DIRECTION('',(1.0,-1.46607561895284E-15,-1.08929547512357E-15));
#16595=DIRECTION('',(-1.46607561895284E-15,-1.0,-2.3927006916702E-15));
#16596=CARTESIAN_POINT('',(16.1749997066174,1.54999999999994,4.99773623330447));
#16597=DIRECTION('',(1.0,-1.46607561895284E-15,-1.08929547512357E-15));
#16598=DIRECTION('',(-1.46607561895284E-15,-1.0,-2.3927006916702E-15));
#16599=DIRECTION('',(1.0,-1.46607561895284E-15,-1.08929547512357E-15));
#16600=DIRECTION('',(-1.46607561895284E-15,-1.0,-2.33146835171283E-15));
#16601=CARTESIAN_POINT('',(16.2749997066174,1.74999999999994,5.24999999999993));
#16602=DIRECTION('',(1.46607561895284E-15,1.0,2.33146835171283E-15));
#16603=DIRECTION('',(-1.0,1.46607561895284E-15,1.21176015503831E-15));
#16604=DIRECTION('',(-1.46607561895284E-15,-1.0,-5.88418203051333E-15));
#16605=DIRECTION('',(-1.46607561895284E-15,-1.0,-2.33146835171283E-15));
#16606=DIRECTION('',(-1.46607561895284E-15,-1.0,-2.33146835171283E-15));
#16607=CARTESIAN_POINT('',(16.2749997066174,6.49999999999994,5.24999999999994));
#16608=DIRECTION('',(-1.46607561895284E-15,-1.0,-2.33146835171283E-15));
#16609=DIRECTION('',(1.2117601550383E-15,-2.33146835171283E-15,1.0));
#16610=DIRECTION('',(-1.46607561895284E-15,-1.0,-2.33146835171283E-15));
#16611=DIRECTION('',(1.0,-1.46607561895284E-15,-1.15052781508094E-15));
#16612=DIRECTION('',(-1.0,1.46607561895284E-15,1.15052781508094E-15));
#16613=DIRECTION('',(-1.0,1.46607561895284E-15,1.15052781508094E-15));
#16614=DIRECTION('',(1.15052781508094E-15,-2.33146835171283E-15,1.0));
#16615=DIRECTION('',(-1.15052781508094E-15,2.33146835171283E-15,-1.0));
#16616=DIRECTION('',(1.15052781508095E-15,4.94417788571216E-15,1.0));
#16617=CARTESIAN_POINT('',(16.2749997066174,1.74999999999994,5.24999999999993));
#16618=DIRECTION('',(1.46607561895284E-15,1.0,2.33146835171283E-15));
#16619=DIRECTION('',(-1.0,1.46607561895284E-15,1.21176015503831E-15));
#16620=DIRECTION('',(1.46607561895284E-15,1.0,2.33146835171283E-15));
#16621=DIRECTION('',(1.46607561895285E-15,1.0,9.43689570931383E-15));
#16622=CARTESIAN_POINT('',(17.4999997066174,3.99999999999993,5.34999999999992));
#16623=DIRECTION('',(-1.15052781508094E-15,2.33146835171283E-15,-1.0));
#16624=DIRECTION('',(1.46607561895284E-15,1.0,2.33146835171283E-15));
#16625=DIRECTION('',(1.46607561895284E-15,1.0,2.33146835171283E-15));
#16626=DIRECTION('',(1.46607561895284E-15,1.0,2.33146835171283E-15));
#16627=CARTESIAN_POINT('',(17.4999997066174,3.99999999999993,5.34999999999992));
#16628=DIRECTION('',(-1.15052781508094E-15,2.33146835171283E-15,-1.0));
#16629=DIRECTION('',(1.46607561895284E-15,1.0,2.33146835171283E-15));
#16630=DIRECTION('',(1.46607561895285E-15,1.0,9.43689570931383E-15));
#16631=CARTESIAN_POINT('',(17.4999997066174,3.99999999999994,4.97125920269675));
#16632=DIRECTION('',(-1.15052781508094E-15,2.33146835171283E-15,-1.0));
#16633=DIRECTION('',(1.46607561895284E-15,1.0,2.33146835171283E-15));
#16634=DIRECTION('',(-1.15052781508094E-15,2.33146835171283E-15,-1.0));
#16635=DIRECTION('',(-1.15052781508094E-15,2.33146835171283E-15,-1.0));
#16636=DIRECTION('',(1.0,-1.46607561895284E-15,-1.15052781508094E-15));
#16637=DIRECTION('',(1.15052781508094E-15,-2.33146835171283E-15,1.0));
#16638=DIRECTION('',(1.15052781508094E-15,-2.33146835171283E-15,1.0));
#16639=DIRECTION('',(-1.46607561895284E-15,-1.0,-2.33146835171283E-15));
#16640=DIRECTION('',(-1.46607561895284E-15,-1.0,-2.33146835171283E-15));
#16641=DIRECTION('',(1.15052781508094E-15,-2.33146835171283E-15,1.0));
#16642=DIRECTION('',(1.46607561895284E-15,1.0,2.33146835171283E-15));
#16643=CARTESIAN_POINT('',(17.4999997066174,3.99999999999994,6.0499999999999));
#16644=DIRECTION('',(1.15052781508094E-15,-2.33146835171283E-15,1.0));
#16645=DIRECTION('',(1.0,-1.46607561895284E-15,-1.15052781508094E-15));
#16646=DIRECTION('',(-1.0,1.46607561895284E-15,1.27299249499568E-15));
#16647=DIRECTION('',(-1.46607561895284E-15,-1.0,-2.33146835171283E-15));
#16648=DIRECTION('',(1.15052781508094E-15,-2.33146835171283E-15,1.0));
#16649=DIRECTION('',(1.4508351179489E-15,0.224951054343863,0.974370064785236));
#16650=DIRECTION('',(1.79914252634039E-15,1.0,2.33146835171283E-15));
#16651=DIRECTION('',(-1.0,1.46607561895284E-15,1.15052781508094E-15));
#16652=DIRECTION('',(-1.0,1.46607561895284E-15,1.15052781508094E-15));
#16653=DIRECTION('',(-0.872506015949721,2.41832308857842E-15,-0.488603368931842));
#16654=DIRECTION('',(1.4508351179489E-15,0.224951054343863,0.974370064785236));
#16655=DIRECTION('',(-1.0,1.46607561895284E-15,1.15052781508094E-15));
#16656=DIRECTION('',(1.46607561895284E-15,1.0,2.33146835171283E-15));
#16657=DIRECTION('',(0.342020143325668,-0.939692620785909,-2.58436729391458E-15));
#16658=DIRECTION('',(-1.13300871156529E-15,-1.0,-2.33146835171283E-15));
#16659=DIRECTION('',(1.13300871156529E-15,1.0,2.33146835171283E-15));
#16660=DIRECTION('',(-1.15052781508094E-15,2.33146835171283E-15,-1.0));
#16661=DIRECTION('',(-1.15052781508094E-15,2.33146835171283E-15,-1.0));
#16662=DIRECTION('',(-1.15052781508094E-15,2.33146835171283E-15,-1.0));
#16663=DIRECTION('',(-0.295683728071121,-0.955285890691349,-1.88702646737203E-15));
#16664=DIRECTION('',(0.295683728071121,0.955285890691349,1.88702646737203E-15));
#16665=DIRECTION('',(-1.79914252634039E-15,-1.0,-2.33146835171283E-15));
#16666=DIRECTION('',(-1.46607561895284E-15,-1.0,-2.33146835171283E-15));
#16667=DIRECTION('',(-1.46607561895284E-15,-1.0,-2.33146835171283E-15));
#16668=DIRECTION('',(1.46607561895284E-15,1.0,2.33146835171283E-15));
#16669=DIRECTION('',(-0.872506015949721,1.39996506168712E-16,0.488603368931841));
#16670=DIRECTION('',(-1.0,1.46607561895284E-15,1.15052781508094E-15));
#16671=DIRECTION('',(-1.15052781508094E-15,2.33146835171283E-15,-1.0));
#16672=DIRECTION('',(-1.46607561895284E-15,-1.0,-2.33146835171283E-15));
#16673=DIRECTION('',(-1.15052781508094E-15,2.33146835171283E-15,-1.0));
#16674=DIRECTION('',(-1.46607561895284E-15,-1.0,-2.33146835171283E-15));
#16675=DIRECTION('',(-1.46607561895284E-15,-1.0,-2.33146835171283E-15));
#16676=DIRECTION('',(-1.46607561895284E-15,-1.0,-2.33146835171283E-15));
#16677=DIRECTION('',(1.15052781508094E-15,-2.33146835171283E-15,1.0));
#16678=DIRECTION('',(0.342020143325668,-0.939692620785909,-2.58436729391458E-15));
#16679=DIRECTION('',(0.323615577118184,-0.889126490715989,0.323615577118183));
#16680=DIRECTION('',(-3.46845168824059E-16,1.52655665885959E-16,-1.0));
#16681=CARTESIAN_POINT('',(7.49999822821026,3.99999999999993,11.5));
#16682=DIRECTION('',(3.46845168824059E-16,-1.52655665885959E-16,1.0));
#16683=DIRECTION('',(0.866025403784439,0.5,-2.24048894438558E-16));
#16684=DIRECTION('',(3.46845168824059E-16,-1.52655665885959E-16,1.0));
#16685=CARTESIAN_POINT('',(7.49999822821026,3.99999999999993,10.6));
#16686=DIRECTION('',(3.46845168824059E-16,-1.52655665885959E-16,1.0));
#16687=DIRECTION('',(0.866025403784439,0.5,-2.24048894438558E-16));
#16688=DIRECTION('',(3.46845168824059E-16,-1.52655665885959E-16,1.0));
#16689=CARTESIAN_POINT('',(7.49999822821026,3.99999999999993,9.69999999999996));
#16690=DIRECTION('',(3.46845168824059E-16,-1.52655665885959E-16,1.0));
#16691=DIRECTION('',(0.866025403784439,0.5,-2.24048894438558E-16));
#16692=DIRECTION('',(3.46845168824059E-16,-1.52655665885959E-16,1.0));
#16693=CARTESIAN_POINT('',(7.49999822821026,3.99999999999993,10.6));
#16694=DIRECTION('',(3.46845168824059E-16,-1.52655665885959E-16,1.0));
#16695=DIRECTION('',(0.866025403784439,0.5,-2.24048894438558E-16));
#16696=DIRECTION('',(1.0,-1.22464592890134E-16,-4.08077508781427E-16));
#16697=CARTESIAN_POINT('',(7.14999822821026,3.99999999999997,-3.10000000000005));
#16698=DIRECTION('',(-1.0,1.22464592890134E-16,4.08077508781427E-16));
#16699=DIRECTION('',(4.08077508781427E-16,-1.52655665885959E-16,1.0));
#16700=DIRECTION('',(-1.0,1.22464592890134E-16,4.08077508781427E-16));
#16701=CARTESIAN_POINT('',(7.84999822821026,3.99999999999997,-3.10000000000005));
#16702=DIRECTION('',(1.0,-1.22464592890134E-16,-4.08077508781427E-16));
#16703=DIRECTION('',(-4.08077508781427E-16,1.52655665885959E-16,-1.0));
#16704=DIRECTION('',(-3.46845168824059E-16,1.52655665885959E-16,-1.0));
#16705=CARTESIAN_POINT('',(7.49999822821026,3.99999999999993,6.04999999999995));
#16706=DIRECTION('',(3.46845168824059E-16,-1.52655665885959E-16,1.0));
#16707=DIRECTION('',(1.0,-1.22464592890134E-16,-3.46845168824059E-16));
#16708=DIRECTION('',(1.0,-1.22464592890134E-16,-3.46845168824059E-16));
#16709=DIRECTION('',(-3.46845168824059E-16,1.52655665885959E-16,-1.0));
#16710=DIRECTION('',(1.0,-1.22464592890134E-16,-3.46845168824059E-16));
#16711=DIRECTION('',(-3.46845168824059E-16,1.52655665885959E-16,-1.0));
#16712=DIRECTION('',(-0.872506015949722,3.22630213990625E-17,0.48860336893184));
#16713=DIRECTION('',(1.0,-1.22464592890134E-16,-3.46845168824059E-16));
#16714=CARTESIAN_POINT('',(6.07156128220465,-7.105427357601E-14,1.79999999999995));
#16715=DIRECTION('',(-1.22464592890134E-16,-1.0,-1.52655665885959E-16));
#16716=DIRECTION('',(1.0,-1.22464592890134E-16,-3.46845168824059E-16));
#16717=DIRECTION('',(-3.46845168824059E-16,1.52655665885959E-16,-1.0));
#16718=DIRECTION('',(1.0,-1.22464592890134E-16,-3.46845168824059E-16));
#16719=CARTESIAN_POINT('',(9.62015072632521,-7.19424519957101E-14,7.04515249811494));
#16720=DIRECTION('',(-1.22464592890134E-16,-1.0,-1.52655665885959E-16));
#16721=DIRECTION('',(0.707106781186548,-1.94539400622373E-16,0.707106781186547));
#16722=DIRECTION('',(-3.46845168824059E-16,1.52655665885959E-16,-1.0));
#16723=CARTESIAN_POINT('',(8.92843517421587,-7.105427357601E-14,1.79999999999995));
#16724=DIRECTION('',(-1.22464592890134E-16,-1.0,-1.52655665885959E-16));
#16725=DIRECTION('',(1.0,-1.22464592890134E-16,-3.46845168824059E-16));
#16726=DIRECTION('',(1.0,-1.22464592890134E-16,-3.46845168824059E-16));
#16727=DIRECTION('',(-0.87250601594972,1.81439166675889E-16,-0.488603368931843));
#16728=DIRECTION('',(3.46845168824059E-16,-1.52655665885959E-16,1.0));
#16729=DIRECTION('',(1.0,-1.22464592890134E-16,-3.46845168824059E-16));
#16730=DIRECTION('',(-3.46845168824059E-16,3.77733164835211E-17,-1.0));
#16731=CARTESIAN_POINT('',(7.49999822821026,3.99999999999993,11.5));
#16732=DIRECTION('',(3.46845168824059E-16,-1.52655665885959E-16,1.0));
#16733=DIRECTION('',(0.866025403784439,0.5,-2.24048894438558E-16));
#16734=DIRECTION('',(1.0,-1.22464592890134E-16,-3.46845168824059E-16));
#16735=DIRECTION('',(-1.22464592890134E-16,-1.0,-1.52655665885959E-16));
#16736=DIRECTION('',(1.0,-1.22464592890134E-16,-3.46845168824059E-16));
#16737=DIRECTION('',(-1.22464592890134E-16,-1.0,-3.7007434154172E-17));
#16738=DIRECTION('',(1.22464592890134E-16,1.0,1.52655665885959E-16));
#16739=DIRECTION('',(1.22464592890134E-16,1.0,1.52655665885959E-16));
#16740=DIRECTION('',(1.0,-1.22464592890134E-16,-3.46845168824059E-16));
#16741=DIRECTION('',(-1.22464592890134E-16,-1.0,-1.52655665885959E-16));
#16742=DIRECTION('',(-1.0,1.22464592890134E-16,3.46845168824059E-16));
#16743=DIRECTION('',(-1.22464592890134E-16,-1.0,-1.52655665885959E-16));
#16744=DIRECTION('',(-1.22464592890134E-16,-1.0,-1.52655665885959E-16));
#16745=DIRECTION('',(0.29568372807112,-0.955285890691349,-2.48386276336304E-16));
#16746=DIRECTION('',(1.22464592890134E-16,1.0,1.52655665885959E-16));
#16747=DIRECTION('',(-1.22464592890134E-16,-1.0,-1.52655665885959E-16));
#16748=DIRECTION('',(-1.0,1.22464592890134E-16,3.46845168824059E-16));
#16749=DIRECTION('',(1.22464592890134E-16,1.0,1.52655665885959E-16));
#16750=DIRECTION('',(-1.22464592890134E-16,-1.0,-1.52655665885959E-16));
#16751=DIRECTION('',(0.295683728071119,0.955285890691349,4.32733311735949E-17));
#16752=DIRECTION('',(1.22464592890134E-16,1.0,1.52655665885959E-16));
#16753=DIRECTION('',(1.22464592890134E-16,1.0,1.52655665885959E-16));
#16754=DIRECTION('',(1.0,-1.22464592890134E-16,-3.46845168824059E-16));
#16755=DIRECTION('',(1.22464592890134E-16,1.0,1.52655665885959E-16));
#16756=DIRECTION('',(1.0,-1.22464592890134E-16,-3.46845168824059E-16));
#16757=DIRECTION('',(3.46845168824059E-16,-1.52655665885959E-16,1.0));
#16758=DIRECTION('',(3.46845168824059E-16,-3.77733164835211E-17,1.0));
#16759=DIRECTION('',(3.65504088907972E-16,0.224951054343865,0.974370064785235));
#16760=DIRECTION('',(3.65504088907972E-16,0.224951054343865,0.974370064785235));
#16761=DIRECTION('',(3.46845168824059E-16,-1.52655665885959E-16,1.0));
#16762=DIRECTION('',(3.46845168824059E-16,-1.52655665885959E-16,1.0));
#16763=CARTESIAN_POINT('',(7.49999822821026,3.99999999999993,6.04999999999995));
#16764=DIRECTION('',(3.46845168824059E-16,-1.52655665885959E-16,1.0));
#16765=DIRECTION('',(1.0,-1.22464592890134E-16,-3.46845168824059E-16));
#16766=DIRECTION('',(1.22464592890134E-16,1.0,1.52655665885959E-16));
#16767=DIRECTION('',(-1.0,1.22464592890134E-16,4.69309848738794E-16));
#16768=DIRECTION('',(-1.22464592890134E-16,-1.0,-1.52655665885959E-16));
#16769=DIRECTION('',(-1.22464592890134E-16,-1.0,-1.52655665885959E-16));
#16770=DIRECTION('',(1.0,-1.22464592890134E-16,-3.46845168824059E-16));
#16771=CARTESIAN_POINT('',(6.27499822821026,6.49999999999993,5.24999999999998));
#16772=DIRECTION('',(-1.22464592890134E-16,-1.0,-1.52655665885959E-16));
#16773=DIRECTION('',(4.08077508781427E-16,-1.52655665885959E-16,1.0));
#16774=DIRECTION('',(3.46845168824059E-16,-1.52655665885959E-16,1.0));
#16775=DIRECTION('',(3.46845168824059E-16,-1.52655665885959E-16,1.0));
#16776=DIRECTION('',(1.22464592890134E-16,1.0,1.52655665885959E-16));
#16777=DIRECTION('',(3.4684516882406E-16,7.12299057153903E-15,1.0));
#16778=CARTESIAN_POINT('',(6.17499822821026,1.54999999999993,4.99773623330452));
#16779=DIRECTION('',(1.0,-1.22464592890134E-16,-2.85612828866691E-16));
#16780=DIRECTION('',(-1.22464592890134E-16,-1.0,-2.13888005843327E-16));
#16781=DIRECTION('',(2.48863862940327E-16,0.866025403784422,0.500000000000029));
#16782=CARTESIAN_POINT('',(6.17499822821026,1.69999999999993,4.62245855833126));
#16783=DIRECTION('',(1.0,-1.22464592890134E-16,-2.85612828866691E-16));
#16784=DIRECTION('',(-1.22464592890134E-16,-1.0,-2.13888005843327E-16));
#16785=DIRECTION('',(2.8561282886669E-16,-7.95377031850416E-15,1.0));
#16786=DIRECTION('',(-1.22464592890134E-16,-1.0,-1.52655665885959E-16));
#16787=CARTESIAN_POINT('',(6.27499822821026,1.49999999999995,1.79999999999995));
#16788=DIRECTION('',(-1.22464592890134E-16,-1.0,-1.52655665885959E-16));
#16789=DIRECTION('',(4.08077508781427E-16,-1.52655665885959E-16,1.0));
#16790=DIRECTION('',(-1.22464592890134E-16,-1.0,-1.52655665885959E-16));
#16791=CARTESIAN_POINT('',(6.27499822821026,6.49999999999995,1.79999999999995));
#16792=DIRECTION('',(-1.22464592890134E-16,-1.0,-1.52655665885959E-16));
#16793=DIRECTION('',(-0.762613598851679,1.92139139396851E-16,-0.646854310371733));
#16794=DIRECTION('',(-3.46845168824059E-16,1.52655665885959E-16,-1.0));
#16795=DIRECTION('',(-2.752810611805E-16,-0.826807296245544,-0.562485284140957));
#16796=CARTESIAN_POINT('',(6.39999822821026,3.97713350653413,4.39967313539752));
#16797=DIRECTION('',(1.0,-1.22464592890134E-16,-3.46845168824059E-16));
#16798=DIRECTION('',(1.22464592890134E-16,1.0,1.52655665885959E-16));
#16799=DIRECTION('',(1.4344574645164E-16,-0.738451650350647,0.674306428928574));
#16800=CARTESIAN_POINT('',(6.39999822821026,1.69999999999997,5.39565677580973));
#16801=DIRECTION('',(1.0,-1.22464592890134E-16,-3.46845168824059E-16));
#16802=DIRECTION('',(1.22464592890134E-16,1.0,1.52655665885959E-16));
#16803=DIRECTION('',(-3.46845168824062E-16,-2.7761523238975E-14,-1.0));
#16804=CARTESIAN_POINT('',(6.39999822821026,1.69999999999999,6.04999999999995));
#16805=DIRECTION('',(1.0,-1.22464592890134E-16,-3.46845168824059E-16));
#16806=DIRECTION('',(1.22464592890134E-16,1.0,1.52655665885959E-16));
#16807=DIRECTION('',(-1.22464592890134E-16,-1.0,-1.52655665885959E-16));
#16808=DIRECTION('',(3.46845168824059E-16,-1.52655665885959E-16,1.0));
#16809=DIRECTION('',(-1.22464592890134E-16,-1.0,-1.52655665885959E-16));
#16810=DIRECTION('',(3.46845168824059E-16,-1.52655665885959E-16,1.0));
#16811=DIRECTION('',(1.22464592890137E-16,1.0,7.25808302348696E-15));
#16812=DIRECTION('',(-3.46845168824059E-16,1.52655665885959E-16,-1.0));
#16813=DIRECTION('',(-3.46845168824059E-16,1.52655665885959E-16,-1.0));
#16814=DIRECTION('',(1.22464592890137E-16,1.0,7.25808302348696E-15));
#16815=DIRECTION('',(-1.0,1.22464592890134E-16,3.46845168824059E-16));
#16816=DIRECTION('',(-1.0,1.22464592890134E-16,3.46845168824059E-16));
#16817=DIRECTION('',(-1.4344574645164E-16,0.738451650350647,-0.674306428928574));
#16818=DIRECTION('',(-1.0,1.22464592890134E-16,3.46845168824059E-16));
#16819=DIRECTION('',(-1.0,1.22464592890134E-16,3.46845168824059E-16));
#16820=DIRECTION('',(2.752810611805E-16,0.826807296245544,0.562485284140957));
#16821=CARTESIAN_POINT('',(8.59999822821026,3.97713350653413,4.39967313539752));
#16822=DIRECTION('',(1.0,-1.22464592890134E-16,-3.46845168824059E-16));
#16823=DIRECTION('',(1.22464592890134E-16,1.0,1.52655665885959E-16));
#16824=DIRECTION('',(-1.0,1.22464592890134E-16,3.46845168824059E-16));
#16825=DIRECTION('',(3.46845168824059E-16,-1.52655665885959E-16,1.0));
#16826=DIRECTION('',(1.0,-1.22464592890134E-16,-3.46845168824059E-16));
#16827=DIRECTION('',(-3.46845168824059E-16,1.52655665885959E-16,-1.0));
#16828=DIRECTION('',(-1.22464592890134E-16,-1.0,-1.52655665885959E-16));
#16829=DIRECTION('',(-1.0,1.22464592890134E-16,3.46845168824059E-16));
#16830=DIRECTION('',(1.22464592890134E-16,1.0,1.52655665885959E-16));
#16831=DIRECTION('',(1.22464592890134E-16,1.0,1.52655665885959E-16));
#16832=DIRECTION('',(-3.46845168824059E-16,1.52655665885959E-16,-1.0));
#16833=DIRECTION('',(-1.22464592890134E-16,-1.0,-1.52655665885959E-16));
#16834=DIRECTION('',(1.0,-1.22464592890134E-16,-3.46845168824059E-16));
#16835=DIRECTION('',(1.0,-1.22464592890134E-16,-3.46845168824059E-16));
#16836=CARTESIAN_POINT('',(8.72499822821035,6.49999999999995,1.79999999999992));
#16837=DIRECTION('',(1.22464592890134E-16,1.0,1.52655665885959E-16));
#16838=DIRECTION('',(1.0,-1.22464592890182E-16,3.12674815435787E-13));
#16839=DIRECTION('',(4.08077508781427E-16,-1.52655665885959E-16,1.0));
#16840=DIRECTION('',(-1.0,-6.98296276471087E-15,3.46845168824058E-16));
#16841=DIRECTION('',(3.46845168824059E-16,-1.52655665885959E-16,1.0));
#16842=DIRECTION('',(-1.0,-6.98296276471087E-15,3.46845168824058E-16));
#16843=CARTESIAN_POINT('',(6.27499822821026,6.49999999999995,5.25000000000003));
#16844=DIRECTION('',(1.22464592890134E-16,1.0,1.52655665885959E-16));
#16845=DIRECTION('',(-0.646854310372035,-3.7200536967412E-17,0.762613598851423));
#16846=DIRECTION('',(3.46845168824059E-16,-1.52655665885959E-16,1.0));
#16847=DIRECTION('',(1.0,-1.22464592890134E-16,-3.46845168824059E-16));
#16848=DIRECTION('',(1.22464592890134E-16,1.0,1.52655665885959E-16));
#16849=DIRECTION('',(1.0,-1.22464592890134E-16,-2.85612828866691E-16));
#16850=DIRECTION('',(3.46845168824059E-16,-1.52655665885959E-16,1.0));
#16851=CARTESIAN_POINT('',(6.27499822821026,1.49999999999995,1.79999999999995));
#16852=DIRECTION('',(-1.22464592890134E-16,-1.0,-1.52655665885959E-16));
#16853=DIRECTION('',(-3.46845168824059E-16,1.52655665885959E-16,-1.0));
#16854=DIRECTION('',(1.0,-1.22464592890134E-16,-3.46845168824059E-16));
#16855=CARTESIAN_POINT('',(8.72499822821026,1.49999999999995,1.79999999999995));
#16856=DIRECTION('',(-1.22464592890134E-16,-1.0,-1.52655665885959E-16));
#16857=DIRECTION('',(-3.46845168824059E-16,1.52655665885959E-16,-1.0));
#16858=DIRECTION('',(-3.46845168824059E-16,1.52655665885959E-16,-1.0));
#16859=CARTESIAN_POINT('',(8.72499822821025,1.49999999999995,6.14999999999998));
#16860=DIRECTION('',(1.22464592890134E-16,1.0,1.52655665885959E-16));
#16861=DIRECTION('',(1.0,-1.22464592890134E-16,-4.08077508781427E-16));
#16862=DIRECTION('',(1.0,-1.22464592890134E-16,-3.46845168824059E-16));
#16863=DIRECTION('',(3.46845168824059E-16,-1.52655665885959E-16,1.0));
#16864=DIRECTION('',(-1.0,1.22464592890134E-16,4.69309848738794E-16));
#16865=CARTESIAN_POINT('',(8.72499822821026,1.49999999999995,6.14999999999998));
#16866=DIRECTION('',(1.22464592890134E-16,1.0,1.52655665885959E-16));
#16867=DIRECTION('',(-4.08077508781427E-16,1.52655665885959E-16,-1.0));
#16868=DIRECTION('',(-4.08077508781427E-16,1.52655665885959E-16,-1.0));
#16869=CARTESIAN_POINT('',(8.72499822821026,1.49999999999995,1.79999999999995));
#16870=DIRECTION('',(1.22464592890134E-16,1.0,1.52655665885959E-16));
#16871=DIRECTION('',(-4.08077508781427E-16,1.52655665885959E-16,-1.0));
#16872=DIRECTION('',(2.10602314497413E-16,-1.0,-1.52655665885959E-16));
#16873=DIRECTION('',(-3.46845168824059E-16,1.52655665885959E-16,-1.0));
#16874=DIRECTION('',(-2.10602314497413E-16,1.0,1.52655665885959E-16));
#16875=DIRECTION('',(-3.46845168824059E-16,1.52655665885959E-16,-1.0));
#16876=DIRECTION('',(-3.46845168824059E-16,1.52655665885959E-16,-1.0));
#16877=DIRECTION('',(-3.46845168824059E-16,1.52655665885959E-16,-1.0));
#16878=DIRECTION('',(-0.295683728071119,-0.955285890691349,-4.32733311735949E-17));
#16879=DIRECTION('',(0.295683728071119,0.955285890691349,4.32733311735949E-17));
#16880=CARTESIAN_POINT('',(7.84999822821026,3.99999999999997,-3.10000000000005));
#16881=DIRECTION('',(1.0,-1.22464592890134E-16,-4.08077508781427E-16));
#16882=DIRECTION('',(-4.08077508781427E-16,1.52655665885959E-16,-1.0));
#16883=DIRECTION('',(-1.0,1.22464592890134E-16,4.08077508781427E-16));
#16884=CARTESIAN_POINT('',(7.14999822821026,3.99999999999997,-3.10000000000005));
#16885=DIRECTION('',(-1.0,1.22464592890134E-16,4.08077508781427E-16));
#16886=DIRECTION('',(4.08077508781427E-16,-1.52655665885959E-16,1.0));
#16887=DIRECTION('',(-4.08077508781427E-16,1.52655665885959E-16,-1.0));
#16888=DIRECTION('',(-3.46845168824059E-16,1.52655665885959E-16,-1.0));
#16889=DIRECTION('',(4.08077508781427E-16,-1.52655665885959E-16,1.0));
#16890=DIRECTION('',(1.0,-1.22464592890134E-16,-3.46845168824059E-16));
#16891=DIRECTION('',(1.0,-1.22464592890134E-16,-3.46845168824059E-16));
#16892=DIRECTION('',(3.46845168824059E-16,-1.52655665885959E-16,1.0));
#16893=CARTESIAN_POINT('',(7.49999822821026,3.99999999999993,10.6));
#16894=DIRECTION('',(3.46845168824059E-16,-1.52655665885959E-16,1.0));
#16895=DIRECTION('',(0.866025403784439,0.5,-2.24048894438558E-16));
#16896=CARTESIAN_POINT('',(7.49999822821026,3.99999999999993,9.69999999999996));
#16897=DIRECTION('',(3.46845168824059E-16,-1.52655665885959E-16,1.0));
#16898=DIRECTION('',(0.866025403784439,0.5,-2.24048894438558E-16));
#16899=DIRECTION('',(-1.0,1.22464592890134E-16,3.46845168824059E-16));
#16900=DIRECTION('',(3.46845168824059E-16,-1.52655665885959E-16,1.0));
#16901=DIRECTION('',(-1.0,1.22464592890134E-16,3.46845168824059E-16));
#16902=CARTESIAN_POINT('',(7.49999822821026,3.99999999999993,10.6));
#16903=DIRECTION('',(3.46845168824059E-16,-1.52655665885959E-16,1.0));
#16904=DIRECTION('',(0.866025403784439,0.5,-2.24048894438558E-16));
#16905=DIRECTION('',(3.46845168824059E-16,-1.52655665885959E-16,1.0));
#16906=DIRECTION('',(1.22464592890134E-16,1.0,1.52655665885959E-16));
#16907=DIRECTION('',(1.0,-1.22464592890134E-16,-3.46845168824059E-16));
#16908=DIRECTION('',(1.0,-1.22464592890134E-16,-3.46845168824059E-16));
#16909=DIRECTION('',(-0.872506015949722,3.22630213990625E-17,0.48860336893184));
#16910=DIRECTION('',(-1.0,1.22464592890134E-16,3.46845168824059E-16));
#16911=DIRECTION('',(-3.46845168824059E-16,1.52655665885959E-16,-1.0));
#16912=DIRECTION('',(1.22464592890134E-16,1.0,1.52655665885959E-16));
#16913=DIRECTION('',(-1.22464592890134E-16,-1.0,-1.52655665885959E-16));
#16914=DIRECTION('',(-3.46845168824059E-16,1.52655665885959E-16,-1.0));
#16915=DIRECTION('',(-1.0,1.22464592890134E-16,3.46845168824059E-16));
#16916=DIRECTION('',(-1.0,4.69708611840748E-16,3.46845168824059E-16));
#16917=DIRECTION('',(-4.08077508781427E-16,1.52655665885959E-16,-1.0));
#16918=DIRECTION('',(3.46845168824059E-16,-1.52655665885959E-16,1.0));
#16919=DIRECTION('',(1.0,-1.22464592890134E-16,-3.46845168824059E-16));
#16920=DIRECTION('',(-3.46845168824059E-16,1.52655665885959E-16,-1.0));
#16921=DIRECTION('',(-1.0,-2.2477942606048E-16,3.46845168824059E-16));
#16922=DIRECTION('',(-4.08077508781427E-16,1.52655665885959E-16,-1.0));
#16923=DIRECTION('',(-1.22464592890134E-16,-1.0,-1.52655665885959E-16));
#16924=DIRECTION('',(-1.22464592890134E-16,-1.0,-1.52655665885959E-16));
#16925=DIRECTION('',(-1.22464592890134E-16,-1.0,-1.52655665885959E-16));
#16926=DIRECTION('',(0.342020143325669,0.939692620785908,2.48213684011742E-17));
#16927=DIRECTION('',(1.22464592890134E-16,1.0,1.52655665885959E-16));
#16928=DIRECTION('',(-1.22464592890134E-16,-1.0,-1.52655665885959E-16));
#16929=DIRECTION('',(-1.22464592890134E-16,-1.0,-1.52655665885959E-16));
#16930=DIRECTION('',(1.0,-1.22464592890134E-16,-3.46845168824059E-16));
#16931=DIRECTION('',(1.22464592890134E-16,1.0,1.52655665885959E-16));
#16932=DIRECTION('',(1.22464592890134E-16,1.0,1.52655665885959E-16));
#16933=DIRECTION('',(-1.22464592890134E-16,-1.0,-1.52655665885959E-16));
#16934=DIRECTION('',(-0.87250601594972,1.81439166675889E-16,-0.488603368931843));
#16935=DIRECTION('',(-1.22464592890134E-16,-1.0,-1.52655665885959E-16));
#16936=DIRECTION('',(-1.22464592890134E-16,-1.0,-1.52655665885959E-16));
#16937=DIRECTION('',(0.342020143325669,-0.939692620785908,-2.62077437107215E-16));
#16938=CARTESIAN_POINT('',(8.72499822821026,0.558938415433158,1.79999999999995));
#16939=DIRECTION('',(0.17364817766693,-0.984807753012208,-2.1056551480461E-16));
#16940=DIRECTION('',(-0.984807753012208,-0.17364817766693,3.15067433161133E-16));
#16941=DIRECTION('',(-1.22464592890134E-16,-1.0,-1.52655665885959E-16));
#16942=DIRECTION('',(1.22464592890137E-16,1.0,7.25808302348696E-15));
#16943=DIRECTION('',(-3.46845168824059E-16,1.52655665885959E-16,-1.0));
#16944=DIRECTION('',(-3.46845168824059E-16,1.52655665885959E-16,-1.0));
#16945=DIRECTION('',(1.22464592890137E-16,1.0,7.25808302348696E-15));
#16946=DIRECTION('',(3.46845168824059E-16,-1.52655665885959E-16,1.0));
#16947=DIRECTION('',(-1.22464592890134E-16,-1.0,-1.52655665885959E-16));
#16948=DIRECTION('',(-3.46845168824059E-16,1.52655665885959E-16,-1.0));
#16949=DIRECTION('',(1.22464592890134E-16,1.0,1.52655665885959E-16));
#16950=CARTESIAN_POINT('',(8.59999822821026,1.69999999999999,6.04999999999995));
#16951=DIRECTION('',(1.0,-1.22464592890134E-16,-3.46845168824059E-16));
#16952=DIRECTION('',(1.22464592890134E-16,1.0,1.52655665885959E-16));
#16953=DIRECTION('',(3.46845168824062E-16,2.7761523238975E-14,1.0));
#16954=CARTESIAN_POINT('',(8.59999822821026,1.69999999999997,5.39565677580973));
#16955=DIRECTION('',(1.0,-1.22464592890134E-16,-3.46845168824059E-16));
#16956=DIRECTION('',(1.22464592890134E-16,1.0,1.52655665885959E-16));
#16957=DIRECTION('',(1.0,-1.22464592890134E-16,-3.46845168824059E-16));
#16958=DIRECTION('',(4.08077508781427E-16,-1.52655665885959E-16,1.0));
#16959=CARTESIAN_POINT('',(8.72499822821026,2.29999999999995,6.14999999999998));
#16960=DIRECTION('',(1.22464592890134E-16,1.0,1.52655665885959E-16));
#16961=DIRECTION('',(-4.08077508781427E-16,1.52655665885959E-16,-1.0));
#16962=DIRECTION('',(-1.0,1.22464592890134E-16,4.69309848738794E-16));
#16963=DIRECTION('',(-1.0,1.22464592890134E-16,3.46845168824059E-16));
#16964=DIRECTION('',(1.0,-1.22464592890134E-16,-4.08077508781427E-16));
#16965=DIRECTION('',(1.22464592890134E-16,1.0,1.52655665885959E-16));
#16966=DIRECTION('',(-1.22464592890134E-16,-1.0,-1.52655665885959E-16));
#16967=DIRECTION('',(-1.22464592890134E-16,-1.0,-1.52655665885959E-16));
#16968=DIRECTION('',(-1.0,1.22464592890134E-16,3.46845168824059E-16));
#16969=DIRECTION('',(1.22464592890137E-16,1.0,7.25808302348697E-15));
#16970=DIRECTION('',(-1.0,1.22464592890134E-16,3.46845168824059E-16));
#16971=DIRECTION('',(4.08077508781426E-16,-7.25808302348696E-15,1.0));
#16972=DIRECTION('',(1.22464592890134E-16,1.0,1.52655665885959E-16));
#16973=DIRECTION('',(-1.22464592890137E-16,-1.0,-7.25808302348697E-15));
#16974=DIRECTION('',(-2.79480032919013E-16,-0.866025403784422,-0.500000000000029));
#16975=DIRECTION('',(1.0,-1.22464592890134E-16,-2.85612828866691E-16));
#16976=DIRECTION('',(1.0,-1.22464592890134E-16,-2.85612828866691E-16));
#16977=CARTESIAN_POINT('',(7.49999822821026,3.99999999999992,5.34999999999997));
#16978=DIRECTION('',(-3.46845168824059E-16,1.52655665885959E-16,-1.0));
#16979=DIRECTION('',(1.22464592890134E-16,1.0,1.52655665885959E-16));
#16980=CARTESIAN_POINT('',(7.49999822821026,3.99999999999992,4.9712592026968));
#16981=DIRECTION('',(-3.46845168824059E-16,1.52655665885959E-16,-1.0));
#16982=DIRECTION('',(1.22464592890134E-16,1.0,1.52655665885959E-16));
#16983=DIRECTION('',(-3.46845168824059E-16,1.52655665885959E-16,-1.0));
#16984=DIRECTION('',(1.22464592890134E-16,1.0,1.52655665885959E-16));
#16985=DIRECTION('',(-3.46845168824059E-16,1.52655665885959E-16,-1.0));
#16986=DIRECTION('',(-2.78699585519361E-15,-1.0,-1.52655665885958E-16));
#16987=CARTESIAN_POINT('',(8.72499822821026,6.49999999999995,6.14999999999998));
#16988=DIRECTION('',(-2.78699985199051E-15,-1.0,-1.52655665885958E-16));
#16989=DIRECTION('',(-1.0,2.78699985199051E-15,4.08077508781427E-16));
#16990=CARTESIAN_POINT('',(9.37499822821026,6.49999999999995,6.79999999999998));
#16991=DIRECTION('',(1.22464592890134E-16,1.0,1.52655665885959E-16));
#16992=DIRECTION('',(3.46845168824059E-16,-1.52655665885959E-16,1.0));
#16993=DIRECTION('',(-1.0,1.22464592890134E-16,3.46845168824059E-16));
#16994=DIRECTION('',(-2.78699585519361E-15,-1.0,-1.52655665885958E-16));
#16995=DIRECTION('',(-2.78699585519361E-15,-1.0,-1.52655665885958E-16));
#16996=DIRECTION('',(0.323615577118185,-0.889126490715988,0.323615577118185));
#16997=CARTESIAN_POINT('',(9.37499822821026,0.673550952893657,6.79999999999998));
#16998=DIRECTION('',(-0.16648836992716,0.971886436451293,-0.16648836992716));
#16999=DIRECTION('',(-0.687227489757938,-0.235450110728379,-0.687227489757938));
#17000=DIRECTION('',(0.323615577118185,-0.889126490715988,0.323615577118185));
#17001=DIRECTION('',(1.22464592890134E-16,1.0,1.52655665885959E-16));
#17002=CARTESIAN_POINT('',(9.37499822821026,1.11212161291812,6.79999999999998));
#17003=DIRECTION('',(-0.939692620785908,-0.342020143325669,2.7371653297342E-16));
#17004=DIRECTION('',(-0.342020143325669,0.939692620785908,2.62077437107215E-16));
#17005=CARTESIAN_POINT('',(9.37499822821026,1.11212161291812,6.79999999999998));
#17006=DIRECTION('',(-3.67813203311814E-16,-0.342020143325669,-0.939692620785908));
#17007=DIRECTION('',(-3.54896010661121E-18,0.939692620785908,-0.342020143325669));
#17008=DIRECTION('',(0.342020143325669,-0.939692620785908,-2.62077437107215E-16));
#17009=CARTESIAN_POINT('',(7.49999822821026,3.99999999999992,4.9712592026968));
#17010=DIRECTION('',(-3.46845168824059E-16,1.52655665885959E-16,-1.0));
#17011=DIRECTION('',(1.22464592890134E-16,1.0,1.52655665885959E-16));
#17012=CARTESIAN_POINT('',(7.49999822821026,3.99999999999992,5.34999999999997));
#17013=DIRECTION('',(-3.46845168824059E-16,1.52655665885959E-16,-1.0));
#17014=DIRECTION('',(1.22464592890134E-16,1.0,1.52655665885959E-16));
#17015=CARTESIAN_POINT('',(7.49999822821026,3.99999999999992,5.34999999999997));
#17016=DIRECTION('',(-3.46845168824059E-16,1.52655665885959E-16,-1.0));
#17017=DIRECTION('',(1.22464592890134E-16,1.0,1.52655665885959E-16));
#17018=DIRECTION('',(-1.0,1.22464592890134E-16,3.46845168824059E-16));
#17019=DIRECTION('',(4.08077508781427E-16,-1.52655665885959E-16,1.0));
#17020=DIRECTION('',(1.22464592890134E-16,1.0,1.52655665885959E-16));
#17021=DIRECTION('',(-1.0,1.22464592890134E-16,3.46845168824059E-16));
#17022=DIRECTION('',(4.55531500277681E-16,1.0,1.52655665885959E-16));
#17023=DIRECTION('',(-3.46845168824059E-16,1.52655665885959E-16,-1.0));
#17024=DIRECTION('',(-4.55531500277681E-16,-1.0,-1.52655665885959E-16));
#17025=DIRECTION('',(3.46845168824059E-16,-1.52655665885959E-16,1.0));
#17026=DIRECTION('',(-1.22464592890134E-16,-1.0,-1.52655665885959E-16));
#17027=DIRECTION('',(-0.29568372807112,0.955285890691349,2.48386276336304E-16));
#17028=DIRECTION('',(-1.22464592890134E-16,-1.0,-1.52655665885959E-16));
#17029=CARTESIAN_POINT('',(6.27499822821026,1.74999999999993,5.24999999999998));
#17030=DIRECTION('',(1.22464592890134E-16,1.0,1.52655665885959E-16));
#17031=DIRECTION('',(-1.0,1.22464592890134E-16,4.08077508781427E-16));
#17032=DIRECTION('',(-1.22464592890135E-16,-1.0,-3.70536934468646E-15));
#17033=DIRECTION('',(3.46845168824059E-16,-1.52655665885959E-16,1.0));
#17034=DIRECTION('',(0.29568372807112,-0.955285890691349,-2.48386276336304E-16));
#17035=DIRECTION('',(-1.0,1.22464592890134E-16,3.46845168824059E-16));
#17036=DIRECTION('',(-1.0,1.22464592890134E-16,3.46845168824059E-16));
#17037=DIRECTION('',(-3.46845168824059E-16,1.52655665885959E-16,-1.0));
#17038=DIRECTION('',(1.0,-1.22464592890134E-16,-2.85612828866691E-16));
#17039=CARTESIAN_POINT('',(6.27499822821026,1.74999999999993,5.24999999999998));
#17040=DIRECTION('',(1.22464592890134E-16,1.0,1.52655665885959E-16));
#17041=DIRECTION('',(-1.0,1.22464592890134E-16,4.08077508781427E-16));
#17042=DIRECTION('',(-1.22464592890134E-16,-1.0,-1.52655665885959E-16));
#17043=CARTESIAN_POINT('',(6.27499822821026,0.558938415433158,1.79999999999995));
#17044=DIRECTION('',(0.17364817766693,0.984807753012208,9.01074518068571E-17));
#17045=DIRECTION('',(0.984807753012208,-0.17364817766693,-3.6808418954439E-16));
#17046=DIRECTION('',(1.22464592890134E-16,1.0,1.52655665885959E-16));
#17047=DIRECTION('',(0.342020143325669,0.939692620785908,2.48213684011742E-17));
#17048=DIRECTION('',(-3.46845168824059E-16,1.52655665885959E-16,-1.0));
#17049=DIRECTION('',(0.323615577118185,0.889126490715988,-0.323615577118185));
#17050=DIRECTION('',(1.22464592890134E-16,1.0,1.52655665885959E-16));
#17051=DIRECTION('',(1.0,-1.22464592890134E-16,-3.46845168824059E-16));
#17052=DIRECTION('',(1.0,-1.22464592890134E-16,-3.46845168824059E-16));
#17053=DIRECTION('',(1.0,-1.22464592890134E-16,-3.46845168824059E-16));
#17054=CARTESIAN_POINT('',(5.47499822821026,1.69999999999993,4.62245855833126));
#17055=DIRECTION('',(1.0,-1.22464592890134E-16,-2.85612828866691E-16));
#17056=DIRECTION('',(-1.22464592890134E-16,-1.0,-2.13888005843327E-16));
#17057=CARTESIAN_POINT('',(5.47499822821026,1.54999999999993,4.99773623330452));
#17058=DIRECTION('',(1.0,-1.22464592890134E-16,-2.85612828866691E-16));
#17059=DIRECTION('',(-1.22464592890134E-16,-1.0,-2.13888005843327E-16));
#17060=DIRECTION('',(3.46845168824059E-16,-1.52655665885959E-16,1.0));
#17061=DIRECTION('',(1.22464592890134E-16,1.0,1.52655665885959E-16));
#17062=DIRECTION('',(-1.75308529738871E-16,1.04083408558608E-16,-1.0));
#17063=CARTESIAN_POINT('',(12.4999982282103,3.99999999999993,11.4999999999999));
#17064=DIRECTION('',(1.75308529738871E-16,-1.04083408558608E-16,1.0));
#17065=DIRECTION('',(0.866025403784439,0.5,-9.97799359746581E-17));
#17066=DIRECTION('',(1.75308529738871E-16,-1.04083408558608E-16,1.0));
#17067=CARTESIAN_POINT('',(12.4999982282103,3.99999999999993,10.5999999999999));
#17068=DIRECTION('',(1.75308529738871E-16,-1.04083408558608E-16,1.0));
#17069=DIRECTION('',(0.866025403784439,0.5,-9.97799359746581E-17));
#17070=DIRECTION('',(1.75308529738871E-16,-1.04083408558608E-16,1.0));
#17071=CARTESIAN_POINT('',(12.4999982282103,3.99999999999993,9.69999999999996));
#17072=DIRECTION('',(1.75308529738871E-16,-1.04083408558608E-16,1.0));
#17073=DIRECTION('',(0.866025403784439,0.5,-9.97799359746581E-17));
#17074=DIRECTION('',(1.75308529738871E-16,-1.04083408558608E-16,1.0));
#17075=CARTESIAN_POINT('',(12.4999982282103,3.99999999999993,10.5999999999999));
#17076=DIRECTION('',(1.75308529738871E-16,-1.04083408558608E-16,1.0));
#17077=DIRECTION('',(0.866025403784439,0.5,-9.97799359746581E-17));
#17078=DIRECTION('',(1.0,-1.22464614348825E-16,-2.36540869696239E-16));
#17079=CARTESIAN_POINT('',(12.1499982282103,3.99999999999997,-3.10000000000005));
#17080=DIRECTION('',(-1.0,1.22464614348825E-16,2.36540869696239E-16));
#17081=DIRECTION('',(2.36540869696239E-16,-1.04083408558608E-16,1.0));
#17082=DIRECTION('',(-1.0,1.22464614348825E-16,2.36540869696239E-16));
#17083=CARTESIAN_POINT('',(12.8499982282103,3.99999999999997,-3.10000000000005));
#17084=DIRECTION('',(1.0,-1.22464614348825E-16,-2.36540869696239E-16));
#17085=DIRECTION('',(-2.36540869696239E-16,1.04083408558608E-16,-1.0));
#17086=DIRECTION('',(-1.75308529738871E-16,1.04083408558608E-16,-1.0));
#17087=CARTESIAN_POINT('',(12.4999982282103,3.99999999999993,6.04999999999995));
#17088=DIRECTION('',(1.75308529738871E-16,-1.04083408558608E-16,1.0));
#17089=DIRECTION('',(1.0,-1.22464614348825E-16,-1.75308529738871E-16));
#17090=DIRECTION('',(1.0,-1.22464614348825E-16,-1.75308529738871E-16));
#17091=DIRECTION('',(-1.75308529738871E-16,1.04083408558608E-16,-1.0));
#17092=DIRECTION('',(1.0,-1.22464614348825E-16,-1.75308529738871E-16));
#17093=DIRECTION('',(-1.75308529738871E-16,1.04083408558608E-16,-1.0));
#17094=DIRECTION('',(-0.872506015949722,5.59956086886675E-17,0.48860336893184));
#17095=DIRECTION('',(1.0,-1.22464614348825E-16,-1.75308529738871E-16));
#17096=CARTESIAN_POINT('',(11.0715612822046,-7.105427357601E-14,1.79999999999995));
#17097=DIRECTION('',(-1.22464614348825E-16,-1.0,-1.04083408558608E-16));
#17098=DIRECTION('',(1.0,-1.22464614348825E-16,-1.75308529738871E-16));
#17099=DIRECTION('',(-1.75308529738871E-16,1.04083408558608E-16,-1.0));
#17100=DIRECTION('',(1.0,-1.22464614348825E-16,-1.75308529738871E-16));
#17101=CARTESIAN_POINT('',(14.6201507263252,-7.19424519957101E-14,7.04515249811494));
#17102=DIRECTION('',(-1.22464614348825E-16,-1.0,-1.04083408558608E-16));
#17103=DIRECTION('',(0.707106781186548,-1.60193643262251E-16,0.707106781186547));
#17104=DIRECTION('',(-1.75308529738871E-16,1.04083408558608E-16,-1.0));
#17105=CARTESIAN_POINT('',(13.9284351742159,-7.105427357601E-14,1.79999999999995));
#17106=DIRECTION('',(-1.22464614348825E-16,-1.0,-1.04083408558608E-16));
#17107=DIRECTION('',(1.0,-1.22464614348825E-16,-1.75308529738871E-16));
#17108=DIRECTION('',(1.0,-1.22464614348825E-16,-1.75308529738871E-16));
#17109=DIRECTION('',(-0.87250601594972,1.57706616831958E-16,-0.488603368931843));
#17110=DIRECTION('',(1.75308529738871E-16,-1.04083408558608E-16,1.0));
#17111=DIRECTION('',(1.0,-1.22464614348825E-16,-1.75308529738871E-16));
#17112=DIRECTION('',(-1.75308529738871E-16,-1.079894084383E-17,-1.0));
#17113=CARTESIAN_POINT('',(12.4999982282103,3.99999999999993,11.4999999999999));
#17114=DIRECTION('',(1.75308529738871E-16,-1.04083408558608E-16,1.0));
#17115=DIRECTION('',(0.866025403784439,0.5,-9.97799359746581E-17));
#17116=DIRECTION('',(1.0,-1.22464614348825E-16,-1.75308529738871E-16));
#17117=DIRECTION('',(-1.22464614348825E-16,-1.0,-1.04083408558608E-16));
#17118=DIRECTION('',(1.0,-1.22464614348825E-16,-1.75308529738871E-16));
#17119=DIRECTION('',(-1.22464614348825E-16,-1.0,1.1564823173179E-17));
#17120=DIRECTION('',(1.22464614348825E-16,1.0,1.04083408558608E-16));
#17121=DIRECTION('',(1.22464614348825E-16,1.0,1.04083408558608E-16));
#17122=DIRECTION('',(1.0,-1.22464614348825E-16,-1.75308529738871E-16));
#17123=DIRECTION('',(-1.22464614348825E-16,-1.0,-1.04083408558608E-16));
#17124=DIRECTION('',(-1.0,1.22464614348825E-16,1.75308529738871E-16));
#17125=DIRECTION('',(-1.22464614348825E-16,-1.0,-1.04083408558608E-16));
#17126=DIRECTION('',(-1.22464614348825E-16,-1.0,-1.04083408558608E-16));
#17127=DIRECTION('',(0.29568372807112,-0.955285890691349,-1.51265291286958E-16));
#17128=DIRECTION('',(1.22464614348825E-16,1.0,1.04083408558608E-16));
#17129=DIRECTION('',(-1.22464614348825E-16,-1.0,-1.04083408558608E-16));
#17130=DIRECTION('',(-1.0,1.22464614348825E-16,1.75308529738871E-16));
#17131=DIRECTION('',(1.22464614348825E-16,1.0,1.04083408558608E-16));
#17132=DIRECTION('',(-1.22464614348825E-16,-1.0,-1.04083408558608E-16));
#17133=DIRECTION('',(0.295683728071119,0.955285890691349,4.75935320152454E-17));
#17134=DIRECTION('',(1.22464614348825E-16,1.0,1.04083408558608E-16));
#17135=DIRECTION('',(1.22464614348825E-16,1.0,1.04083408558608E-16));
#17136=DIRECTION('',(1.0,-1.22464614348825E-16,-1.75308529738871E-16));
#17137=DIRECTION('',(1.22464614348825E-16,1.0,1.04083408558608E-16));
#17138=DIRECTION('',(1.0,-1.22464614348825E-16,-1.75308529738871E-16));
#17139=DIRECTION('',(1.75308529738871E-16,-1.04083408558608E-16,1.0));
#17140=DIRECTION('',(1.75308529738871E-16,1.079894084383E-17,1.0));
#17141=DIRECTION('',(1.98363927596651E-16,0.224951054343865,0.974370064785235));
#17142=DIRECTION('',(1.98363927596651E-16,0.224951054343865,0.974370064785235));
#17143=DIRECTION('',(1.75308529738871E-16,-1.04083408558608E-16,1.0));
#17144=DIRECTION('',(1.75308529738871E-16,-1.04083408558608E-16,1.0));
#17145=CARTESIAN_POINT('',(12.4999982282103,3.99999999999993,6.04999999999995));
#17146=DIRECTION('',(1.75308529738871E-16,-1.04083408558608E-16,1.0));
#17147=DIRECTION('',(1.0,-1.22464614348825E-16,-1.75308529738871E-16));
#17148=DIRECTION('',(1.22464614348825E-16,1.0,1.04083408558608E-16));
#17149=DIRECTION('',(-1.0,1.22464614348825E-16,2.97773209653606E-16));
#17150=DIRECTION('',(-1.22464614348825E-16,-1.0,-1.04083408558608E-16));
#17151=DIRECTION('',(-1.22464614348825E-16,-1.0,-1.04083408558608E-16));
#17152=DIRECTION('',(1.0,-1.22464614348825E-16,-1.75308529738871E-16));
#17153=CARTESIAN_POINT('',(11.2749982282103,6.49999999999993,5.24999999999998));
#17154=DIRECTION('',(-1.22464614348825E-16,-1.0,-1.04083408558608E-16));
#17155=DIRECTION('',(2.36540869696239E-16,-1.04083408558608E-16,1.0));
#17156=DIRECTION('',(1.75308529738871E-16,-1.04083408558608E-16,1.0));
#17157=DIRECTION('',(1.75308529738871E-16,-1.04083408558608E-16,1.0));
#17158=DIRECTION('',(1.22464614348825E-16,1.0,1.04083408558608E-16));
#17159=DIRECTION('',(1.75308529738872E-16,7.17156282886638E-15,1.0));
#17160=CARTESIAN_POINT('',(11.1749982282103,1.54999999999993,4.99773623330452));
#17161=DIRECTION('',(1.0,-1.22464614348825E-16,-1.14076189781503E-16));
#17162=DIRECTION('',(-1.22464614348825E-16,-1.0,-1.65315748515976E-16));
#17163=DIRECTION('',(1.630955619815E-16,0.866025403784422,0.500000000000029));
#17164=CARTESIAN_POINT('',(11.1749982282103,1.69999999999993,4.62245855833126));
#17165=DIRECTION('',(1.0,-1.22464614348825E-16,-1.14076189781503E-16));
#17166=DIRECTION('',(-1.22464614348825E-16,-1.0,-1.65315748515976E-16));
#17167=DIRECTION('',(1.14076189781502E-16,-7.90519806117681E-15,1.0));
#17168=DIRECTION('',(-1.22464614348825E-16,-1.0,-1.04083408558608E-16));
#17169=CARTESIAN_POINT('',(11.2749982282103,1.49999999999995,1.79999999999995));
#17170=DIRECTION('',(-1.22464614348825E-16,-1.0,-1.04083408558608E-16));
#17171=DIRECTION('',(2.36540869696239E-16,-1.04083408558608E-16,1.0));
#17172=DIRECTION('',(-1.22464614348825E-16,-1.0,-1.04083408558608E-16));
#17173=CARTESIAN_POINT('',(11.2749982282103,6.49999999999995,1.79999999999995));
#17174=DIRECTION('',(-1.22464614348825E-16,-1.0,-1.04083408558608E-16));
#17175=DIRECTION('',(-0.762613598851679,1.60719981744858E-16,-0.646854310371733));
#17176=DIRECTION('',(-1.75308529738871E-16,1.04083408558608E-16,-1.0));
#17177=DIRECTION('',(-1.78794243746285E-16,-0.826807296245544,-0.562485284140957));
#17178=CARTESIAN_POINT('',(11.3999982282103,3.97713350653413,4.39967313539752));
#17179=DIRECTION('',(1.0,-1.22464614348825E-16,-1.75308529738871E-16));
#17180=DIRECTION('',(1.22464614348825E-16,1.0,1.04083408558608E-16));
#17181=DIRECTION('',(2.77774720734914E-17,-0.738451650350647,0.674306428928574));
#17182=CARTESIAN_POINT('',(11.3999982282103,1.69999999999997,5.39565677580973));
#17183=DIRECTION('',(1.0,-1.22464614348825E-16,-1.75308529738871E-16));
#17184=DIRECTION('',(1.22464614348825E-16,1.0,1.04083408558608E-16));
#17185=DIRECTION('',(-1.75308529738874E-16,-2.78100954963024E-14,-1.0));
#17186=CARTESIAN_POINT('',(11.3999982282103,1.69999999999999,6.04999999999995));
#17187=DIRECTION('',(1.0,-1.22464614348825E-16,-1.75308529738871E-16));
#17188=DIRECTION('',(1.22464614348825E-16,1.0,1.04083408558608E-16));
#17189=DIRECTION('',(-1.22464614348825E-16,-1.0,-1.04083408558608E-16));
#17190=DIRECTION('',(1.75308529738871E-16,-1.04083408558608E-16,1.0));
#17191=DIRECTION('',(-1.22464614348825E-16,-1.0,-1.04083408558608E-16));
#17192=DIRECTION('',(1.75308529738871E-16,-1.04083408558608E-16,1.0));
#17193=DIRECTION('',(1.22464614348826E-16,1.0,7.20951076615961E-15));
#17194=DIRECTION('',(-1.75308529738871E-16,1.04083408558608E-16,-1.0));
#17195=DIRECTION('',(-1.75308529738871E-16,1.04083408558608E-16,-1.0));
#17196=DIRECTION('',(1.22464614348826E-16,1.0,7.20951076615961E-15));
#17197=DIRECTION('',(-1.0,1.22464614348825E-16,1.75308529738871E-16));
#17198=DIRECTION('',(-1.0,1.22464614348825E-16,1.75308529738871E-16));
#17199=DIRECTION('',(-2.77774720734914E-17,0.738451650350647,-0.674306428928574));
#17200=DIRECTION('',(-1.0,1.22464614348825E-16,1.75308529738871E-16));
#17201=DIRECTION('',(-1.0,1.22464614348825E-16,1.75308529738871E-16));
#17202=DIRECTION('',(1.78794243746285E-16,0.826807296245544,0.562485284140957));
#17203=CARTESIAN_POINT('',(13.5999982282103,3.97713350653413,4.39967313539752));
#17204=DIRECTION('',(1.0,-1.22464614348825E-16,-1.75308529738871E-16));
#17205=DIRECTION('',(1.22464614348825E-16,1.0,1.04083408558608E-16));
#17206=DIRECTION('',(-1.0,1.22464614348825E-16,1.75308529738871E-16));
#17207=DIRECTION('',(1.75308529738871E-16,-1.04083408558608E-16,1.0));
#17208=DIRECTION('',(1.0,-1.22464614348825E-16,-1.75308529738871E-16));
#17209=DIRECTION('',(-1.75308529738871E-16,1.04083408558608E-16,-1.0));
#17210=DIRECTION('',(-1.22464614348825E-16,-1.0,-1.04083408558608E-16));
#17211=DIRECTION('',(-1.0,1.22464614348825E-16,1.75308529738871E-16));
#17212=DIRECTION('',(1.22464614348825E-16,1.0,1.04083408558608E-16));
#17213=DIRECTION('',(1.22464614348825E-16,1.0,1.04083408558608E-16));
#17214=DIRECTION('',(-1.75308529738871E-16,1.04083408558608E-16,-1.0));
#17215=DIRECTION('',(-1.22464614348825E-16,-1.0,-1.04083408558608E-16));
#17216=DIRECTION('',(1.0,-1.22464614348825E-16,-1.75308529738871E-16));
#17217=DIRECTION('',(1.0,-1.22464614348825E-16,-1.75308529738871E-16));
#17218=CARTESIAN_POINT('',(13.7249982282103,6.49999999999995,1.79999999999992));
#17219=DIRECTION('',(1.22464614348825E-16,1.0,1.04083408558608E-16));
#17220=DIRECTION('',(1.0,-1.22464614348858E-16,3.12846352074872E-13));
#17221=DIRECTION('',(2.36540869696239E-16,-1.04083408558608E-16,1.0));
#17222=DIRECTION('',(-1.0,-6.98296274325218E-15,1.7530852973887E-16));
#17223=DIRECTION('',(1.75308529738871E-16,-1.04083408558608E-16,1.0));
#17224=DIRECTION('',(-1.0,-6.98296274325218E-15,1.7530852973887E-16));
#17225=CARTESIAN_POINT('',(11.2749982282103,6.49999999999995,5.25000000000003));
#17226=DIRECTION('',(1.22464614348825E-16,1.0,1.04083408558608E-16));
#17227=DIRECTION('',(-0.646854310372035,-1.58659122016652E-19,0.762613598851423));
#17228=DIRECTION('',(1.75308529738871E-16,-1.04083408558608E-16,1.0));
#17229=DIRECTION('',(1.0,-1.22464614348825E-16,-1.75308529738871E-16));
#17230=DIRECTION('',(1.22464614348825E-16,1.0,1.04083408558608E-16));
#17231=DIRECTION('',(1.0,-1.22464614348825E-16,-1.14076189781503E-16));
#17232=DIRECTION('',(1.75308529738871E-16,-1.04083408558608E-16,1.0));
#17233=CARTESIAN_POINT('',(11.2749982282103,1.49999999999995,1.79999999999995));
#17234=DIRECTION('',(-1.22464614348825E-16,-1.0,-1.04083408558608E-16));
#17235=DIRECTION('',(-1.75308529738871E-16,1.04083408558608E-16,-1.0));
#17236=DIRECTION('',(1.0,-1.22464614348825E-16,-1.75308529738871E-16));
#17237=CARTESIAN_POINT('',(13.7249982282103,1.49999999999995,1.79999999999995));
#17238=DIRECTION('',(-1.22464614348825E-16,-1.0,-1.04083408558608E-16));
#17239=DIRECTION('',(-1.75308529738871E-16,1.04083408558608E-16,-1.0));
#17240=DIRECTION('',(-1.75308529738871E-16,1.04083408558608E-16,-1.0));
#17241=CARTESIAN_POINT('',(13.7249982282103,1.49999999999995,6.14999999999998));
#17242=DIRECTION('',(1.22464614348825E-16,1.0,1.04083408558608E-16));
#17243=DIRECTION('',(1.0,-1.22464614348825E-16,-2.36540869696239E-16));
#17244=DIRECTION('',(1.0,-1.22464614348825E-16,-1.75308529738871E-16));
#17245=DIRECTION('',(1.75308529738871E-16,-1.04083408558608E-16,1.0));
#17246=DIRECTION('',(-1.0,1.22464614348825E-16,2.97773209653606E-16));
#17247=CARTESIAN_POINT('',(13.7249982282103,1.49999999999995,6.14999999999998));
#17248=DIRECTION('',(1.22464614348825E-16,1.0,1.04083408558608E-16));
#17249=DIRECTION('',(-2.36540869696239E-16,1.04083408558608E-16,-1.0));
#17250=DIRECTION('',(-2.36540869696239E-16,1.04083408558608E-16,-1.0));
#17251=CARTESIAN_POINT('',(13.7249982282103,1.49999999999995,1.79999999999995));
#17252=DIRECTION('',(1.22464614348825E-16,1.0,1.04083408558608E-16));
#17253=DIRECTION('',(-2.36540869696239E-16,1.04083408558608E-16,-1.0));
#17254=DIRECTION('',(2.10602293038722E-16,-1.0,-1.04083408558608E-16));
#17255=DIRECTION('',(-1.75308529738871E-16,1.04083408558608E-16,-1.0));
#17256=DIRECTION('',(-2.10602293038722E-16,1.0,1.04083408558608E-16));
#17257=DIRECTION('',(-1.75308529738871E-16,1.04083408558608E-16,-1.0));
#17258=DIRECTION('',(-1.75308529738871E-16,1.04083408558608E-16,-1.0));
#17259=DIRECTION('',(-1.75308529738871E-16,1.04083408558608E-16,-1.0));
#17260=DIRECTION('',(-0.295683728071119,-0.955285890691349,-4.75935320152454E-17));
#17261=DIRECTION('',(0.295683728071119,0.955285890691349,4.75935320152454E-17));
#17262=CARTESIAN_POINT('',(12.8499982282103,3.99999999999997,-3.10000000000005));
#17263=DIRECTION('',(1.0,-1.22464614348825E-16,-2.36540869696239E-16));
#17264=DIRECTION('',(-2.36540869696239E-16,1.04083408558608E-16,-1.0));
#17265=DIRECTION('',(-1.0,1.22464614348825E-16,2.36540869696239E-16));
#17266=CARTESIAN_POINT('',(12.1499982282103,3.99999999999997,-3.10000000000005));
#17267=DIRECTION('',(-1.0,1.22464614348825E-16,2.36540869696239E-16));
#17268=DIRECTION('',(2.36540869696239E-16,-1.04083408558608E-16,1.0));
#17269=DIRECTION('',(-2.36540869696239E-16,1.04083408558608E-16,-1.0));
#17270=DIRECTION('',(-1.75308529738871E-16,1.04083408558608E-16,-1.0));
#17271=DIRECTION('',(2.36540869696239E-16,-1.04083408558608E-16,1.0));
#17272=DIRECTION('',(1.0,-1.22464614348825E-16,-1.75308529738871E-16));
#17273=DIRECTION('',(1.0,-1.22464614348825E-16,-1.75308529738871E-16));
#17274=DIRECTION('',(1.75308529738871E-16,-1.04083408558608E-16,1.0));
#17275=CARTESIAN_POINT('',(12.4999982282103,3.99999999999993,10.5999999999999));
#17276=DIRECTION('',(1.75308529738871E-16,-1.04083408558608E-16,1.0));
#17277=DIRECTION('',(0.866025403784439,0.5,-9.97799359746581E-17));
#17278=CARTESIAN_POINT('',(12.4999982282103,3.99999999999993,9.69999999999996));
#17279=DIRECTION('',(1.75308529738871E-16,-1.04083408558608E-16,1.0));
#17280=DIRECTION('',(0.866025403784439,0.5,-9.97799359746581E-17));
#17281=DIRECTION('',(-1.0,1.22464614348825E-16,1.75308529738871E-16));
#17282=DIRECTION('',(1.75308529738871E-16,-1.04083408558608E-16,1.0));
#17283=DIRECTION('',(-1.0,1.22464614348825E-16,1.75308529738871E-16));
#17284=CARTESIAN_POINT('',(12.4999982282103,3.99999999999993,10.5999999999999));
#17285=DIRECTION('',(1.75308529738871E-16,-1.04083408558608E-16,1.0));
#17286=DIRECTION('',(0.866025403784439,0.5,-9.97799359746581E-17));
#17287=DIRECTION('',(1.75308529738871E-16,-1.04083408558608E-16,1.0));
#17288=DIRECTION('',(1.22464614348825E-16,1.0,1.04083408558608E-16));
#17289=DIRECTION('',(1.0,-1.22464614348825E-16,-1.75308529738871E-16));
#17290=DIRECTION('',(1.0,-1.22464614348825E-16,-1.75308529738871E-16));
#17291=DIRECTION('',(-0.872506015949722,5.59956086886675E-17,0.48860336893184));
#17292=DIRECTION('',(-1.0,1.22464614348825E-16,1.75308529738871E-16));
#17293=DIRECTION('',(-1.75308529738871E-16,1.04083408558608E-16,-1.0));
#17294=DIRECTION('',(1.22464614348825E-16,1.0,1.04083408558608E-16));
#17295=DIRECTION('',(-1.22464614348825E-16,-1.0,-1.04083408558608E-16));
#17296=DIRECTION('',(-1.75308529738871E-16,1.04083408558608E-16,-1.0));
#17297=DIRECTION('',(-1.0,1.22464614348825E-16,1.75308529738871E-16));
#17298=DIRECTION('',(-1.0,4.69708633299439E-16,1.75308529738871E-16));
#17299=DIRECTION('',(-2.36540869696239E-16,1.04083408558608E-16,-1.0));
#17300=DIRECTION('',(1.75308529738871E-16,-1.04083408558608E-16,1.0));
#17301=DIRECTION('',(1.0,-1.22464614348825E-16,-1.75308529738871E-16));
#17302=DIRECTION('',(-1.75308529738871E-16,1.04083408558608E-16,-1.0));
#17303=DIRECTION('',(-1.0,-2.24779404601789E-16,1.75308529738871E-16));
#17304=DIRECTION('',(-2.36540869696239E-16,1.04083408558608E-16,-1.0));
#17305=DIRECTION('',(-1.22464614348825E-16,-1.0,-1.04083408558608E-16));
#17306=DIRECTION('',(-1.22464614348825E-16,-1.0,-1.04083408558608E-16));
#17307=DIRECTION('',(-1.22464614348825E-16,-1.0,-1.04083408558608E-16));
#17308=DIRECTION('',(0.342020143325669,0.939692620785908,3.78473625012678E-17));
#17309=DIRECTION('',(1.22464614348825E-16,1.0,1.04083408558608E-16));
#17310=DIRECTION('',(-1.22464614348825E-16,-1.0,-1.04083408558608E-16));
#17311=DIRECTION('',(-1.22464614348825E-16,-1.0,-1.04083408558608E-16));
#17312=DIRECTION('',(1.0,-1.22464614348825E-16,-1.75308529738871E-16));
#17313=DIRECTION('',(1.22464614348825E-16,1.0,1.04083408558608E-16));
#17314=DIRECTION('',(1.22464614348825E-16,1.0,1.04083408558608E-16));
#17315=DIRECTION('',(-1.22464614348825E-16,-1.0,-1.04083408558608E-16));
#17316=DIRECTION('',(-0.87250601594972,1.57706616831958E-16,-0.488603368931843));
#17317=DIRECTION('',(-1.22464614348825E-16,-1.0,-1.04083408558608E-16));
#17318=DIRECTION('',(-1.22464614348825E-16,-1.0,-1.04083408558608E-16));
#17319=DIRECTION('',(0.342020143325669,-0.939692620785908,-1.5776545943627E-16));
#17320=CARTESIAN_POINT('',(13.7249982282103,0.558938415433159,1.79999999999995));
#17321=DIRECTION('',(0.17364817766693,-0.984807753012208,-1.32944154427078E-16));
#17322=DIRECTION('',(-0.984807753012208,-0.17364817766693,1.54571305034447E-16));
#17323=DIRECTION('',(-1.22464614348825E-16,-1.0,-1.04083408558608E-16));
#17324=DIRECTION('',(1.22464614348826E-16,1.0,7.20951076615961E-15));
#17325=DIRECTION('',(-1.75308529738871E-16,1.04083408558608E-16,-1.0));
#17326=DIRECTION('',(-1.75308529738871E-16,1.04083408558608E-16,-1.0));
#17327=DIRECTION('',(1.22464614348826E-16,1.0,7.20951076615961E-15));
#17328=DIRECTION('',(1.75308529738871E-16,-1.04083408558608E-16,1.0));
#17329=DIRECTION('',(-1.22464614348825E-16,-1.0,-1.04083408558608E-16));
#17330=DIRECTION('',(-1.75308529738871E-16,1.04083408558608E-16,-1.0));
#17331=DIRECTION('',(1.22464614348825E-16,1.0,1.04083408558608E-16));
#17332=CARTESIAN_POINT('',(13.5999982282103,1.69999999999999,6.04999999999995));
#17333=DIRECTION('',(1.0,-1.22464614348825E-16,-1.75308529738871E-16));
#17334=DIRECTION('',(1.22464614348825E-16,1.0,1.04083408558608E-16));
#17335=DIRECTION('',(1.75308529738874E-16,2.78100954963024E-14,1.0));
#17336=CARTESIAN_POINT('',(13.5999982282103,1.69999999999997,5.39565677580973));
#17337=DIRECTION('',(1.0,-1.22464614348825E-16,-1.75308529738871E-16));
#17338=DIRECTION('',(1.22464614348825E-16,1.0,1.04083408558608E-16));
#17339=DIRECTION('',(1.0,-1.22464614348825E-16,-1.75308529738871E-16));
#17340=DIRECTION('',(2.36540869696239E-16,-1.04083408558608E-16,1.0));
#17341=CARTESIAN_POINT('',(13.7249982282103,2.29999999999995,6.14999999999998));
#17342=DIRECTION('',(1.22464614348825E-16,1.0,1.04083408558608E-16));
#17343=DIRECTION('',(-2.36540869696239E-16,1.04083408558608E-16,-1.0));
#17344=DIRECTION('',(-1.0,1.22464614348825E-16,2.97773209653606E-16));
#17345=DIRECTION('',(-1.0,1.22464614348825E-16,1.75308529738871E-16));
#17346=DIRECTION('',(1.0,-1.22464614348825E-16,-2.36540869696239E-16));
#17347=DIRECTION('',(1.22464614348825E-16,1.0,1.04083408558608E-16));
#17348=DIRECTION('',(-1.22464614348825E-16,-1.0,-1.04083408558608E-16));
#17349=DIRECTION('',(-1.22464614348825E-16,-1.0,-1.04083408558608E-16));
#17350=DIRECTION('',(-1.0,1.22464614348825E-16,1.75308529738871E-16));
#17351=DIRECTION('',(1.22464614348827E-16,1.0,7.20951076615962E-15));
#17352=DIRECTION('',(-1.0,1.22464614348825E-16,1.75308529738871E-16));
#17353=DIRECTION('',(2.36540869696238E-16,-7.20951076615961E-15,1.0));
#17354=DIRECTION('',(1.22464614348825E-16,1.0,1.04083408558608E-16));
#17355=DIRECTION('',(-1.22464614348827E-16,-1.0,-7.20951076615962E-15));
#17356=DIRECTION('',(-1.93711731960185E-16,-0.866025403784422,-0.500000000000029));
#17357=DIRECTION('',(1.0,-1.22464614348825E-16,-1.14076189781503E-16));
#17358=DIRECTION('',(1.0,-1.22464614348825E-16,-1.14076189781503E-16));
#17359=CARTESIAN_POINT('',(12.4999982282103,3.99999999999992,5.34999999999997));
#17360=DIRECTION('',(-1.75308529738871E-16,1.04083408558608E-16,-1.0));
#17361=DIRECTION('',(1.22464614348825E-16,1.0,1.04083408558608E-16));
#17362=CARTESIAN_POINT('',(12.4999982282103,3.99999999999992,4.9712592026968));
#17363=DIRECTION('',(-1.75308529738871E-16,1.04083408558608E-16,-1.0));
#17364=DIRECTION('',(1.22464614348825E-16,1.0,1.04083408558608E-16));
#17365=DIRECTION('',(-1.75308529738871E-16,1.04083408558608E-16,-1.0));
#17366=DIRECTION('',(1.22464614348825E-16,1.0,1.04083408558608E-16));
#17367=DIRECTION('',(-1.75308529738871E-16,1.04083408558608E-16,-1.0));
#17368=DIRECTION('',(-2.78699587665231E-15,-1.0,-1.04083408558608E-16));
#17369=CARTESIAN_POINT('',(13.7249982282103,6.49999999999995,6.14999999999998));
#17370=DIRECTION('',(-2.7869998734492E-15,-1.0,-1.04083408558607E-16));
#17371=DIRECTION('',(-1.0,2.7869998734492E-15,2.36540869696239E-16));
#17372=CARTESIAN_POINT('',(14.3749982282103,6.49999999999995,6.79999999999998));
#17373=DIRECTION('',(1.22464614348825E-16,1.0,1.04083408558608E-16));
#17374=DIRECTION('',(1.75308529738871E-16,-1.04083408558608E-16,1.0));
#17375=DIRECTION('',(-1.0,1.22464614348825E-16,1.75308529738871E-16));
#17376=DIRECTION('',(-2.78699587665231E-15,-1.0,-1.04083408558608E-16));
#17377=DIRECTION('',(-2.78699587665231E-15,-1.0,-1.04083408558608E-16));
#17378=DIRECTION('',(0.323615577118185,-0.889126490715988,0.323615577118185));
#17379=CARTESIAN_POINT('',(14.3749982282103,0.673550952893657,6.79999999999998));
#17380=DIRECTION('',(-0.16648836992716,0.971886436451293,-0.16648836992716));
#17381=DIRECTION('',(-0.687227489757938,-0.235450110728379,-0.687227489757938));
#17382=DIRECTION('',(0.323615577118185,-0.889126490715988,0.323615577118185));
#17383=DIRECTION('',(1.22464614348825E-16,1.0,1.04083408558608E-16));
#17384=CARTESIAN_POINT('',(14.3749982282103,1.11212161291812,6.79999999999998));
#17385=DIRECTION('',(-0.939692620785908,-0.342020143325669,1.29137509443405E-16));
#17386=DIRECTION('',(-0.342020143325669,0.939692620785908,1.5776545943627E-16));
#17387=CARTESIAN_POINT('',(14.3749982282103,1.11212161291812,6.79999999999998));
#17388=DIRECTION('',(-2.06621496708352E-16,-0.342020143325669,-0.939692620785908));
#17389=DIRECTION('',(5.5120045943482E-17,0.939692620785908,-0.342020143325669));
#17390=DIRECTION('',(0.342020143325669,-0.939692620785908,-1.5776545943627E-16));
#17391=CARTESIAN_POINT('',(12.4999982282103,3.99999999999992,4.9712592026968));
#17392=DIRECTION('',(-1.75308529738871E-16,1.04083408558608E-16,-1.0));
#17393=DIRECTION('',(1.22464614348825E-16,1.0,1.04083408558608E-16));
#17394=CARTESIAN_POINT('',(12.4999982282103,3.99999999999992,5.34999999999997));
#17395=DIRECTION('',(-1.75308529738871E-16,1.04083408558608E-16,-1.0));
#17396=DIRECTION('',(1.22464614348825E-16,1.0,1.04083408558608E-16));
#17397=CARTESIAN_POINT('',(12.4999982282103,3.99999999999992,5.34999999999997));
#17398=DIRECTION('',(-1.75308529738871E-16,1.04083408558608E-16,-1.0));
#17399=DIRECTION('',(1.22464614348825E-16,1.0,1.04083408558608E-16));
#17400=DIRECTION('',(-1.0,1.22464614348825E-16,1.75308529738871E-16));
#17401=DIRECTION('',(2.36540869696239E-16,-1.04083408558608E-16,1.0));
#17402=DIRECTION('',(1.22464614348825E-16,1.0,1.04083408558608E-16));
#17403=DIRECTION('',(-1.0,1.22464614348825E-16,1.75308529738871E-16));
#17404=DIRECTION('',(4.55531521736372E-16,1.0,1.04083408558608E-16));
#17405=DIRECTION('',(-1.75308529738871E-16,1.04083408558608E-16,-1.0));
#17406=DIRECTION('',(-4.55531521736372E-16,-1.0,-1.04083408558608E-16));
#17407=DIRECTION('',(1.75308529738871E-16,-1.04083408558608E-16,1.0));
#17408=DIRECTION('',(-1.22464614348825E-16,-1.0,-1.04083408558608E-16));
#17409=DIRECTION('',(-0.29568372807112,0.955285890691349,1.51265291286958E-16));
#17410=DIRECTION('',(-1.22464614348825E-16,-1.0,-1.04083408558608E-16));
#17411=CARTESIAN_POINT('',(11.2749982282103,1.74999999999993,5.24999999999998));
#17412=DIRECTION('',(1.22464614348825E-16,1.0,1.04083408558608E-16));
#17413=DIRECTION('',(-1.0,1.22464614348825E-16,2.36540869696239E-16));
#17414=DIRECTION('',(-1.22464614348825E-16,-1.0,-3.65679708735911E-15));
#17415=DIRECTION('',(1.75308529738871E-16,-1.04083408558608E-16,1.0));
#17416=DIRECTION('',(0.29568372807112,-0.955285890691349,-1.51265291286958E-16));
#17417=DIRECTION('',(-1.0,1.22464614348825E-16,1.75308529738871E-16));
#17418=DIRECTION('',(-1.0,1.22464614348825E-16,1.75308529738871E-16));
#17419=DIRECTION('',(-1.75308529738871E-16,1.04083408558608E-16,-1.0));
#17420=DIRECTION('',(1.0,-1.22464614348825E-16,-1.14076189781503E-16));
#17421=CARTESIAN_POINT('',(11.2749982282103,1.74999999999993,5.24999999999998));
#17422=DIRECTION('',(1.22464614348825E-16,1.0,1.04083408558608E-16));
#17423=DIRECTION('',(-1.0,1.22464614348825E-16,2.36540869696239E-16));
#17424=DIRECTION('',(-1.22464614348825E-16,-1.0,-1.04083408558608E-16));
#17425=CARTESIAN_POINT('',(11.2749982282103,0.558938415433159,1.79999999999995));
#17426=DIRECTION('',(0.17364817766693,0.984807753012208,7.20601409898306E-17));
#17427=DIRECTION('',(0.984807753012208,-0.17364817766693,-1.90719093477576E-16));
#17428=DIRECTION('',(1.22464614348825E-16,1.0,1.04083408558608E-16));
#17429=DIRECTION('',(0.342020143325669,0.939692620785908,3.78473625012678E-17));
#17430=DIRECTION('',(-1.75308529738871E-16,1.04083408558608E-16,-1.0));
#17431=DIRECTION('',(0.323615577118185,0.889126490715988,-0.323615577118185));
#17432=DIRECTION('',(1.22464614348825E-16,1.0,1.04083408558608E-16));
#17433=DIRECTION('',(1.0,-1.22464614348825E-16,-1.75308529738871E-16));
#17434=DIRECTION('',(1.0,-1.22464614348825E-16,-1.75308529738871E-16));
#17435=DIRECTION('',(1.0,-1.22464614348825E-16,-1.75308529738871E-16));
#17436=CARTESIAN_POINT('',(10.4749982282103,1.69999999999993,4.62245855833126));
#17437=DIRECTION('',(1.0,-1.22464614348825E-16,-1.14076189781503E-16));
#17438=DIRECTION('',(-1.22464614348825E-16,-1.0,-1.65315748515976E-16));
#17439=CARTESIAN_POINT('',(10.4749982282103,1.54999999999993,4.99773623330452));
#17440=DIRECTION('',(1.0,-1.22464614348825E-16,-1.14076189781503E-16));
#17441=DIRECTION('',(-1.22464614348825E-16,-1.0,-1.65315748515976E-16));
#17442=DIRECTION('',(1.75308529738871E-16,-1.04083408558608E-16,1.0));
#17443=DIRECTION('',(1.22464614348825E-16,1.0,1.04083408558608E-16));
#17444=PRESENTATION_LAYER_ASSIGNMENT('','',(#438,#440,#442,#444,#446,#448,#450,#452,#454,#456,#458,#460,#462,#464,#466,#468,#470,#472,#474,#476,#478,#480,#482,#484,#486,#488,#490,#492,#494,#496,#498,#500,#502,#504,#506,#508,#510,#512,#514,#516,#518,#520,#522,#524,#526,#528,#530,#532,#534,#536,#538,#540,#542,#544,#546,#548,#550,#552,#554,#556,#558,#560,#562,#564,#566,#568,#570,#572,#574,#576,#578,#580,#582,#584,#586,#588,#590,#592,#594,#596,#598,#600,#602,#604,#606,#608,#610,#612,#614,#616,#618,#620,#622,#624,#626,#628,#630,#632,#634,#636,#638,#640,#642,#644,#646,#648,#650,#652,#654,#656,#658,#660,#662,#664,#666,#668,#670,#672,#674,#676,#678,#680,#682,#684,#686,#688,#690,#692,#694,#696,#698,#700,#702,#704,#706,#708,#710,#712,#714,#716,#718,#720,#722,#724,#726,#728,#730,#732,#734,#736,#738,#740,#742,#744,#746,#748,#750,#752,#754,#756,#758,#760,#762,#764,#766,#768,#770,#772,#774,#776,#778,#780,#782,#784,#786,#788,#790,#792,#794,#796,#798,#800,#802,#804,#806,#808,#810,#812,#814,#816,#818,#820,#822,#824,#826,#828,#830,#832,#834,#836,#838,#840,#842,#844,#846,#848,#850,#852,#854,#856,#858,#860,#862,#864,#866,#868,#870,#872,#874,#876,#878,#880,#882,#884,#886,#888,#890,#892,#894,#896,#898,#900,#902,#904,#906,#908,#910,#912,#914,#916,#918,#920,#922,#924,#926,#928,#930,#932,#934,#936,#938,#940,#942,#944,#946,#948,#950,#952,#954,#956,#958,#960,#962,#964,#966,#968,#970,#972,#974,#976,#978,#980,#982,#984,#986,#988,#990,#992,#994,#996,#998,#1000,#1002,#1004,#1006,#1008,#1010,#1012,#1014,#1016,#1018,#1020,#1022,#1024,#1026,#1028,#1030,#1032,#1034,#1036,#1038,#1040,#1042,#1044,#1046,#1048,#1050,#1052,#1054,#1056,#1058,#1060,#1062,#1064,#1066,#1068,#1070,#1072,#1074,#1076,#1078,#1080,#1082,#1084,#1086,#1088,#1090,#1092,#1094,#1096,#1098,#1100,#1102,#1104,#1106,#1108,#1110,#1112,#1114,#1116,#1118,#1120,#1122,#1124,#1126,#1128,#1130,#1132,#1134,#1136,#1138,#1140,#1142,#1144,#1146,#1148,#1150,#1152,#1154,#1156,#1158,#1160,#1162,#1164,#1166,#1168,#1170,#1172,#1174,#1176,#1178,#1180,#1182,#1184,#1186,#1188,#1190,#1192,#1194,#1196,#1198,#1200,#1202,#1204,#1206,#1208,#1210,#1212,#1214,#1216,#1218,#1220,#1222,#1224,#1226,#1228,#1230,#1232,#1234,#1236,#1238,#1240,#1242,#1244,#1246,#1248,#1250,#1252,#1255,#1257,#1259,#1261,#7666,#7667,#7670,#7671,#7672,#7675,#7677,#7678,#7679,#7680,#7681,#7683,#7684,#7685,#7686,#7688,#7689,#7690,#7691,#7692,#7693,#7694,#7695,#7696,#7697,#7698,#7699,#7700,#7701,#7703,#7704,#7705,#7706,#7708,#7709,#7711,#7712,#7713,#7715,#7716,#7717,#7719,#7720,#7721,#7722,#7723,#7724,#7725,#7726,#7727,#7728,#7729,#7730,#7731,#7732,#7734,#7735,#7737,#7738,#7740,#7741,#7743,#7744,#7746,#7748,#7750,#7751,#7753,#7754,#7755,#7757,#7758,#7759,#7761,#7763,#7764,#7766,#7767,#7768,#7769,#7771,#7772,#7774,#7776,#7777,#7779,#7780,#7781,#7782,#7784,#7785,#7786,#7787,#7789,#7790,#7791,#7793,#7794,#7795,#7797,#7798,#7799,#7801,#7802,#7803,#7805,#7806,#7807,#7808,#7810,#7811,#7812,#7814,#7815,#7816,#7818,#7819,#7820,#7821,#7822,#7824,#7825,#7826,#7828,#7829,#7830,#7831,#7833,#7834,#7835,#7836,#7838,#7839,#7840,#7842,#7843,#7844,#7845,#7846,#7848,#7849,#7850,#7852,#7853,#7855,#7856,#7857,#7858,#7859,#7860,#7861,#7863,#7864,#7865,#7867,#7868,#7869,#7870,#7872,#7873,#7874,#7876,#7877,#7879,#7880,#7882,#7884,#7885,#7886,#7887,#7888,#7890,#7891,#7892,#7893,#7894,#7895,#7896,#7898,#7900,#7901,#7902,#7903,#7905,#7906,#7907,#7908,#7910,#7911,#7913,#7914,#7915,#7917,#7918,#7919,#7920,#7922,#7923,#7925,#7927,#7930,#7932,#7935,#7936,#7937,#7938,#7939,#7940,#7941,#7943,#7945,#7948,#7949,#7950,#7952,#7953,#7954,#7955,#7956,#7957,#7959,#7960,#7962,#7963,#7964,#7966,#7967,#7968,#7969,#7971,#7972,#7974,#7976,#7977,#7979,#7980,#7982,#7984,#7986,#7987,#7989,#7990,#7992,#7994,#7995,#7996,#7997,#7998,#7999,#8000,#8002,#8003,#8004,#8006,#8007,#8009,#8010,#8011,#8013,#8014,#8016,#8017,#8019,#8021,#8022,#8023,#8025,#8026,#8027,#8029,#8031,#8032,#8033,#8035,#8036,#8037,#8039,#8040,#8042,#8046,#8052,#8053,#8056,#8057,#8058,#8061,#8063,#8064,#8065,#8066,#8067,#8069,#8070,#8071,#8072,#8073,#8074,#8075,#8076,#8077,#8078,#8079,#8080,#8081,#8082,#8083,#8084,#8085,#8087,#8088,#8089,#8090,#8091,#8093,#8094,#8095,#8096,#8098,#8099,#8100,#8102,#8103,#8105,#8106,#8107,#8108,#8109,#8110,#8111,#8112,#8114,#8115,#8116,#8117,#8118,#8119,#8120,#8121,#8122,#8123,#8124,#8125,#8126,#8127,#8128,#8130,#8131,#8132,#8134,#8135,#8137,#8138,#8140,#8141,#8143,#8144,#8146,#8147,#8149,#8150,#8152,#8153,#8154,#8155,#8156,#8157,#8158,#8159,#8160,#8161,#8162,#8164,#8165,#8166,#8168,#8169,#8171,#8172,#8174,#8175,#8176,#8178,#8180,#8181,#8183,#8185,#8188,#8189,#8190,#8191,#8192,#8193,#8194,#8195,#8196,#8197,#8198,#8200,#8201,#8202,#8203,#8204,#8205,#8207,#8208,#8209,#8211,#8212,#8213,#8214,#8216,#8217,#8219,#8220,#8222,#8223,#8224,#8226,#8227,#8228,#8230,#8231,#8232,#8234,#8235,#8236,#8237,#8238,#8239,#8240,#8242,#8243,#8244,#8246,#8247,#8248,#8249,#8250,#8251,#8252,#8253,#8254,#8255,#8256,#8258,#8260,#8261,#8262,#8263,#8264,#8265,#8266,#8267,#8268,#8269,#8270,#8271,#8272,#8274,#8275,#8276,#8277,#8279,#8280,#8281,#8282,#8284,#8285,#8287,#8288,#8289,#8291,#8293,#8294,#8296,#8297,#8298,#8299,#8300,#8302,#8303,#8305,#8307,#8308,#8309,#8311,#8312,#8313,#8315,#8316,#8317,#8319,#8320,#8321,#8322,#8323,#8324,#8325,#8327,#8328,#8329,#8331,#8332,#8333,#8334,#8335,#8337,#8338,#8339,#8341,#8342,#8343,#8345,#8346,#8348,#8349,#8351,#8352,#8354,#8355,#8356,#8358,#8359,#8361,#8362,#8364,#8366,#8369,#8373,#8374,#8376,#8378,#8380,#8381,#8383,#8388,#8390,#8391,#8393,#8394,#8395,#8397,#8398,#8399,#8400,#8402,#8405,#8406,#8408,#8411,#8412,#8413,#8415,#8417,#8419,#8421,#8423,#8426,#8428,#8429,#8438,#8440,#8441,#8442,#8443,#8444,#8447,#8448,#8449,#8452,#8453,#8455,#8456,#8457,#8458,#8459,#8460,#8461,#8462,#8463,#8464,#8465,#8466,#8467,#8468,#8469,#8470,#8471,#8473,#8474,#8475,#8476,#8477,#8479,#8480,#8481,#8483,#8484,#8485,#8486,#8487,#8488,#8489,#8490,#8491,#8492,#8493,#8494,#8496,#8497,#8498,#8499,#8501,#8502,#8504,#8505,#8507,#8508,#8510,#8511,#8513,#8514,#8515,#8516,#8517,#8519,#8520,#8522,#8523,#8524,#8525,#8526,#8527,#8528,#8529,#8531,#8532,#8533,#8535,#8536,#8537,#8538,#8539,#8540,#8541,#8542,#8543,#8544,#8545,#8546,#8547,#8548,#8549,#8550,#8552,#8553,#8554,#8556,#8557,#8558,#8560,#8562,#8563,#8564,#8565,#8567,#8568,#8569,#8571,#8572,#8574,#8575,#8577,#8578,#8579,#8580,#8581,#8582,#8583,#8584,#8586,#8587,#8589,#8590,#8591,#8592,#8593,#8594,#8595,#8596,#8597,#8598,#8599,#8600,#8601,#8603,#8604,#8605,#8606,#8608,#8609,#8610,#8611,#8613,#8614,#8615,#8617,#8618,#8620,#8622,#8623,#8624,#8626,#8628,#8629,#8631,#8632,#8634,#8637,#8638,#8640,#8642,#8643,#8644,#8645,#8647,#8648,#8649,#8651,#8652,#8653,#8654,#8655,#8656,#8657,#8658,#8660,#8662,#8664,#8665,#8667,#8668,#8670,#8671,#8672,#8674,#8675,#8676,#8677,#8678,#8680,#8682,#8683,#8686,#8687,#8688,#8689,#8690,#8691,#8692,#8693,#8694,#8695,#8696,#8697,#8699,#8700,#8701,#8702,#8704,#8705,#8706,#8707,#8709,#8711,#8712,#8714,#8715,#8717,#8718,#8721,#8722,#8723,#8725,#8727,#8730,#8731,#8732,#8733,#8735,#8736,#8737,#8739,#8740,#8741,#8743,#8744,#8745,#8747,#8748,#8749,#8751,#8753,#8754,#8755,#8756,#8759,#8760,#8762,#8764,#8766,#8767,#8768,#8770,#8771,#8773,#8776,#8777,#8778,#8780,#8782,#8785,#8786,#8787,#8788,#8789,#8791,#8792,#8794,#8796,#8797,#8798,#8800,#8802,#8805,#8807,#8809,#8810,#8811,#8812,#8824,#8826,#8827,#8828,#8829,#8830,#8833,#8834,#8835,#8838,#8839,#8841,#8842,#8843,#8844,#8845,#8846,#8847,#8848,#8849,#8850,#8851,#8852,#8853,#8854,#8855,#8856,#8857,#8859,#8860,#8861,#8862,#8863,#8865,#8866,#8867,#8869,#8870,#8871,#8872,#8873,#8874,#8875,#8876,#8877,#8878,#8879,#8880,#8882,#8883,#8884,#8885,#8887,#8888,#8890,#8891,#8893,#8894,#8896,#8897,#8899,#8900,#8901,#8902,#8903,#8905,#8906,#8908,#8909,#8910,#8911,#8912,#8913,#8914,#8915,#8917,#8918,#8919,#8921,#8922,#8923,#8924,#8925,#8926,#8927,#8928,#8929,#8930,#8931,#8932,#8933,#8934,#8935,#8936,#8938,#8939,#8940,#8942,#8943,#8944,#8946,#8948,#8949,#8950,#8951,#8953,#8954,#8955,#8957,#8958,#8960,#8961,#8963,#8964,#8965,#8966,#8967,#8968,#8969,#8970,#8972,#8973,#8975,#8976,#8977,#8978,#8979,#8980,#8981,#8982,#8983,#8984,#8985,#8986,#8987,#8989,#8990,#8991,#8992,#8994,#8995,#8996,#8997,#8999,#9000,#9001,#9003,#9004,#9006,#9008,#9009,#9010,#9012,#9014,#9015,#9017,#9018,#9020,#9023,#9024,#9026,#9028,#9029,#9030,#9031,#9033,#9034,#9035,#9037,#9038,#9039,#9040,#9041,#9042,#9043,#9044,#9046,#9048,#9050,#9051,#9053,#9054,#9056,#9057,#9058,#9060,#9061,#9062,#9063,#9064,#9066,#9068,#9069,#9072,#9073,#9074,#9075,#9076,#9077,#9078,#9079,#9080,#9081,#9082,#9083,#9085,#9086,#9087,#9088,#9090,#9091,#9092,#9093,#9095,#9097,#9098,#9100,#9101,#9103,#9104,#9107,#9108,#9109,#9111,#9113,#9116,#9117,#9118,#9119,#9121,#9122,#9123,#9125,#9126,#9127,#9129,#9130,#9131,#9133,#9134,#9135,#9137,#9139,#9140,#9141,#9142,#9145,#9146,#9148,#9150,#9152,#9153,#9154,#9156,#9157,#9159,#9162,#9163,#9164,#9166,#9168,#9171,#9172,#9173,#9174,#9175,#9177,#9178,#9180,#9182,#9183,#9184,#9186,#9188,#9191,#9193,#9195,#9196,#9197,#9198,#9212,#9219,#9221,#9225,#9232,#9234,#9236,#9238,#9242,#9243,#9245,#9247,#9251,#9252,#9254,#9256,#9258,#9260,#9262,#9264,#9266,#9268,#9270,#9272,#9274,#9276,#9280,#9281,#9283,#9285,#9292,#9294,#9298,#9300,#9306,#9308,#9310,#9312,#9314,#9316,#9318,#9320,#9322,#9324,#9326,#9330,#9334,#9338,#9342,#9353,#9355,#9360,#9366,#9370,#9371,#9373,#9375,#9384,#9388,#9389,#9391,#9393,#9397,#9398,#9400,#9402,#9406,#9408,#9412,#9414,#9418,#9419,#9424,#9426,#9430,#9431,#9433,#9435,#9439,#9441,#9445,#9447,#9451,#9452,#9454,#9457,#9461,#9463,#9467,#9468,#9470,#9472,#9476,#9477,#9479,#9481,#9485,#9487,#9491,#9493,#9496,#9500,#9502,#9509,#9510,#9512,#9514,#9516,#9519,#9523,#9524,#9529,#9530,#9532,#9534,#9538,#9540,#9544,#9548,#9554,#9556,#9559,#9563,#9565,#9567,#9569,#9572,#9578,#9579,#9582,#9586,#9588,#9593,#9601,#9603,#9605,#9609,#9623,#9624,#9627,#9630,#9632,#9641,#9643,#9647,#9648,#9650,#9652,#9654,#9656,#9660,#9664,#9666,#9670,#9672,#9677,#9683,#9694,#9698,#9704,#9705,#9708,#9710,#9712,#9714,#9718,#9720,#9724,#9728,#9729,#9734,#9738,#9744,#9746,#9750,#9752,#9759,#9763,#9765,#9784,#9791,#9793,#9797,#9804,#9806,#9808,#9810,#9814,#9815,#9817,#9819,#9821,#9823,#9825,#9827,#9829,#9831,#9833,#9835,#9837,#9839,#9841,#9843,#9845,#9850,#9851,#9853,#9855,#9859,#9860,#9862,#9864,#9868,#9870,#9874,#9878,#9879,#9881,#9883,#9885,#9887,#9889,#9891,#9895,#9896,#9898,#9900,#9902,#9904,#9906,#9908,#9910,#9913,#9915,#9917,#9919,#9921,#9925,#9927,#9931,#9935,#9939,#9943,#9947,#9951,#9955,#9956,#9958,#9960,#9963,#9965,#9967,#9969,#9972,#9976,#9977,#9982,#9986,#9990,#9997,#10006,#10007,#10010,#10012,#10014,#10016,#10018,#10020,#10022,#10024,#10028,#10029,#10031,#10033,#10035,#10037,#10041,#10042,#10048,#10050,#10054,#10061,#10063,#10067,#10068,#10073,#10074,#10079,#10080,#10083,#10085,#10087,#10089,#10093,#10095,#10099,#10101,#10104,#10106,#10108,#10111,#10113,#10115,#10121,#10122,#10125,#10127,#10129,#10131,#10134,#10136,#10139,#10141,#10145,#10146,#10148,#10150,#10154,#10156,#10164,#10166,#10172,#10176,#10178,#10180,#10182,#10191,#10193,#10197,#10199,#10203,#10205,#10209,#10210,#10212,#10214,#10216,#10219,#10223,#10224,#10229,#10230,#10234,#10238,#10240,#10244,#10249,#10253,#10254,#10261,#10269,#10289,#10303,#10305,#10309,#10311,#10325,#10327,#10353,#10360,#10362,#10364,#10366,#10373,#10375,#10382,#10386,#10387,#10389,#10391,#10393,#10395,#10397,#10399,#10401,#10403,#10405,#10407,#10409,#10411,#10413,#10415,#10417,#10422,#10423,#10425,#10427,#10431,#10433,#10437,#10439,#10442,#10444,#10446,#10448,#10450,#10452,#10454,#10456,#10460,#10461,#10463,#10465,#10478,#10482,#10483,#10485,#10488,#10492,#10496,#10497,#10499,#10501,#10503,#10505,#10507,#10509,#10513,#10515,#10519,#10520,#10522,#10524,#10526,#10528,#10530,#10532,#10534,#10536,#10538,#10540,#10542,#10544,#10546,#10548,#10552,#10554,#10558,#10560,#10566,#10567,#10569,#10571,#10575,#10577,#10581,#10585,#10589,#10591,#10593,#10595,#10598,#10603,#10607,#10609,#10611,#10613,#10615,#10617,#10619,#10621,#10623,#10625,#10627,#10629,#10633,#10634,#10636,#10638,#10642,#10644,#10649,#10651,#10660,#10662,#10668,#10672,#10679,#10685,#10686,#10688,#10690,#10694,#10696,#10700,#10704,#10706,#10708,#10710,#10718,#10725,#10727,#10731,#10734,#10736,#10742,#10747,#10749,#10751,#10753,#10755,#10757,#10759,#10761,#10763,#10765,#10767,#10771,#10773,#10775,#10779,#10787,#10791,#10799,#10800,#10810,#10812,#10814,#10818,#10820,#10824,#10826,#10830,#10832,#10836,#10844,#10846,#10851,#10859,#10861,#10865,#10872,#10874,#10883,#10886,#10891,#10898,#10925,#10932,#10934,#10936,#10938,#10945,#10947,#10954,#10958,#10959,#10961,#10963,#10965,#10967,#10969,#10971,#10973,#10975,#10977,#10979,#10981,#10983,#10985,#10987,#10989,#10994,#10995,#10997,#10999,#11003,#11005,#11009,#11011,#11014,#11016,#11018,#11020,#11022,#11024,#11026,#11028,#11032,#11033,#11035,#11037,#11050,#11054,#11055,#11057,#11060,#11064,#11068,#11069,#11071,#11073,#11075,#11077,#11079,#11081,#11085,#11087,#11091,#11092,#11094,#11096,#11098,#11100,#11102,#11104,#11106,#11108,#11110,#11112,#11114,#11116,#11118,#11120,#11124,#11126,#11130,#11132,#11138,#11139,#11141,#11143,#11147,#11149,#11153,#11157,#11161,#11163,#11165,#11167,#11170,#11175,#11179,#11181,#11183,#11185,#11187,#11189,#11191,#11193,#11195,#11197,#11199,#11201,#11205,#11206,#11208,#11210,#11214,#11216,#11221,#11223,#11232,#11234,#11240,#11244,#11251,#11257,#11258,#11260,#11262,#11266,#11268,#11272,#11276,#11278,#11280,#11282,#11290,#11297,#11299,#11303,#11306,#11308,#11314,#11319,#11321,#11323,#11325,#11327,#11329,#11331,#11333,#11335,#11337,#11339,#11343,#11345,#11347,#11351,#11359,#11363,#11371,#11372,#11382,#11384,#11386,#11390,#11392,#11396,#11398,#11402,#11404,#11408,#11416,#11418,#11423,#11431,#11433,#11437,#11444,#11446,#11455,#11458,#11463,#11470));
ENDSEC;
END-ISO-10303-21;
